address	name	type	source
00000000	ResetSP	Label	USER_DEFINED
00000004	ResetPC	Label	USER_DEFINED
00000005	ResetPC+1	Label	DEFAULT
00000006	ResetPC+2	Label	DEFAULT
00000008	BusErrVct	Label	USER_DEFINED
00000009	BusErrVct+1	Label	DEFAULT
0000000b	BusErrVct+3	Label	DEFAULT
0000000c	AddrVector	Label	USER_DEFINED
0000000d	AddrVector+1	Label	DEFAULT
0000000f	AddrVector+3	Label	DEFAULT
00000010	IlglVector	Label	USER_DEFINED
00000011	IlglVector+1	Label	DEFAULT
00000012	IlglVector+2	Label	DEFAULT
00000013	IlglVector+3	Label	DEFAULT
00000014	ZeroVector	Label	USER_DEFINED
00000015	ZeroVector+1	Label	DEFAULT
00000016	ZeroVector+2	Label	DEFAULT
00000017	ZeroVector+3	Label	DEFAULT
00000018	CheckVector	Label	USER_DEFINED
00000019	CheckVector+1	Label	DEFAULT
0000001a	CheckVector+2	Label	DEFAULT
0000001b	CheckVector+3	Label	DEFAULT
0000001c	TrapVVector	Label	USER_DEFINED
0000001d	TrapVVector+1	Label	DEFAULT
00000020	PrivlgVector	Label	USER_DEFINED
00000021	PrivlgVector+1	Label	DEFAULT
00000023	PrivlgVector+3	Label	DEFAULT
00000024	TraceVector	Label	USER_DEFINED
00000025	TraceVector+1	Label	DEFAULT
00000028	Line1010	Label	USER_DEFINED
00000029	Line1010+1	Label	DEFAULT
0000002b	Line1010+3	Label	DEFAULT
0000002c	DebugVector	Label	USER_DEFINED
0000002d	DebugVector+1	Label	DEFAULT
00000064	PTR_LAB_00000064	Label	DEFAULT
00000068	PTR_SccDecode_00000068	Label	DEFAULT
0000006c	PTR_@Exit_0000006c	Label	DEFAULT
00000075	PTR_IRQException_00000074+1	Label	DEFAULT
00000076	PTR_IRQException_00000074+2	Label	DEFAULT
00000077	PTR_IRQException_00000074+3	Label	DEFAULT
00000078	PTR_IRQException_00000078	Label	DEFAULT
0000007a	PTR_IRQException_00000078+2	Label	DEFAULT
0000007b	PTR_IRQException_00000078+3	Label	DEFAULT
0000007f	PTR_IRQException_0000007c+3	Label	DEFAULT
00000080	TRAPTBLEPTR	Label	USER_DEFINED
00000083	TRAPTBLEPTR+3	Label	DEFAULT
00000087	PTR_^DebugVector_00000084+3	Label	DEFAULT
00000089	PTR_^DebugVector_00000088+1	Label	DEFAULT
0000009b	PTR_^DebugVector_00000098+3	Label	DEFAULT
000000a5	PTR_^DebugVector_000000a4+1	Label	DEFAULT
000000ab	PTR_^DebugVector_000000a8+3	Label	DEFAULT
000000ac	PTR_^DebugVector_000000ac	Label	DEFAULT
000000ad	PTR_^DebugVector_000000ac+1	Label	DEFAULT
000000ae	PTR_^DebugVector_000000ac+2	Label	DEFAULT
000000af	PTR_^DebugVector_000000ac+3	Label	DEFAULT
000000b0	PTR_^DebugVector_000000b0	Label	DEFAULT
000000b1	PTR_^DebugVector_000000b0+1	Label	DEFAULT
000000b3	PTR_^DebugVector_000000b0+3	Label	DEFAULT
000000b4	PTR_^DebugVector_000000b4	Label	DEFAULT
000000b5	PTR_^DebugVector_000000b4+1	Label	DEFAULT
000000b6	PTR_^DebugVector_000000b4+2	Label	DEFAULT
000000b7	PTR_^DebugVector_000000b4+3	Label	DEFAULT
000000b8	PTR_^DebugVector_000000b8	Label	DEFAULT
000000c1	PTR_^DebugVector_000000c0+1	Label	DEFAULT
000000c5	PTR_^DebugVector_000000c4+1	Label	DEFAULT
000000c9	PTR_^DebugVector_000000c8+1	Label	DEFAULT
000000cd	PTR_^DebugVector_000000cc+1	Label	DEFAULT
000000d1	PTR_^DebugVector_000000d0+1	Label	DEFAULT
000000d5	PTR_^DebugVector_000000d4+1	Label	DEFAULT
000000d9	PTR_^DebugVector_000000d8+1	Label	DEFAULT
000000f1	PTR_^DebugVector_000000f0+1	Label	DEFAULT
000000f5	PTR_^DebugVector_000000f4+1	Label	DEFAULT
000000f6	PTR_^DebugVector_000000f4+2	Label	DEFAULT
00000100	MonkeyLives	Label	USER_DEFINED
00000102	ScrVRes	Label	USER_DEFINED
00000104	ScrHRes	Label	USER_DEFINED
00000106	ScreenRow	Label	USER_DEFINED
00000108	MemTop	Label	USER_DEFINED
0000010c	BufPtr	Label	USER_DEFINED
00000110	StkLowPt	Label	USER_DEFINED
00000114	HeapEnd	Label	USER_DEFINED
00000118	TheZone	Label	USER_DEFINED
0000011c	UTableBase	Label	USER_DEFINED
00000120	MacJmp	Label	USER_DEFINED
00000124	DiskRtnAdr	Label	USER_DEFINED
00000128	DAT_00000128	Label	DEFAULT
0000012c	DskVerify	Label	USER_DEFINED
0000012d	LoadTrap	Label	USER_DEFINED
0000012e	MmInOK	Label	USER_DEFINED
0000012f	CPUFlag	Label	USER_DEFINED
00000130	ApplLimit	Label	USER_DEFINED
00000134	SonyVars	Label	USER_DEFINED
00000138	PWMValue	Label	USER_DEFINED
0000013a	PollStack	Label	USER_DEFINED
0000013e	PollProc	Label	USER_DEFINED
00000142	DskErr	Label	USER_DEFINED
00000144	SysEvtMask	Label	USER_DEFINED
00000146	SysEvtBuf	Label	USER_DEFINED
0000014a	EventQueue	Label	USER_DEFINED
0000014c	Active?	Label	USER_DEFINED
00000150	DAT_00000150	Label	DEFAULT
00000154	EvtBufCnt	Label	USER_DEFINED
00000156	RndSeed	Label	USER_DEFINED
0000015a	SysVersion	Label	USER_DEFINED
0000015c	SEvtEnb	Label	USER_DEFINED
0000015d	DSWndUpdate	Label	USER_DEFINED
0000015e	FontFlag	Label	USER_DEFINED
0000015f	Filler3	Label	USER_DEFINED
00000160	VBLQueue	Label	USER_DEFINED
00000162	VBLQueue.qHead	Label	DEFAULT
0000016a	Ticks	Label	USER_DEFINED
0000016c	Ticks+2	Label	USER_DEFINED
0000016d	Ticks+3	Label	DEFAULT
0000016e	MBTicks	Label	USER_DEFINED
00000172	MBState	Label	USER_DEFINED
00000173	Tocks	Label	USER_DEFINED
00000174	KeyMapLM	Label	USER_DEFINED
00000174	KeyMapLM1	Label	USER_DEFINED
00000176	KeyMapLM+2	Label	DEFAULT
00000178	KeyMapLM2	Label	USER_DEFINED
0000017a	KeyMapLM2+2	Label	DEFAULT
0000017b	KeyMapLM2+3	Label	DEFAULT
0000017c	KeypadMap	Label	USER_DEFINED
00000180	KeyMapLM4	Label	USER_DEFINED
00000184	KeyLast	Label	USER_DEFINED
00000186	KeyTime	Label	USER_DEFINED
0000018a	KeyRepTime	Label	USER_DEFINED
0000018e	KeyThresh	Label	USER_DEFINED
00000190	KeyRepThresh	Label	USER_DEFINED
00000192	Lvl1DT	Label	USER_DEFINED
00000196	PTR_VBLInt?_00000196	Label	DEFAULT
0000019a	PTR_LAB_0000019a	Label	DEFAULT
000001a6	PTR_@done_000001a6	Label	DEFAULT
000001aa	PTR_@done_000001aa	Label	DEFAULT
000001b2	Lvl2DT	Label	USER_DEFINED
000001b6	PTR_LAB_000001b6	Label	DEFAULT
000001ba	PTR_@done_000001ba	Label	DEFAULT
000001be	PTR_@done_000001be	Label	DEFAULT
000001c2	PTR_@done_000001c2	Label	DEFAULT
000001c6	PTR_LAB_000001c6	Label	DEFAULT
000001ca	PTR_@done_000001ca	Label	DEFAULT
000001ce	PTR_@done_000001ce	Label	DEFAULT
000001d2	UnitNtryCnt	Label	USER_DEFINED
000001d4	VIA	Label	USER_DEFINED
000001d8	SCCRd	Label	USER_DEFINED
000001dc	SCCWr	Label	USER_DEFINED
000001e0	IWM	Label	USER_DEFINED
000001e4	Scratch20	Label	USER_DEFINED
000001e4	GetParam	Label	USER_DEFINED
000001e6	Scratch20+2	Label	DEFAULT
000001e8	DAT_000001e8	Label	DEFAULT
000001f8	SPValid	Label	USER_DEFINED
000001f9	SPATalkA	Label	USER_DEFINED
000001fa	SPATalkB	Label	USER_DEFINED
000001fb	SPConfig	Label	USER_DEFINED
000001fc	SPPortA	Label	USER_DEFINED
000001fe	SPPortB	Label	USER_DEFINED
00000200	SPAlarm	Label	USER_DEFINED
00000204	SPFont	Label	USER_DEFINED
00000206	SPKbd	Label	USER_DEFINED
00000207	SPPrint	Label	USER_DEFINED
00000208	SPVolCtl	Label	USER_DEFINED
00000209	SPClikCaret	Label	USER_DEFINED
0000020a	SPMisc	Label	USER_DEFINED
0000020b	SPMisc2	Label	USER_DEFINED
0000020c	Time	Label	USER_DEFINED
00000210	BootDrive	Label	USER_DEFINED
00000216	DAT_00000216	Label	DEFAULT
00000217	DAT_00000217	Label	DEFAULT
00000218	KbdLast	Label	USER_DEFINED
0000021a	JKybdTask	Label	USER_DEFINED
0000021e	KbdType	Label	USER_DEFINED
0000021f	AlarmState	Label	USER_DEFINED
00000220	MemErr	Label	USER_DEFINED
00000222	DiskVars	Label	USER_DEFINED
00000222	jFigTrkSpd	Label	USER_DEFINED
00000226	jDiskPrime	Label	USER_DEFINED
0000022a	jRdAddr	Label	USER_DEFINED
0000022e	jRdData	Label	USER_DEFINED
00000232	jWrData	Label	USER_DEFINED
00000236	jSeek	Label	USER_DEFINED
0000023a	jSetUpPoll	Label	USER_DEFINED
0000023e	jRecal	Label	USER_DEFINED
00000242	jControl	Label	USER_DEFINED
00000246	jWakeUp	Label	USER_DEFINED
0000024a	jReSeek	Label	USER_DEFINED
0000024e	jMakeSpdTbl	Label	USER_DEFINED
00000252	jAdrDisk	Label	USER_DEFINED
00000256	jSetSpeed	Label	USER_DEFINED
0000025a	niblTbl	Label	USER_DEFINED
0000025e	FlEvtMask	Label	USER_DEFINED
00000260	SdVolume	Label	USER_DEFINED
00000261	SdEnable	Label	USER_DEFINED
00000262	SoundVars	Label	USER_DEFINED
00000266	SoundBase	Label	USER_DEFINED
0000026a	SoundVBL	Label	USER_DEFINED
0000026e	DAT_0000026e	Label	DEFAULT
00000270	DAT_00000270	Label	DEFAULT
00000274	DAT_00000274	Label	DEFAULT
00000276	DAT_00000276	Label	DEFAULT
0000027a	SoundDCE	Label	USER_DEFINED
0000027e	SoundActive	Label	USER_DEFINED
0000027f	SoundLevel	Label	USER_DEFINED
00000280	CurPitch	Label	USER_DEFINED
00000282	DAT_00000282	Label	DEFAULT
00000286	SwitcherTPtr	Label	USER_DEFINED
0000028e	ROM85	Label	USER_DEFINED
00000290	PortAUse	Label	USER_DEFINED
00000291	PortBUse	Label	USER_DEFINED
0000029a	JGNEFilter	Label	USER_DEFINED
0000029e	PTR_LAB_0000029e	Label	DEFAULT
000002a2	PTR_LAB_000002a2	Label	DEFAULT
000002a6	SysZone	Label	USER_DEFINED
000002aa	ApplZone	Label	USER_DEFINED
000002ae	ROMBase	Label	USER_DEFINED
000002b2	RAMBase	Label	USER_DEFINED
000002b6	ExpandMem	Label	USER_DEFINED
000002ba	DSAlertTab	Label	USER_DEFINED
000002be	ExtStsDT	Label	USER_DEFINED
000002c2	PTR_LAB_000002c2	Label	DEFAULT
000002c6	PTR_LAB_000002c6	Label	DEFAULT
000002ca	PTR_LAB_000002ca	Label	DEFAULT
000002ce	SCCASts	Label	USER_DEFINED
000002cf	SCCBSts	Label	USER_DEFINED
000002d0	SerialVars	Label	USER_DEFINED
000002d0	PortAVars	Label	USER_DEFINED
000002d4	AInDCE	Label	USER_DEFINED
000002d8	ABusVars	Label	USER_DEFINED
000002dc	ABusDCE	Label	USER_DEFINED
000002e0	FinderName	Label	USER_DEFINED
000002f0	DoubleTime	Label	USER_DEFINED
000002f4	CaretTime	Label	USER_DEFINED
000002f9	ScrDmpType	Label	USER_DEFINED
000002fa	TagData	Label	USER_DEFINED
000002fb	TagData+1	Label	DEFAULT
000002fc	BufTgFNum	Label	USER_DEFINED
000002fd	BufTgFNum+1	Label	DEFAULT
000002fe	BufTgFNum+2	Label	DEFAULT
00000300	BufTgFFlg	Label	USER_DEFINED
00000302	BufTgFBkNum	Label	USER_DEFINED
00000304	BufTgDate	Label	USER_DEFINED
00000308	DrvQHdr	Label	USER_DEFINED
0000030a	DrvQHead	Label	USER_DEFINED
0000030e	DrvQTail	Label	USER_DEFINED
00000312	PWMBuf2	Label	USER_DEFINED
00000316	HpChk	Label	USER_DEFINED
0000031a	MaskPtr	Label	USER_DEFINED
0000031c	MaskPtr+2	Label	DEFAULT
0000031e	MinStack	Label	USER_DEFINED
00000322	DefltStack	Label	USER_DEFINED
00000326	MMDefFlags	Label	USER_DEFINED
00000328	GZRootHnd	Label	USER_DEFINED
0000032c	GZRootPtr	Label	USER_DEFINED
00000330	GZMoveHnd	Label	USER_DEFINED
00000334	DSDrawProc	Label	USER_DEFINED
00000338	EjectNotify	Label	USER_DEFINED
0000033c	IAZNotify	Label	USER_DEFINED
00000340	CurDB	Label	USER_DEFINED
00000340	FileVars	Label	USER_DEFINED
00000342	NxtDB	Label	USER_DEFINED
00000344	MaxDB	Label	USER_DEFINED
00000346	FlushOnly	Label	USER_DEFINED
00000347	RegRsrc	Label	USER_DEFINED
00000348	FLckUnlck	Label	USER_DEFINED
00000349	FrcSync	Label	USER_DEFINED
0000034a	NewMount	Label	USER_DEFINED
0000034b	NoEject	Label	USER_DEFINED
0000034c	DrMstrBlk	Label	USER_DEFINED
0000034e	FCBSPtr	Label	USER_DEFINED
00000352	DefVCBPtr	Label	USER_DEFINED
00000356	VCBQHdr	Label	USER_DEFINED
00000358	VCBQHead	Label	USER_DEFINED
0000035c	VCBQTail	Label	USER_DEFINED
00000360	FSQHdr	Label	USER_DEFINED
00000362	FSQHead	Label	USER_DEFINED
00000366	FSQTail	Label	USER_DEFINED
0000036a	RegSvArea	Label	USER_DEFINED
0000036a	HFSStkTop	Label	USER_DEFINED
0000036e	HFSStkPtr	Label	USER_DEFINED
00000372	WDCBsPtr	Label	USER_DEFINED
00000376	HFSFlags	Label	USER_DEFINED
00000377	CacheFlag	Label	USER_DEFINED
00000378	SysBMCPtr	Label	USER_DEFINED
0000037c	SysVolCPtr	Label	USER_DEFINED
00000380	SysCtlCPtr	Label	USER_DEFINED
00000384	DefVRefNum	Label	USER_DEFINED
00000386	PMSPPtr	Label	USER_DEFINED
0000038a	HFSTagData	Label	USER_DEFINED
0000038e	HFSTagData+4	Label	USER_DEFINED
00000392	HFSDSErr	Label	USER_DEFINED
00000394	CacheVars	Label	USER_DEFINED
000003a4	CacheVars_Params	Label	USER_DEFINED
000003b0	CacheVars_Params[12]	Label	DEFAULT
000003ba	CacheVars_Params[22]	Label	DEFAULT
000003bc	CacheVars_Params[24]	Label	DEFAULT
000003be	CacheVars_Params[26]	Label	DEFAULT
000003c2	CacheVars_Params[30]	Label	DEFAULT
000003c4	CacheVars_Params[32]	Label	DEFAULT
000003c8	CacheVars_Params[36]	Label	DEFAULT
000003d0	CacheVars_Params[44]	Label	DEFAULT
000003d1	CacheVars_Params[45]	Label	DEFAULT
000003d2	CacheVars_Params[46]	Label	DEFAULT
000003d6	FSTemp8	Label	USER_DEFINED
000003da	FSTemp8[1]	Label	DEFAULT
000003de	FSTemp4	Label	USER_DEFINED
000003e2	FSQueueHook	Label	USER_DEFINED
000003e6	ExtFSHook	Label	USER_DEFINED
000003ea	DskSwtchHook	Label	USER_DEFINED
000003ee	ReqstVol	Label	USER_DEFINED
000003f2	ToExtFS	Label	USER_DEFINED
000003f6	FSFCBLen	Label	USER_DEFINED
000003f8	DSAlertRect	Label	USER_DEFINED
000003fc	DSAlertRect.bottom	Label	DEFAULT
00000400	OSDispTable	Label	USER_DEFINED
00000404	PTR_LAB_00000404	Label	DEFAULT
00000408	PTR_LAB_00000408	Label	DEFAULT
0000040c	PTR_Write_0000040c	Label	DEFAULT
0000041c	PTR_LAB_0000041c	Label	DEFAULT
0000041e	PTR_LAB_0000041c+2	Label	DEFAULT
00000422	PTR_FileCreate_00000420+2	Label	DEFAULT
00000423	PTR_FileCreate_00000420+3	Label	DEFAULT
00000424	PTR_Delete_00000424	Label	DEFAULT
0000042c	PTR_LAB_0000042c	Label	DEFAULT
000004b8	PTR_BlockMove_000004b8	Label	DEFAULT
00000501	PTR_ResrvMem_00000500+1	Label	DEFAULT
0000054c	PTR_ClkNoMem_0000054c	Label	DEFAULT
00000568	jPrimeTime	Label	USER_DEFINED
00000600	PTR_Debugger_00000600	Label	DEFAULT
00000602	PTR_Debugger_00000600+2	Label	DEFAULT
00000640	SysEnvironsTrap	Label	USER_DEFINED
000006e4	jDisptch	Label	USER_DEFINED
000006e8	JIAZInit	Label	USER_DEFINED
000006ec	JIAZPostInit	Label	USER_DEFINED
000006f0	JLaunchInit	Label	USER_DEFINED
000006fc	JLg2Phys	Label	USER_DEFINED
00000700	JFlushCache	Label	USER_DEFINED
00000704	PTR_vGetBlock_00000704	Label	DEFAULT
00000708	PTR_vMarkBlock_00000708	Label	DEFAULT
0000070c	JRelBlock	Label	USER_DEFINED
00000710	PTR_vTrashBlocks_00000710	Label	DEFAULT
00000714	PTR_vTrashVBlks_00000714	Label	DEFAULT
00000718	PTR_vCacheWrIP_00000718	Label	DEFAULT
0000071c	PTR_vCacheRdIP_0000071c	Label	DEFAULT
00000720	JBasicIO	Label	USER_DEFINED
00000724	JRdBlocks	Label	USER_DEFINED
00000728	JWrBlocks	Label	USER_DEFINED
0000072c	JSetUpTags	Label	USER_DEFINED
00000730	JBTClose	Label	USER_DEFINED
00000734	PTR_vBTDelete_00000734	Label	DEFAULT
00000738	JBTFlush	Label	USER_DEFINED
0000073c	JBTGetRecord	Label	USER_DEFINED
00000740	JBTInsert	Label	USER_DEFINED
00000744	JBTOpen	Label	USER_DEFINED
00000748	JBTSearch	Label	USER_DEFINED
0000074c	JBTUpdate	Label	USER_DEFINED
00000750	JGetNode	Label	USER_DEFINED
00000754	JRelNode	Label	USER_DEFINED
00000758	JAllocNode	Label	USER_DEFINED
0000075c	JFreeNode	Label	USER_DEFINED
00000760	JExtBTFile	Label	USER_DEFINED
00000764	JDeallocFile	Label	USER_DEFINED
00000768	JExtendFile	Label	USER_DEFINED
0000076c	JTruncateFile	Label	USER_DEFINED
00000770	JCMSetUp	Label	USER_DEFINED
00000778	JDtrmV1	Label	USER_DEFINED
0000077c	JBlkAlloc	Label	USER_DEFINED
00000780	JBlkDeAlloc	Label	USER_DEFINED
00000784	JFileOpen	Label	USER_DEFINED
00000788	JPermssnChk	Label	USER_DEFINED
0000078c	JFndFilName	Label	USER_DEFINED
00000790	JRfNCall	Label	USER_DEFINED
00000794	JAdjEOF	Label	USER_DEFINED
00000798	PTR_LAB_00000798	Label	DEFAULT
0000079c	addrmp_0000079c	Label	DEFAULT
000007d4	PTR_Debugger_000007d4	Label	DEFAULT
000007e0	PTR_LAB_000007e0	Label	DEFAULT
000007e4	JSuperLoad	Label	USER_DEFINED
000007e8	JCmpFrm	Label	USER_DEFINED
000007ec	JNewMap	Label	USER_DEFINED
000007f0	JCheckLoad	Label	USER_DEFINED
000007f4	teTrimMeasure	Label	USER_DEFINED
000007f8	PTR_LAB_000007f8	Label	DEFAULT
000007fc	PTR_LAB_000007fc	Label	DEFAULT
00000800	JHideCursor	Label	USER_DEFINED
00000802	JHideCursor+2	Label	DEFAULT
00000804	JShowCursor	Label	USER_DEFINED
00000808	JShieldCursor	Label	USER_DEFINED
0000080c	JScrnAddr	Label	USER_DEFINED
00000810	JScrnSize	Label	USER_DEFINED
00000814	JInitCrsr	Label	USER_DEFINED
00000818	JSetCrsr	Label	USER_DEFINED
0000081c	JCrsrObscure	Label	USER_DEFINED
00000820	JUpdateProc	Label	USER_DEFINED
00000824	ScrnBase	Label	USER_DEFINED
00000828	MTemp	Label	USER_DEFINED
0000082a	MTemp.h	Label	DEFAULT
0000082c	RawMouse	Label	USER_DEFINED
0000082e	RawMouse+2	Label	DEFAULT
00000830	Mouse	Label	USER_DEFINED
00000832	Mouse+2	Label	DEFAULT
00000834	CrsrPin	Label	USER_DEFINED
00000838	CrsrPin.bottom	Label	DEFAULT
0000083a	CrsrPin.right	Label	DEFAULT
0000083c	CrsrRect	Label	USER_DEFINED
0000083e	CrsrRect.left	Label	DEFAULT
00000840	CrsrRect.bottom	Label	DEFAULT
00000842	CrsrRect.right	Label	DEFAULT
00000844	TheCrsr	Label	USER_DEFINED
00000848	TheCrsr.data[4]	Label	DEFAULT
00000864	TheCrsr+Mask	Label	USER_DEFINED
00000884	TheCrsr+HotSpot	Label	USER_DEFINED
00000886	TheCrsr+HotSpot+H	Label	USER_DEFINED
00000888	CrsrAddr	Label	USER_DEFINED
0000088c	CrsrSave	Label	USER_DEFINED
00000890	DWORD_ARRAY_00000890	Label	DEFAULT
000008a8	DWORD_ARRAY_00000890[6]	Label	DEFAULT
000008cc	CrsrVis	Label	USER_DEFINED
000008cd	CrsrBusy	Label	USER_DEFINED
000008ce	CrsrNew	Label	USER_DEFINED
000008cf	CrsrCouple	Label	USER_DEFINED
000008d0	CrsrState	Label	USER_DEFINED
000008d2	CrsrObscure	Label	USER_DEFINED
000008d3	CrsrScale	Label	USER_DEFINED
000008d6	MouseMask	Label	USER_DEFINED
000008da	MouseOffset	Label	USER_DEFINED
000008de	JournalFlag	Label	USER_DEFINED
000008e0	FMSwapFont	Label	USER_DEFINED
000008e4	JFontInfo	Label	USER_DEFINED
000008e8	JournalRef	Label	USER_DEFINED
000008ec	CrsrThresh	Label	USER_DEFINED
000008ee	JCrsrTask	Label	USER_DEFINED
000008f2	WWExist	Label	USER_DEFINED
000008f3	DExist	Label	USER_DEFINED
000008f4	JFetch	Label	USER_DEFINED
000008f8	JStash	Label	USER_DEFINED
000008fc	JIODone	Label	USER_DEFINED
00000900	CurApRefNum	Label	USER_DEFINED
00000902	LaunchFlag	Label	USER_DEFINED
00000903	FondState	Label	USER_DEFINED
00000904	CurrentA5	Label	USER_DEFINED
00000908	CurStackBase	Label	USER_DEFINED
0000090c	FKeepIn	Label	USER_DEFINED
0000090e	FKeepOK	Label	USER_DEFINED
00000910	CurApName	Label	USER_DEFINED
00000930	SaveSegHandle	Label	USER_DEFINED
00000934	CurJTOffset	Label	USER_DEFINED
00000936	CurPageOption	Label	USER_DEFINED
00000938	HiliteMode	Label	USER_DEFINED
0000093a	LoaderPBlock	Label	USER_DEFINED
0000093e	DAT_0000093e	Label	DEFAULT
00000940	DAT_00000940	Label	DEFAULT
00000942	DAT_00000942	Label	DEFAULT
00000944	PrintVars+iPrErr	Label	USER_DEFINED
00000946	PrintVars+bDocLoop	Label	USER_DEFINED
00000947	DAT_00000947	Label	DEFAULT
00000952	iPrRefNum	Label	USER_DEFINED
00000960	ScrapVars	Label	USER_DEFINED
00000964	ScrapHandle	Label	USER_DEFINED
00000968	ScrapCount	Label	USER_DEFINED
0000096a	ScrapState	Label	USER_DEFINED
0000096c	ScrapName	Label	USER_DEFINED
00000970	ScrapTag	Label	USER_DEFINED
00000980	RomFont0	Label	USER_DEFINED
00000984	AppFontID	Label	USER_DEFINED
00000986	SaveFondFlags	Label	USER_DEFINED
00000987	FMDefaultSize	Label	USER_DEFINED
00000988	CurFMFamily	Label	USER_DEFINED
0000098a	CurFMSize	Label	USER_DEFINED
0000098c	CurFMFace	Label	USER_DEFINED
0000098e	CurFMDevice	Label	USER_DEFINED
00000990	CurFMNumer	Label	USER_DEFINED
00000994	CurFMDenom	Label	USER_DEFINED
00000998	DAT_00000998	Label	DEFAULT
0000099a	FOutFontHandle	Label	USER_DEFINED
0000099c	FOutFontHandle+2	Label	DEFAULT
0000099e	DAT_0000099e	Label	DEFAULT
000009a0	FOutULOffset	Label	USER_DEFINED
000009a1	FOutULShadow	Label	USER_DEFINED
000009a2	DAT_000009a2	Label	DEFAULT
000009a3	DAT_000009a3	Label	DEFAULT
000009a4	DAT_000009a4	Label	DEFAULT
000009a5	DAT_000009a5	Label	DEFAULT
000009a6	DAT_000009a6	Label	DEFAULT
000009a7	DAT_000009a7	Label	DEFAULT
000009a8	DAT_000009a8	Label	DEFAULT
000009a9	DAT_000009a9	Label	DEFAULT
000009aa	DAT_000009aa	Label	DEFAULT
000009ac	DAT_000009ac	Label	DEFAULT
000009ae	DAT_000009ae	Label	DEFAULT
000009b0	DAT_000009b0	Label	DEFAULT
000009b2	DAT_000009b2	Label	DEFAULT
000009b4	DAT_000009b4	Label	DEFAULT
000009b6	DAT_000009b6	Label	DEFAULT
000009b7	DAT_000009b7	Label	DEFAULT
000009b8	DAT_000009b8	Label	DEFAULT
000009b9	DAT_000009b9	Label	DEFAULT
000009ba	DAT_000009ba	Label	DEFAULT
000009bb	DAT_000009bb	Label	DEFAULT
000009ce	ToolScratch	Label	USER_DEFINED
000009d6	WindowList	Label	USER_DEFINED
000009da	SaveUpdate	Label	USER_DEFINED
000009dc	PaintWhite	Label	USER_DEFINED
000009de	WMgrPort	Label	USER_DEFINED
000009e2	DeskPort	Label	USER_DEFINED
000009e6	OldStructure	Label	USER_DEFINED
000009ea	OldContent	Label	USER_DEFINED
000009ee	GrayRgn	Label	USER_DEFINED
000009f2	SaveVisRgn	Label	USER_DEFINED
000009f6	DragHook	Label	USER_DEFINED
000009fa	Scratch8	Label	USER_DEFINED
000009fb	Scratch8[1]	Label	DEFAULT
000009fc	Scratch8[2]	Label	DEFAULT
000009fe	Scratch8[4]	Label	DEFAULT
000009ff	Scratch8[5]	Label	DEFAULT
00000a00	Scratch8[6]	Label	DEFAULT
00000a02	OneOne	Label	USER_DEFINED
00000a06	MinusOne	Label	USER_DEFINED
00000a0a	TopMenuItem	Label	USER_DEFINED
00000a0c	AtMenuBottom	Label	USER_DEFINED
00000a0e	IconBitmap	Label	USER_DEFINED
00000a12	DAT_00000a12	Label	DEFAULT
00000a14	DAT_00000a14	Label	DEFAULT
00000a18	DAT_00000a18	Label	DEFAULT
00000a1c	MenuList	Label	USER_DEFINED
00000a20	MBarEnable	Label	USER_DEFINED
00000a22	CurDeKind	Label	USER_DEFINED
00000a24	DAT_00000a24	Label	DEFAULT
00000a26	TheMenu	Label	USER_DEFINED
00000a28	DAT_00000a28	Label	DEFAULT
00000a2c	DAT_00000a2c	Label	DEFAULT
00000a30	DAT_00000a30	Label	DEFAULT
00000a34	DAT_00000a34	Label	DEFAULT
00000a38	DAT_00000a38	Label	DEFAULT
00000a3c	DeskPattern	Label	USER_DEFINED
00000a40	DeskPattern+4	Label	USER_DEFINED
00000a44	DragFlag	Label	USER_DEFINED
00000a46	DragFlag+2	Label	DEFAULT
00000a4a	FPState	Label	USER_DEFINED
00000a4b	FPState+1	Label	DEFAULT
00000a4c	FPState+2	Label	USER_DEFINED
00000a50	TopMapHndl	Label	USER_DEFINED
00000a54	SysMapHndl	Label	USER_DEFINED
00000a58	SysMap	Label	USER_DEFINED
00000a5a	CurMap	Label	USER_DEFINED
00000a5e	ResLoad	Label	USER_DEFINED
00000a60	ResErr	Label	USER_DEFINED
00000a62	TaskLock	Label	USER_DEFINED
00000a63	FScaleDisable	Label	USER_DEFINED
00000a64	CurActivate	Label	USER_DEFINED
00000a68	CurDeactive	Label	USER_DEFINED
00000a6c	DeskHook	Label	USER_DEFINED
00000a70	TEDoText	Label	USER_DEFINED
00000a74	TERecal	Label	USER_DEFINED
00000a78	ApplScratch	Label	USER_DEFINED
00000a78	MicroSoft	Label	USER_DEFINED
00000a84	GhostWindow	Label	USER_DEFINED
00000a88	CloseOrnHook	Label	USER_DEFINED
00000a8c	RestProc	Label	USER_DEFINED
00000a90	SaveProc	Label	USER_DEFINED
00000a98	DAT_00000a98	Label	DEFAULT
00000a9a	ACount!?	Label	USER_DEFINED
00000a9c	DABeeper	Label	USER_DEFINED
00000aa0	DAStrings	Label	USER_DEFINED
00000aa4	DAStrings[1]	Label	DEFAULT
00000aa8	DAStrings[2]	Label	DEFAULT
00000aac	DAStrings[3]	Label	DEFAULT
00000ab0	teScrpLength	Label	USER_DEFINED
00000ab4	teScrpHandle	Label	USER_DEFINED
00000ab8	AppPacks	Label	USER_DEFINED
00000abc	DAT_00000abc	Label	DEFAULT
00000acc	DAT_00000acc	Label	DEFAULT
00000ad8	SysResName	Label	USER_DEFINED
00000aec	PTR_DAT_00000aec	Label	DEFAULT
00000af0	DSErrCode	Label	USER_DEFINED
00000af2	ResErrProc	Label	USER_DEFINED
00000af6	TEWdBreak	Label	USER_DEFINED
00000afa	DlgFont	Label	USER_DEFINED
00000b00	TrapAgain	Label	USER_DEFINED
00000b01	TrapAgain+1	Label	DEFAULT
00000b02	TrapAgain+2	Label	USER_DEFINED
00000b06	ROMMapHndl	Label	USER_DEFINED
00000b0a	PWMBuf1	Label	USER_DEFINED
00000b0e	BootMask	Label	USER_DEFINED
00000b10	WidthPtr	Label	USER_DEFINED
00000b14	ATalkHk1	Label	USER_DEFINED
00000b18	LAPMgrPtr	Label	USER_DEFINED
00000b22	HWCfgFlags	Label	USER_DEFINED
00000b26	DAT_00000b26	Label	DEFAULT
00000b28	DAT_00000b28	Label	DEFAULT
00000b2a	WidthTabHandle	Label	USER_DEFINED
00000b2e	SCSIDrvrs	Label	USER_DEFINED
00000b30	TimeVars	Label	USER_DEFINED
00000b34	BtDskRfn	Label	USER_DEFINED
00000b36	BootTmp8	Label	USER_DEFINED
00000b3a	BootTmp8+4	Label	USER_DEFINED
00000b3e	NTSC	Label	USER_DEFINED
00000b3f	T1Arbitrate	Label	USER_DEFINED
00000b40	JDiskSel	Label	USER_DEFINED
00000b44	JSendCmd	Label	USER_DEFINED
00000b48	^JDCDReset	Label	USER_DEFINED
00000b4c	LastSPExtra	Label	USER_DEFINED
00000b50	FileShareVars	Label	USER_DEFINED
00000b58	MBDFHndl	Label	USER_DEFINED
00000b5c	MBSaveLoc	Label	USER_DEFINED
00000b60	BNMQHdr	Label	USER_DEFINED
00000b7c	ProcessMgrGlobals	Label	USER_DEFINED
00000b80	HSCache	Label	USER_DEFINED
00000b84	HSCHandle	Label	USER_DEFINED
00000b88	DAT_00000b88	Label	DEFAULT
00000b8c	DAT_00000b8c	Label	DEFAULT
00000b90	PTR_PTR_00000b90	Label	DEFAULT
00000b94	HSCEntryCnt	Label	USER_DEFINED
00000b96	DAT_00000b96	Label	DEFAULT
00000b98	DAT_00000b98	Label	DEFAULT
00000b9a	ResOneDeep	Label	USER_DEFINED
00000b9b	DAT_00000b9b	Label	DEFAULT
00000b9c	GIRIndex	Label	USER_DEFINED
00000b9e	RomMapInsert	Label	USER_DEFINED
00000b9f	DAT_00000b9f	Label	DEFAULT
00000ba0	IntlSpec	Label	USER_DEFINED
00000ba4	RMGRPerm	Label	USER_DEFINED
00000ba5	WordRedraw	Label	USER_DEFINED
00000ba6	SysFontFam	Label	USER_DEFINED
00000ba8	DefFontSize	Label	USER_DEFINED
00000baa	MBarHeight	Label	USER_DEFINED
00000bac	TESysJust	Label	USER_DEFINED
00000bad	TESysJust+1	Label	DEFAULT
00000bae	HiHeapMark	Label	USER_DEFINED
00000bb2	SegHiEnable	Label	USER_DEFINED
00000bb3	FDevDisable	Label	USER_DEFINED
00000bc2	LastFOND	Label	USER_DEFINED
00000bc6	FONDID	Label	USER_DEFINED
00000bc8	App2Packs	Label	USER_DEFINED
00000be8	DAT_00000be8	Label	DEFAULT
00000bec	DAT_00000bec	Label	DEFAULT
00000bf4	DAT_00000bf4	Label	DEFAULT
00000bf5	DAT_00000bf5	Label	DEFAULT
00000bf6	PTR_LAB_00000bf6	Label	DEFAULT
00000bfa	PTR_LAB_00000bfa	Label	DEFAULT
00000c00	ToolTable	Label	USER_DEFINED
00000c04	addrmp_00000c04	Label	DEFAULT
00000c10	addrmp_00000c10	Label	DEFAULT
00000c16	addrmp_00000c14+2	Label	DEFAULT
00000c54	PTR_LAB_00000c54	Label	DEFAULT
00000cb2	PTR_Pack10_00000cb0+2	Label	DEFAULT
00000cb3	PTR_Pack10_00000cb0+3	Label	DEFAULT
00000cc4	PTR_Pack15_00000cc4	Label	DEFAULT
00000cc8	PTR_FlushEvents_00000cc8	Label	DEFAULT
00000cd0	PTR_LAB_00000cd0	Label	DEFAULT
00000cd4	PTR_LAB_00000cd4	Label	DEFAULT
00000cd8	PTR_GetMaskTab_00000cd8	Label	DEFAULT
00000d2c	PTR_FracDiv_00000d2c	Label	DEFAULT
00000e00	PTR_SetPt_00000e00	Label	DEFAULT
00000e08	PTR_StdText_00000e08	Label	DEFAULT
00000e10	PTR_DrawString_00000e10	Label	DEFAULT
00000e40	PTR_StdLine_00000e40	Label	DEFAULT
00000e80	PTR_StdRect_00000e80	Label	DEFAULT
00000ebc	PTR_StdRRect_00000ebc	Label	DEFAULT
00000ed8	PTR_StdOval_00000ed8	Label	DEFAULT
00000ef4	JStdArc	Label	USER_DEFINED
00000f14	PTR_LAB_00000f14	Label	DEFAULT
00000f44	JStdRgn	Label	USER_DEFINED
00000fac	JStdBits	Label	USER_DEFINED
00000fb4	JStdTxMeas	Label	USER_DEFINED
00000fb8	JStdGetPic	Label	USER_DEFINED
00000fc0	JStdPutPic	Label	USER_DEFINED
00000fc4	JStdComment	Label	USER_DEFINED
00001000	PTR_GetFNum_00001000	Label	DEFAULT
00001101	addrmp_00001100+1	Label	DEFAULT
000011b4	PTR_DrawOneControl_000011b4	Label	DEFAULT
00001200	PTR_DialogSelect_00001200	Label	DEFAULT
00001400	^SysHeap	Label	USER_DEFINED
0000140c	DAT_0000140c	Label	DEFAULT
00001410	PTR_SUB_00001410	Label	DEFAULT
00001470	^MBDFHndl	Label	USER_DEFINED
00001480	DAT_00001480	Label	DEFAULT
00001484	DAT_00001484	Label	DEFAULT
00001494	PTR_DAT_00001494	Label	DEFAULT
000014a0	DAT_000014a0	Label	DEFAULT
000014a4	DAT_000014a4	Label	DEFAULT
000014b8	DAT_000014b8	Label	DEFAULT
0000150c	^ROMMapHndl	Label	USER_DEFINED
0000153c	DAT_0000153c	Label	DEFAULT
00001558	DAT_00001558	Label	DEFAULT
00001600	DAT_00001600	Label	DEFAULT
00001640	DAT_00001640	Label	DEFAULT
000016b8	InitGDevice	Label	USER_DEFINED
000016c0	^TimeVars	Label	USER_DEFINED
000016c4	DAT_000016c4	Label	DEFAULT
000016c8	DAT_000016c8	Label	DEFAULT
000016ca	PTR_DAT_000016ca	Label	DEFAULT
000016da	^UTableBase	Label	USER_DEFINED
000016de	PTR_DAT_000016de	Label	DEFAULT
000016e2	DAT_000016e2	Label	DEFAULT
000016ea	DAT_000016ea	Label	DEFAULT
000016f6	PTR_DAT_000016f6	Label	DEFAULT
000016fa	PTR_DAT_000016fa	Label	DEFAULT
000016fe	DAT_000016fe	Label	DEFAULT
00001702	DAT_00001702	Label	DEFAULT
000017a2	PTR__DRVR_4_.Sony_000017a2	Label	DEFAULT
000017d2	^SonyVars	Label	USER_DEFINED
000017d6	^VBLQueue+qHead	Label	USER_DEFINED
000017dc	PTR_Patch35_000017dc	Label	DEFAULT
000017e4	^Drive	Label	USER_DEFINED
000017e6	^Wait	Label	USER_DEFINED
000017eb	DAT_000017eb	Label	DEFAULT
000017ec	DAT_000017ec	Label	DEFAULT
000017ee	DAT_000017ee	Label	DEFAULT
00001800	DAT_00001800	Label	DEFAULT
00001804	DAT_00001804	Label	DEFAULT
00001810	^SectTime	Label	USER_DEFINED
00001812	DAT_00001812	Label	DEFAULT
0000181f	DAT_0000181f	Label	DEFAULT
00001822	QLink	Label	USER_DEFINED
00001828	DQDrive	Label	USER_DEFINED
0000182a	DAT_0000182a	Label	DEFAULT
00001864	PTR_DAT_00001864	Label	DEFAULT
0000186a	DAT_0000186a	Label	DEFAULT
0000186c	DAT_0000186c	Label	DEFAULT
000018a2	DAT_000018a2	Label	DEFAULT
000018a6	DAT_000018a6	Label	DEFAULT
000018aa	DAT_000018aa	Label	DEFAULT
000018ae	DAT_000018ae	Label	DEFAULT
000018b2	DAT_000018b2	Label	DEFAULT
000018c6	^TagBufPtr	Label	USER_DEFINED
000018ca	^TagBufOS	Label	USER_DEFINED
000018d0	DAT_000018d0	Label	DEFAULT
000018d2	DAT_000018d2	Label	DEFAULT
000018d3	^TCInstalled	Label	USER_DEFINED
000018d4	^TCDrive	Label	USER_DEFINED
000018d8	^TCSectMap	Label	USER_DEFINED
000018dc	^TCBuffer	Label	USER_DEFINED
000018e0	DAT_000018e0	Label	DEFAULT
000018e4	PTR_LAB_000018e4	Label	DEFAULT
000018ea	DAT_000018ea	Label	DEFAULT
000018f0	DAT_000018f0	Label	DEFAULT
000018f4	DAT_000018f4	Label	DEFAULT
0000196e	DAT_0000196e	Label	DEFAULT
0000196f	DAT_0000196f	Label	DEFAULT
00001970	DAT_00001970	Label	DEFAULT
00001974	DAT_00001974	Label	DEFAULT
00001978	DAT_00001978	Label	DEFAULT
0000197c	DAT_0000197c	Label	DEFAULT
00001980	DAT_00001980	Label	DEFAULT
00001984	DAT_00001984	Label	DEFAULT
00001988	DAT_00001988	Label	DEFAULT
0000198c	DAT_0000198c	Label	DEFAULT
00001990	DAT_00001990	Label	DEFAULT
00001992	DAT_00001992	Label	DEFAULT
00001994	DAT_00001994	Label	DEFAULT
00001996	DAT_00001996	Label	DEFAULT
00001a00	DAT_00001a00	Label	DEFAULT
00001a08	BitsToPixVec???	Label	USER_DEFINED
00001a10	ColorMapVec???	Label	USER_DEFINED
00001a2c	DrawSlab	Label	USER_DEFINED
00001a84	RSectVec???	Label	USER_DEFINED
00001a88	_SeekRgnHook	Label	USER_DEFINED
00001aa0	StdDevLoop	Label	USER_DEFINED
00001aa4	TrimRectVec???	Label	USER_DEFINED
00001aa8	XorSlab	Label	USER_DEFINED
00001aea	PTR_SoundHeader_00001aea	Label	DEFAULT
00001af2	DAT_00001af2	Label	DEFAULT
00001afa	DAT_00001afa	Label	DEFAULT
00001b4e	PTR_LAB_00001b4e	Label	DEFAULT
00001b52	PTR_DAT_00001b52	Label	DEFAULT
00001b6c	SUB_00001b6c	Label	DEFAULT
00001b74	SUB_00001b74	Label	DEFAULT
00001b7e	SUB_00001b7e	Label	DEFAULT
00001b9c	LAB_00001b9c	Label	DEFAULT
00001bb4	LAB_00001bb4	Label	DEFAULT
00001bc8	LAB_00001bc8	Label	DEFAULT
00001bca	DAT_00001bca	Label	DEFAULT
00001c00	DAT_00001c00	Label	DEFAULT
00001dbe	SUB_00001dbe	Label	DEFAULT
00001e00	DAT_00001e00	Label	DEFAULT
00001ef4	LAB_00001ef4	Label	DEFAULT
00001f1a	LAB_00001f1a	Label	DEFAULT
00001f30	LAB_00001f30	Label	DEFAULT
00001f84	LAB_00001f84	Label	DEFAULT
00001faa	LAB_00001faa	Label	DEFAULT
00001fb0	LAB_00001fb0	Label	DEFAULT
00001fbc	LAB_00001fbc	Label	DEFAULT
00001fbe	LAB_00001fbe	Label	DEFAULT
00001fd2	LAB_00001fd2	Label	DEFAULT
00001fd8	LAB_00001fd8	Label	DEFAULT
00002000	LAB_00002000	Label	DEFAULT
00002010	LAB_00002010	Label	DEFAULT
00002018	LAB_00002018	Label	DEFAULT
00002040	LAB_00002040	Label	DEFAULT
00002056	LAB_00002056	Label	DEFAULT
0000205e	LAB_0000205e	Label	DEFAULT
0000207e	LAB_0000207e	Label	DEFAULT
000020ac	LAB_000020ac	Label	DEFAULT
000020c2	LAB_000020c2	Label	DEFAULT
00002100	DAT_00002100	Label	DEFAULT
00002200	LAB_00002200	Label	DEFAULT
0000222a	LAB_0000222a	Label	DEFAULT
0000224c	LAB_0000224c	Label	DEFAULT
00002252	LAB_00002252	Label	DEFAULT
00002286	LAB_00002286	Label	DEFAULT
00002298	LAB_00002298	Label	DEFAULT
0000229e	LAB_0000229e	Label	DEFAULT
000022de	LAB_000022de	Label	DEFAULT
000022ea	LAB_000022ea	Label	DEFAULT
000022f2	LAB_000022f2	Label	DEFAULT
00002304	LAB_00002304	Label	DEFAULT
00002312	LAB_00002312	Label	DEFAULT
0000232a	SUB_0000232a	Label	DEFAULT
000023b2	LAB_000023b2	Label	DEFAULT
000023bc	LAB_000023bc	Label	DEFAULT
000023cc	LAB_000023cc	Label	DEFAULT
000023dc	LAB_000023dc	Label	DEFAULT
000023ea	LAB_000023ea	Label	DEFAULT
000023f6	LAB_000023f6	Label	DEFAULT
00002402	LAB_00002402	Label	DEFAULT
0000240a	LAB_0000240a	Label	DEFAULT
0000241a	LAB_0000241a	Label	DEFAULT
00002422	LAB_00002422	Label	DEFAULT
0000245a	LAB_0000245a	Label	DEFAULT
0000246c	LAB_0000246c	Label	DEFAULT
0000246e	LAB_0000246e	Label	DEFAULT
00002506	LAB_00002506	Label	DEFAULT
00002522	LAB_00002522	Label	DEFAULT
00002568	LAB_00002568	Label	DEFAULT
00002574	LAB_00002574	Label	DEFAULT
00002594	LAB_00002594	Label	DEFAULT
000025ac	LAB_000025ac	Label	DEFAULT
000025ba	LAB_000025ba	Label	DEFAULT
000025d0	LAB_000025d0	Label	DEFAULT
000025fa	LAB_000025fa	Label	DEFAULT
0000260e	LAB_0000260e	Label	DEFAULT
00002612	LAB_00002612	Label	DEFAULT
0000262e	LAB_0000262e	Label	DEFAULT
00002646	SUB_00002646	Label	DEFAULT
0000268c	LAB_0000268c	Label	DEFAULT
00002690	LAB_00002690	Label	DEFAULT
000026a2	LAB_000026a2	Label	DEFAULT
000026b8	LAB_000026b8	Label	DEFAULT
000026d0	LAB_000026d0	Label	DEFAULT
000026d8	LAB_000026d8	Label	DEFAULT
000026fa	LAB_000026fa	Label	DEFAULT
00002760	LAB_00002760	Label	DEFAULT
00002766	SUB_00002766	Label	DEFAULT
00002782	LAB_00002782	Label	DEFAULT
00002784	LAB_00002784	Label	DEFAULT
000027ae	LAB_000027ae	Label	DEFAULT
000027cc	LAB_000027cc	Label	DEFAULT
000027dc	LAB_000027dc	Label	DEFAULT
000027de	LAB_000027de	Label	DEFAULT
000027f4	LAB_000027f4	Label	DEFAULT
00002832	LAB_00002832	Label	DEFAULT
00002848	LAB_00002848	Label	DEFAULT
00002864	LAB_00002864	Label	DEFAULT
0000286c	LAB_0000286c	Label	DEFAULT
00002874	LAB_00002874	Label	DEFAULT
0000287e	SUB_0000287e	Label	DEFAULT
00002894	LAB_00002894	Label	DEFAULT
00002898	LAB_00002898	Label	DEFAULT
000028b4	LAB_000028b4	Label	DEFAULT
000028c4	LAB_000028c4	Label	DEFAULT
000028da	LAB_000028da	Label	DEFAULT
000028de	LAB_000028de	Label	DEFAULT
00002902	LAB_00002902	Label	DEFAULT
00002920	LAB_00002920	Label	DEFAULT
0000292a	LAB_0000292a	Label	DEFAULT
00002932	LAB_00002932	Label	DEFAULT
00002944	LAB_00002944	Label	DEFAULT
0000294e	LAB_0000294e	Label	DEFAULT
00002954	LAB_00002954	Label	DEFAULT
00002972	LAB_00002972	Label	DEFAULT
00002982	LAB_00002982	Label	DEFAULT
00002986	LAB_00002986	Label	DEFAULT
00002988	LAB_00002988	Label	DEFAULT
00002992	SUB_00002992	Label	DEFAULT
000029e2	SUB_000029e2	Label	DEFAULT
00002a30	LAB_00002a30	Label	DEFAULT
00002a34	LAB_00002a34	Label	DEFAULT
00002a4c	LAB_00002a4c	Label	DEFAULT
00002a52	LAB_00002a52	Label	DEFAULT
00002a88	LAB_00002a88	Label	DEFAULT
00002a8c	LAB_00002a8c	Label	DEFAULT
00002a9e	LAB_00002a9e	Label	DEFAULT
00002ab6	LAB_00002ab6	Label	DEFAULT
00002af8	LAB_00002af8	Label	DEFAULT
00002b46	LAB_00002b46	Label	DEFAULT
00002b60	SUB_00002b60	Label	DEFAULT
00002bc8	LAB_00002bc8	Label	DEFAULT
00002bd0	LAB_00002bd0	Label	DEFAULT
00002bd2	LAB_00002bd2	Label	DEFAULT
00002bd6	SUB_00002bd6	Label	DEFAULT
00002be4	LAB_00002be4	Label	DEFAULT
00002be8	LAB_00002be8	Label	DEFAULT
00002bf0	SUB_00002bf0	Label	DEFAULT
00002bfa	SUB_00002bfa	Label	DEFAULT
00002c04	SUB_00002c04	Label	DEFAULT
00002c0e	SUB_00002c0e	Label	DEFAULT
00002c18	SUB_00002c18	Label	DEFAULT
00002c22	SUB_00002c22	Label	DEFAULT
00002c2c	SUB_00002c2c	Label	DEFAULT
00002c36	SUB_00002c36	Label	DEFAULT
00002c40	SUB_00002c40	Label	DEFAULT
00002c4a	AddDrive	Label	USER_DEFINED
00002c5c	LAB_00002c5c	Label	DEFAULT
00002c5e	LAB_00002c5e	Label	DEFAULT
00002c66	SUB_00002c66	Label	DEFAULT
00002c6c	SUB_00002c6c	Label	DEFAULT
00002c76	SUB_00002c76	Label	DEFAULT
00002c7e	SUB_00002c7e	Label	DEFAULT
00002c86	SUB_00002c86	Label	DEFAULT
00002c90	SUB_00002c90	Label	DEFAULT
00002c9a	SUB_00002c9a	Label	DEFAULT
00002ca4	SUB_00002ca4	Label	DEFAULT
00002cc4	SUB_00002cc4	Label	DEFAULT
00002cd4	LAB_00002cd4	Label	DEFAULT
00002cd6	LAB_00002cd6	Label	DEFAULT
00002cda	SUB_00002cda	Label	DEFAULT
00002d24	SUB_00002d24	Label	DEFAULT
00002e94	PTR_^VBLQueue+qTail_00002e94	Label	DEFAULT
00002ede	DAT_00002ede	Label	DEFAULT
00003030	DAT_00003030	Label	DEFAULT
00003131	DAT_00003131	Label	DEFAULT
00003238	DAT_00003238	Label	DEFAULT
00003320	DAT_00003320	Label	DEFAULT
00003334	DAT_00003334	Label	DEFAULT
00003336	DAT_00003336	Label	DEFAULT
00003338	DAT_00003338	Label	DEFAULT
00003348	DAT_00003348	Label	DEFAULT
0000350a	^FCBSPtr	Label	USER_DEFINED
0000350b	^FCBSPtr+1	Label	DEFAULT
0000350c	DAT_0000350c	Label	DEFAULT
0000350e	DAT_0000350c+2	Label	DEFAULT
00003510	DAT_00003510	Label	DEFAULT
00003516	DAT_00003516	Label	DEFAULT
0000351a	DAT_0000351a	Label	DEFAULT
0000351e	DAT_0000351e	Label	DEFAULT
00003520	PTR_^DefVCBPtr_00003520	Label	DEFAULT
00003528	DAT_00003528	Label	DEFAULT
0000352c	DAT_0000352c	Label	DEFAULT
00003530	DAT_00003530	Label	DEFAULT
00003534	PTR_LAB_00003534	Label	DEFAULT
0000356a	DAT_0000356a	Label	DEFAULT
00003c01	DAT_00003c01	Label	DEFAULT
00003f3c	DAT_00003f3c	Label	DEFAULT
00003fff	DAT_00003fff	Label	DEFAULT
00004000	DAT_00004000	Label	DEFAULT
0000400c	DAT_0000400c	Label	DEFAULT
0000400d	DAT_0000400d	Label	DEFAULT
0000400e	DAT_0000400e	Label	DEFAULT
0000401d	DAT_0000401d	Label	DEFAULT
0000401e	DAT_0000401e	Label	DEFAULT
0000403d	DAT_0000403d	Label	DEFAULT
0000403e	DAT_0000403e	Label	DEFAULT
000040ec	DAT_000040ec	Label	DEFAULT
000040ef	DAT_000040ef	Label	DEFAULT
000043ce	DAT_000043ce	Label	DEFAULT
000043d0	DAT_000043d0	Label	DEFAULT
000043d2	DAT_000043d0+2	Label	DEFAULT
000043d4	DAT_000043d4	Label	DEFAULT
000043d6	DAT_000043d4+2	Label	DEFAULT
000043d8	DAT_000043d8	Label	DEFAULT
000043da	DAT_000043d8+2	Label	DEFAULT
000043dc	PTR_DAT_000043dc	Label	DEFAULT
000043e0	PTR_^DefVCBPtr_000043e0	Label	DEFAULT
000043e4	DAT_000043e4	Label	DEFAULT
000043e8	DAT_000043e8	Label	DEFAULT
000043ec	DAT_000043ec	Label	DEFAULT
00004650	DAT_00004650	Label	DEFAULT
00004ae0	^HFSStkPtr	Label	USER_DEFINED
00004ae4	DAT_00004ae4	Label	DEFAULT
00004ae8	DAT_00004ae8	Label	DEFAULT
00004aec	DAT_00004aec	Label	DEFAULT
00004af0	PTR_PTR_00004af0	Label	DEFAULT
00004af4	DAT_00004af4	Label	DEFAULT
00004af8	DAT_00004af8	Label	DEFAULT
00004afc	DAT_00004afc	Label	DEFAULT
00004b00	DAT_00004b00	Label	DEFAULT
00004b04	DAT_00004b04	Label	DEFAULT
00004b08	DAT_00004b08	Label	DEFAULT
00004b0c	PTR_DAT_00004b0c	Label	DEFAULT
00004b10	PTR_PTR_00004b10	Label	DEFAULT
00004b14	DAT_00004b14	Label	DEFAULT
00004b58	DAT_00004b58	Label	DEFAULT
00004b78	DAT_00004b78	Label	DEFAULT
00004b7c	DAT_00004b7c	Label	DEFAULT
00004b7e	DAT_00004b7e	Label	DEFAULT
00004b80	DAT_00004b80	Label	DEFAULT
00004b82	DAT_00004b82	Label	DEFAULT
00004b86	DAT_00004b86	Label	DEFAULT
00004b8c	DAT_00004b8c	Label	DEFAULT
00004bc0	PTR_LOOP_00004bc0	Label	DEFAULT
00004bcc	PTR_LOOP_00004bcc	Label	DEFAULT
00004df0	PTR_PTR_00004df0	Label	DEFAULT
00004dfc	PTR_PTR_00004dfc	Label	DEFAULT
00004ef9	DAT_00004ef9	Label	DEFAULT
00005018	PTR_PTR_00005018	Label	DEFAULT
0000523c	PTR_PTR_0000523c	Label	DEFAULT
00005248	PTR_PTR_00005248	Label	DEFAULT
00005464	PTR_PTR_00005464	Label	DEFAULT
00005680	PTR_PTR_00005680	Label	DEFAULT
0000589c	PTR_PTR_0000589c	Label	DEFAULT
00005a4c	DAT_00005a4c	Label	DEFAULT
00005ab8	PTR_PTR_00005ab8	Label	DEFAULT
00005cd4	PTR_PTR_00005cd4	Label	DEFAULT
00005ef0	PTR_PTR_00005ef0	Label	DEFAULT
0000610c	PTR_PTR_0000610c	Label	DEFAULT
00006328	PTR_PTR_00006328	Label	DEFAULT
00006515	DAT_00006515	Label	DEFAULT
00006516	DAT_00006516	Label	DEFAULT
00006544	PTR_PTR_00006544	Label	DEFAULT
00006760	PTR_PTR_00006760	Label	DEFAULT
0000696e	DAT_0000696e	Label	DEFAULT
0000697c	PTR_PTR_0000697c	Label	DEFAULT
00006b98	PTR_PTR_00006b98	Label	DEFAULT
00006db4	PTR_PTR_00006db4	Label	DEFAULT
00006fd0	PTR_PTR_00006fd0	Label	DEFAULT
0000700b	DAT_0000700b	Label	DEFAULT
000071ec	PTR_PTR_000071ec	Label	DEFAULT
00007200	DAT_00007200	Label	DEFAULT
000072a9	DAT_000072a9	Label	DEFAULT
000072aa	DAT_000072aa	Label	DEFAULT
00007410	^DefVCBPtr	Label	USER_DEFINED
00007418	DAT_00007418	Label	DEFAULT
0000741a	DAT_0000741a	Label	DEFAULT
00007423	DAT_00007423	Label	DEFAULT
0000743a	DAT_0000743a	Label	DEFAULT
0000743c	DAT_0000743c	Label	DEFAULT
0000743e	DAT_0000743e	Label	DEFAULT
00007440	DAT_00007440	Label	DEFAULT
00007458	VCBDrvNum	Label	USER_DEFINED
0000745a	VCBDRefNum	Label	USER_DEFINED
0000745c	DAT_0000745c	Label	DEFAULT
0000745e	DAT_0000745e	Label	DEFAULT
0000756e	LAB_0000756e	Label	DEFAULT
00007570	DAT_00007570	Label	DEFAULT
00007578	PTR_DAT_00007578	Label	DEFAULT
0000757c	LAB_0000757c	Label	DEFAULT
000075a4	LAB_000075a4	Label	DEFAULT
000075c0	LAB_000075c0	Label	DEFAULT
000075e8	LAB_000075e8	Label	DEFAULT
000075ea	LAB_000075ea	Label	DEFAULT
000075ec	LAB_000075ec	Label	DEFAULT
000075ee	PTR_DAT_000075ee	Label	DEFAULT
00007642	LAB_00007642	Label	DEFAULT
00007644	DAT_00007644	Label	DEFAULT
00007650	LAB_00007650	Label	DEFAULT
0000766c	LAB_0000766c	Label	DEFAULT
00007694	LAB_00007694	Label	DEFAULT
00007696	LAB_00007696	Label	DEFAULT
000076fa	DAT_000076fa	Label	DEFAULT
000078f2	PTR_PTR_000078f2	Label	DEFAULT
000078f6	DAT_000078f6	Label	DEFAULT
000078f8	PTR_SUB_000078f8	Label	DEFAULT
00007904	PTR_DAT_00007904	Label	DEFAULT
00007908	DAT_00007908	Label	DEFAULT
0000790a	PTR_LAB_0000790a	Label	DEFAULT
0000791c	PTR_vSegStack_0000791c	Label	DEFAULT
00007920	PTR_^BufPtr_00007920	Label	DEFAULT
00007924	PTR_^BufPtr_00007924	Label	DEFAULT
0000792d	DAT_0000792d	Label	DEFAULT
0000792e	DAT_0000792e	Label	DEFAULT
0000793c	PTR_DAT_0000793c	Label	DEFAULT
00007960	DAT_00007960	Label	DEFAULT
0000797c	LAB_0000797c	Label	DEFAULT
0000799a	LAB_0000799a	Label	DEFAULT
000079a2	LAB_000079a2	Label	DEFAULT
000079fa	DAT_000079fa	Label	DEFAULT
000079fe	DAT_000079fe	Label	DEFAULT
00007a02	SUB_00007a02	Label	DEFAULT
00007a20	LAB_00007a20	Label	DEFAULT
00007a40	LAB_00007a40	Label	DEFAULT
00007a60	LAB_00007a60	Label	DEFAULT
00007a7e	LAB_00007a7e	Label	DEFAULT
00007a84	LAB_00007a84	Label	DEFAULT
00007a8c	LAB_00007a8c	Label	DEFAULT
00007ac6	LAB_00007ac6	Label	DEFAULT
00007b02	LAB_00007b02	Label	DEFAULT
00007b04	LAB_00007b04	Label	DEFAULT
00007b12	PTR_FSQueueSync_00007b12	Label	DEFAULT
00007b16	DAT_00007b16	Label	DEFAULT
00007b1a	switchD_00007b3e::switchdataD_00007b1a	Label	ANALYSIS
00007b2a	LAB_00007b2a	Label	DEFAULT
00007b30	switchD_00007b3e::caseD_8	Label	ANALYSIS
00007b34	LAB_00007b34	Label	DEFAULT
00007b3e	switchD_00007b3e::switchD	Label	ANALYSIS
00007b40	LAB_00007b40	Label	DEFAULT
00007b46	switchD_00007b3e::caseD_0	Label	ANALYSIS
00007b60	switchD_00007b3e::caseD_1	Label	ANALYSIS
00007b76	switchD_00007b3e::caseD_2	Label	ANALYSIS
00007b8a	switchD_00007b3e::caseD_3	Label	ANALYSIS
00007b9e	switchD_00007b3e::caseD_4	Label	ANALYSIS
00007bb2	switchD_00007b3e::caseD_5	Label	ANALYSIS
00007bd2	LAB_00007bd2	Label	DEFAULT
00007bdc	switchD_00007b3e::caseD_6	Label	ANALYSIS
00007bf8	LAB_00007bf8	Label	DEFAULT
00007c00	LAB_00007bfe+2	Label	DEFAULT
00007c02	switchD_00007b3e::caseD_7	Label	ANALYSIS
00007c16	LAB_00007c16	Label	DEFAULT
00007c1c	LAB_00007c1c	Label	DEFAULT
00007c2a	DAT_00007c2a	Label	DEFAULT
00007c2c	DAT_00007c2c	Label	DEFAULT
00007c48	DAT_00007c48	Label	DEFAULT
00007c66	DAT_00007c66	Label	DEFAULT
00007c6e	DAT_00007c6e	Label	DEFAULT
00007c70	PTR_DAT_00007c70	Label	DEFAULT
00007d26	^ExpandMem	Label	USER_DEFINED
00007d30	DAT_00007d30	Label	DEFAULT
00007d34	PTR_DAT_00007d34	Label	DEFAULT
00007d3e	DAT_00007d3e	Label	DEFAULT
00007d42	DAT_00007d42	Label	DEFAULT
00007d6e	DAT_00007d6e	Label	DEFAULT
00007eeb	DAT_00007eeb	Label	DEFAULT
00007eec	DAT_00007eec	Label	DEFAULT
00007ff0	DAT_00007ff0	Label	DEFAULT
00007ffe	DAT_00007ffe	Label	DEFAULT
00007fff	DAT_00007fff	Label	DEFAULT
00008000	DAT_00008000	Label	DEFAULT
00008001	DAT_00008001	Label	DEFAULT
00008002	DAT_00008002	Label	DEFAULT
00008023	DAT_00008023	Label	DEFAULT
000081f0	DAT_000081f0	Label	DEFAULT
000081f2	PTR_DAT_000081f2	Label	DEFAULT
000083b6	SUB_000083b6	Label	DEFAULT
000083c4	LAB_000083c4	Label	DEFAULT
000083ee	LAB_000083ee	Label	DEFAULT
000083f8	LAB_000083f8	Label	DEFAULT
000083fe	^JFndFilName	Label	USER_DEFINED
00008422	LAB_00008422	Label	DEFAULT
00008428	LAB_00008428	Label	DEFAULT
0000842e	LAB_0000842e	Label	DEFAULT
00008452	LAB_00008452	Label	DEFAULT
00008458	LAB_00008458	Label	DEFAULT
00008466	LAB_00008466	Label	DEFAULT
0000846c	DAT_0000846c	Label	DEFAULT
0000848a	^JGetNode	Label	USER_DEFINED
00008498	LAB_00008498	Label	DEFAULT
0000849e	DAT_0000849e	Label	DEFAULT
000084ac	vRelBlock	Label	USER_DEFINED
000084c8	LAB_000084c8	Label	DEFAULT
000084ce	LAB_000084ce	Label	DEFAULT
000084da	SUB_000084da	Label	DEFAULT
000084ea	LAB_000084ea	Label	DEFAULT
00008516	LAB_00008516	Label	DEFAULT
00008522	LAB_00008522	Label	DEFAULT
00008528	DAT_00008528	Label	DEFAULT
0000852a	^JCmpFrm	Label	USER_DEFINED
0000853a	LAB_0000853a	Label	DEFAULT
0000853c	LAB_0000853c	Label	DEFAULT
0000854a	SUB_0000854a	Label	DEFAULT
00008568	LAB_00008568	Label	DEFAULT
00008586	LAB_00008586	Label	DEFAULT
000085ba	LAB_000085ba	Label	DEFAULT
000085c0	LAB_000085c0	Label	DEFAULT
000085e6	LAB_000085e6	Label	DEFAULT
000085f0	LAB_000085f0	Label	DEFAULT
00008618	LAB_00008618	Label	DEFAULT
00008620	LAB_00008620	Label	DEFAULT
00008628	LAB_00008628	Label	DEFAULT
0000862e	LAB_0000862e	Label	DEFAULT
00008646	LAB_00008646	Label	DEFAULT
00008658	LAB_00008658	Label	DEFAULT
00008662	LAB_00008662	Label	DEFAULT
00008688	LAB_00008688	Label	DEFAULT
0000868a	SUB_0000868a	Label	DEFAULT
000086ac	LAB_000086ac	Label	DEFAULT
000086be	LAB_000086be	Label	DEFAULT
000086c2	LAB_000086c2	Label	DEFAULT
000086d2	DAT_000086d2	Label	DEFAULT
000086f6	LAB_000086f6	Label	DEFAULT
00008738	SUB_00008738	Label	DEFAULT
000087e8	LAB_000087e8	Label	DEFAULT
000087f0	DAT_000087f0	Label	DEFAULT
00008806	SUB_00008806	Label	DEFAULT
00008818	LAB_00008818	Label	DEFAULT
0000881a	DAT_0000881a	Label	DEFAULT
00008848	^JCMSetUp	Label	USER_DEFINED
00008858	LAB_00008858	Label	DEFAULT
0000887e	LAB_0000887e	Label	DEFAULT
00008888	LAB_00008888	Label	DEFAULT
00008896	LAB_00008896	Label	DEFAULT
0000891e	DAT_0000891e	Label	DEFAULT
00008922	PTR_SUB_00008922	Label	DEFAULT
00008926	SUB_00008926	Label	DEFAULT
00008938	LAB_00008938	Label	DEFAULT
0000895e	LAB_0000895e	Label	DEFAULT
00008974	LAB_00008974	Label	DEFAULT
0000897c	LAB_0000897c	Label	DEFAULT
0000898e	LAB_0000898e	Label	DEFAULT
00008994	LAB_00008994	Label	DEFAULT
000089a0	LAB_000089a0	Label	DEFAULT
000089b8	LAB_000089b8	Label	DEFAULT
000089d6	LAB_000089d6	Label	DEFAULT
000089fa	LAB_000089fa	Label	DEFAULT
00008a04	LAB_00008a04	Label	DEFAULT
00008a16	LAB_00008a16	Label	DEFAULT
00008a1c	DAT_00008a1c	Label	DEFAULT
00008a48	^JSendCmd	Label	USER_DEFINED
00008a66	LAB_00008a66	Label	DEFAULT
00008a6c	LAB_00008a6c	Label	DEFAULT
00008a7a	LAB_00008a7a	Label	DEFAULT
00008a86	LAB_00008a86	Label	DEFAULT
00008a8a	LAB_00008a8a	Label	DEFAULT
00008a8c	LAB_00008a8c	Label	DEFAULT
00008a92	LAB_00008a92	Label	DEFAULT
00008aa4	LAB_00008aa4	Label	DEFAULT
00008ab2	PMoveHHi	Label	USER_DEFINED
00008acc	LAB_00008acc	Label	DEFAULT
00008ad2	LAB_00008ad2	Label	DEFAULT
00008ade	LAB_00008ade	Label	DEFAULT
00008b20	LAB_00008b20	Label	DEFAULT
00008b2c	LAB_00008b2c	Label	DEFAULT
00008b5c	LAB_00008b5c	Label	DEFAULT
00008b66	LAB_00008b66	Label	DEFAULT
00008b74	LAB_00008b74	Label	DEFAULT
00008b7a	LAB_00008b7a	Label	DEFAULT
00008b7e	LAB_00008b7e	Label	DEFAULT
00008b84	LAB_00008b84	Label	DEFAULT
00008b98	DAT_00008b98	Label	DEFAULT
00008be2	Patch35	Label	USER_DEFINED
00008bee	LAB_00008bee	Label	DEFAULT
00008c0a	LAB_00008c0a	Label	DEFAULT
00008c14	LAB_00008c14	Label	DEFAULT
00008c38	LAB_00008c38	Label	DEFAULT
00008c40	LAB_00008c40	Label	DEFAULT
00008c46	LAB_00008c46	Label	DEFAULT
00008c48	LAB_00008c48	Label	DEFAULT
00008c4e	ResrvMem	Label	USER_DEFINED
00008c6c	LAB_00008c6c	Label	DEFAULT
00008c76	LAB_00008c76	Label	DEFAULT
00008c7c	LAB_00008c7c	Label	DEFAULT
00008c8c	LAB_00008c8c	Label	DEFAULT
00008c94	LAB_00008c94	Label	DEFAULT
00008cd2	LAB_00008cd2	Label	DEFAULT
00008cdc	LAB_00008cdc	Label	DEFAULT
00008ce2	LAB_00008ce2	Label	DEFAULT
00008cea	^JBTFlush	Label	USER_DEFINED
00008cf0	LAB_00008cf0	Label	DEFAULT
00008d08	LAB_00008d08	Label	DEFAULT
00008d6c	^JRfNCall	Label	USER_DEFINED
00008d7a	LAB_00008d7a	Label	DEFAULT
00008d80	DAT_00008d80	Label	DEFAULT
00008df4	LAB_00008df4	Label	DEFAULT
00008e1e	LAB_00008e1e	Label	DEFAULT
00008e34	LAB_00008e34	Label	DEFAULT
00008e5e	LAB_00008e5e	Label	DEFAULT
00008e6e	LAB_00008e6e	Label	DEFAULT
00008e74	LAB_00008e74	Label	DEFAULT
00008e94	LAB_00008e94	Label	DEFAULT
00008eca	LAB_00008eca	Label	DEFAULT
00008ece	LAB_00008ece	Label	DEFAULT
00008ef2	switchD_00008ef2::switchD	Label	ANALYSIS
00008ef6	switchD_00008ef2::switchdataD_00008ef6	Label	ANALYSIS
00008f16	switchD_00008ef2::caseD_b	Label	ANALYSIS
00008f16	switchD_00008ef2::caseD_c	Label	ANALYSIS
00008f16	switchD_00008ef2::caseD_d	Label	ANALYSIS
00008f16	switchD_00008ef2::caseD_e	Label	ANALYSIS
00008f16	switchD_00008ef2::caseD_f	Label	ANALYSIS
00008f16	switchD_00008ef2::caseD_1b	Label	ANALYSIS
00008f16	switchD_00008ef2::caseD_1c	Label	ANALYSIS
00008f16	switchD_00008ef2::caseD_1d	Label	ANALYSIS
00008f16	switchD_00008ef2::caseD_1e	Label	ANALYSIS
00008f16	switchD_00008ef2::caseD_1f	Label	ANALYSIS
00008f1c	LAB_00008f1c	Label	DEFAULT
00008f26	switchD_00008ef2::caseD_9	Label	ANALYSIS
00008f26	switchD_00008ef2::caseD_19	Label	ANALYSIS
00008f38	switchD_00008ef2::caseD_a	Label	ANALYSIS
00008f38	switchD_00008ef2::caseD_1a	Label	ANALYSIS
00008f3a	LAB_00008f3a	Label	DEFAULT
00008f54	LAB_00008f54	Label	DEFAULT
00008f58	LAB_00008f58	Label	DEFAULT
00008f5c	switchD_00008ef2::caseD_10	Label	ANALYSIS
00008f60	switchD_00008ef2::caseD_1	Label	ANALYSIS
00008f60	switchD_00008ef2::caseD_11	Label	ANALYSIS
00008f64	switchD_00008ef2::caseD_2	Label	ANALYSIS
00008f64	switchD_00008ef2::caseD_12	Label	ANALYSIS
00008f6e	switchD_00008ef2::caseD_3	Label	ANALYSIS
00008f6e	switchD_00008ef2::caseD_13	Label	ANALYSIS
00008f80	switchD_00008ef2::caseD_4	Label	ANALYSIS
00008f80	switchD_00008ef2::caseD_14	Label	ANALYSIS
00008f9c	switchD_00008ef2::caseD_5	Label	ANALYSIS
00008f9c	switchD_00008ef2::caseD_15	Label	ANALYSIS
00008fae	switchD_00008ef2::caseD_6	Label	ANALYSIS
00008fae	switchD_00008ef2::caseD_16	Label	ANALYSIS
00008fc0	SUB_00008fc0	Label	DEFAULT
00008fce	switchD_00008ef2::caseD_7	Label	ANALYSIS
00008fce	switchD_00008ef2::caseD_17	Label	ANALYSIS
00008fd8	switchD_00008ef2::caseD_8	Label	ANALYSIS
00008fd8	switchD_00008ef2::caseD_18	Label	ANALYSIS
00008fdc	LAB_00008fdc	Label	DEFAULT
00008fe4	LAB_00008fe4	Label	DEFAULT
00008ffc	LAB_00008ffc	Label	DEFAULT
00008ffe	LAB_00008ffe	Label	DEFAULT
00009002	LAB_00009002	Label	DEFAULT
00009010	SUB_00009010	Label	DEFAULT
00009012	SUB_00009012	Label	DEFAULT
0000902e	SUB_0000902e	Label	DEFAULT
00009040	LAB_00009040	Label	DEFAULT
00009064	LAB_00009064	Label	DEFAULT
00009066	LAB_00009066	Label	DEFAULT
0000906e	LAB_0000906e	Label	DEFAULT
00009082	LAB_00009082	Label	DEFAULT
0000909a	LAB_0000909a	Label	DEFAULT
0000909c	^PrimeTime	Label	USER_DEFINED
000090da	LAB_000090da	Label	DEFAULT
000090ea	LAB_000090ea	Label	DEFAULT
000090ec	LAB_000090ec	Label	DEFAULT
000090ee	LAB_000090ee	Label	DEFAULT
000090f2	SUB_000090f2	Label	DEFAULT
00009110	LAB_00009110	Label	DEFAULT
00009124	LAB_00009124	Label	DEFAULT
00009128	LAB_00009128	Label	DEFAULT
00009132	SUB_00009132	Label	DEFAULT
00009144	LAB_00009144	Label	DEFAULT
0000916a	LAB_0000916a	Label	DEFAULT
0000916c	SUB_0000916c	Label	DEFAULT
00009184	LAB_00009184	Label	DEFAULT
0000919a	LAB_0000919a	Label	DEFAULT
000091a4	LAB_000091a4	Label	DEFAULT
000091b6	LAB_000091b6	Label	DEFAULT
000091be	LAB_000091be	Label	DEFAULT
00009204	LAB_00009204	Label	DEFAULT
0000920e	LAB_0000920e	Label	DEFAULT
00009216	LAB_00009216	Label	DEFAULT
0000921a	LAB_0000921a	Label	DEFAULT
0000922a	LAB_0000922a	Label	DEFAULT
0000923a	LAB_0000923a	Label	DEFAULT
00009244	LAB_00009244	Label	DEFAULT
0000925a	LAB_0000925a	Label	DEFAULT
00009266	LAB_00009266	Label	DEFAULT
00009270	LAB_00009270	Label	DEFAULT
0000927a	LAB_0000927a	Label	DEFAULT
00009288	LAB_00009288	Label	DEFAULT
00009298	PTR_FigTrkSpd_00009298	Label	DEFAULT
0000929c	LAB_0000929c	Label	DEFAULT
000092c0	FixRound	Label	USER_DEFINED
000092cc	LAB_000092cc	Label	DEFAULT
000092d4	LAB_000092d4	Label	DEFAULT
000092da	Fix2Long	Label	USER_DEFINED
000092de	Frac2Fix	Label	USER_DEFINED
000092e0	LAB_000092e0	Label	DEFAULT
000092ee	LAB_000092ee	Label	DEFAULT
000092f2	LAB_000092f2	Label	DEFAULT
000092f8	LAB_000092f8	Label	DEFAULT
000092fc	FracDiv	Label	USER_DEFINED
000092fe	FracDiv+2	Label	DEFAULT
00009306	LAB_00009306	Label	DEFAULT
0000930e	LAB_0000930e	Label	DEFAULT
0000931a	LAB_0000931a	Label	DEFAULT
00009320	LAB_00009320	Label	DEFAULT
00009324	LAB_00009324	Label	DEFAULT
0000932a	LAB_0000932a	Label	DEFAULT
00009330	LAB_00009330	Label	DEFAULT
00009334	LAB_00009334	Label	DEFAULT
00009348	LAB_00009348	Label	DEFAULT
0000934e	LAB_0000934e	Label	DEFAULT
00009352	LAB_00009352	Label	DEFAULT
00009356	LAB_00009356	Label	DEFAULT
00009360	LAB_00009360	Label	DEFAULT
00009366	LAB_00009366	Label	DEFAULT
0000936c	^StdGetPic	Label	USER_DEFINED
00009384	LAB_00009384	Label	DEFAULT
00009386	LAB_00009386	Label	DEFAULT
0000938c	LAB_0000938c	Label	DEFAULT
00009408	LAB_00009408	Label	DEFAULT
00009492	LAB_00009492	Label	DEFAULT
000094b0	LAB_000094b0	Label	DEFAULT
000094b6	SUB_000094b6	Label	DEFAULT
000094d4	LAB_000094d4	Label	DEFAULT
000094de	LAB_000094de	Label	DEFAULT
000094e0	LAB_000094e0	Label	DEFAULT
000094e8	LAB_000094e8	Label	DEFAULT
000094f4	LAB_000094f4	Label	DEFAULT
00009504	SUB_00009504	Label	DEFAULT
0000954a	LAB_0000954a	Label	DEFAULT
0000956e	switchD_0000956e::switchD	Label	ANALYSIS
00009572	switchD_0000956e::switchdataD_00009572	Label	ANALYSIS
00009592	LAB_00009592	Label	DEFAULT
0000959c	switchD_0000959c::switchD	Label	ANALYSIS
000095a0	switchD_0000959c::switchdataD_000095a0	Label	ANALYSIS
000095e0	switchD_0000959c::caseD_1	Label	ANALYSIS
000095f0	LAB_000095f0	Label	DEFAULT
000095f6	LAB_000095f6	Label	DEFAULT
000095fc	LAB_000095fc	Label	DEFAULT
00009602	LAB_00009602	Label	DEFAULT
00009610	switchD_0000959c::caseD_e	Label	ANALYSIS
00009616	switchD_0000959c::caseD_f	Label	ANALYSIS
0000961c	switchD_0000959c::caseD_2	Label	ANALYSIS
00009622	switchD_0000959c::caseD_3	Label	ANALYSIS
00009628	switchD_0000959c::caseD_4	Label	ANALYSIS
00009632	switchD_0000959c::caseD_5	Label	ANALYSIS
00009638	switchD_0000959c::caseD_d	Label	ANALYSIS
0000963e	switchD_0000959c::caseD_6	Label	ANALYSIS
00009644	switchD_0000959c::caseD_7	Label	ANALYSIS
0000964e	switchD_0000959c::caseD_10	Label	ANALYSIS
00009684	switchD_0000959c::caseD_11	Label	ANALYSIS
00009694	switchD_0000959c::caseD_8	Label	ANALYSIS
0000969c	switchD_0000959c::caseD_9	Label	ANALYSIS
000096a4	switchD_0000959c::caseD_a	Label	ANALYSIS
000096ac	switchD_0000959c::caseD_b	Label	ANALYSIS
000096b6	switchD_0000959c::caseD_c	Label	ANALYSIS
000096c0	switchD_0000959c::caseD_1a	Label	ANALYSIS
000096c6	switchD_0000959c::caseD_1b	Label	ANALYSIS
000096ca	LAB_000096ca	Label	DEFAULT
000096e6	switchD_0000959c::caseD_12	Label	ANALYSIS
000096ec	switchD_0000959c::caseD_13	Label	ANALYSIS
000096f2	switchD_0000959c::caseD_14	Label	ANALYSIS
000096f6	LAB_000096f6	Label	DEFAULT
000096fe	switchD_0000959c::caseD_15	Label	ANALYSIS
00009706	switchD_0000959c::caseD_16	Label	ANALYSIS
0000970e	switchD_0000959c::caseD_1c	Label	ANALYSIS
00009712	switchD_0000959c::caseD_1d	Label	ANALYSIS
00009720	switchD_0000959c::caseD_1e	Label	ANALYSIS
00009724	switchD_0000959c::caseD_1f	Label	ANALYSIS
00009732	LAB_00009732	Label	DEFAULT
0000973c	switchD_0000956e::caseD_973c	Label	ANALYSIS
00009742	switchD_0000956e::caseD_9742	Label	ANALYSIS
0000974c	LAB_0000974c	Label	DEFAULT
00009754	switchD_0000956e::caseD_9754	Label	ANALYSIS
00009770	LAB_00009770	Label	DEFAULT
00009798	LAB_00009798	Label	DEFAULT
000097a8	LAB_000097a8	Label	DEFAULT
000097ae	LAB_000097ae	Label	DEFAULT
000097c4	LAB_000097c4	Label	DEFAULT
000097d6	LAB_000097d6	Label	DEFAULT
000097e2	LAB_000097e2	Label	DEFAULT
000097f8	switchD_0000956e::caseD_97f8	Label	ANALYSIS
00009806	LAB_00009806	Label	DEFAULT
00009812	switchD_0000956e::caseD_9812	Label	ANALYSIS
00009820	LAB_00009820	Label	DEFAULT
0000982c	switchD_0000956e::caseD_982c	Label	ANALYSIS
0000983a	LAB_0000983a	Label	DEFAULT
00009846	switchD_0000956e::caseD_9846	Label	ANALYSIS
00009854	LAB_00009854	Label	DEFAULT
0000986a	switchD_0000956e::caseD_986a	Label	ANALYSIS
0000987a	LAB_0000987a	Label	DEFAULT
0000987e	LAB_0000987e	Label	DEFAULT
00009888	switchD_0000956e::caseD_9888	Label	ANALYSIS
00009898	LAB_00009898	Label	DEFAULT
0000989c	LAB_0000989c	Label	DEFAULT
000098a6	switchD_0000956e::caseD_98a6	Label	ANALYSIS
000098be	LAB_000098be	Label	DEFAULT
000098e8	LAB_000098e8	Label	DEFAULT
00009942	LAB_00009942	Label	DEFAULT
00009968	LAB_00009968	Label	DEFAULT
00009984	LAB_00009984	Label	DEFAULT
00009988	LAB_00009988	Label	DEFAULT
000099c2	LAB_000099c2	Label	DEFAULT
000099d2	LAB_000099d2	Label	DEFAULT
000099e6	LAB_000099e6	Label	DEFAULT
000099ec	SUB_000099ec	Label	DEFAULT
00009a02	LAB_00009a02	Label	DEFAULT
00009a0c	LAB_00009a0c	Label	DEFAULT
00009a36	LAB_00009a36	Label	DEFAULT
00009a3a	LAB_00009a3a	Label	DEFAULT
00009a46	LAB_00009a46	Label	DEFAULT
00009a48	LAB_00009a48	Label	DEFAULT
00009a4c	LAB_00009a4c	Label	DEFAULT
00009a58	LAB_00009a58	Label	DEFAULT
00009a5e	switchD_0000956e::caseD_9a5e	Label	ANALYSIS
00009a7e	LAB_00009a7e	Label	DEFAULT
00009a8e	LAB_00009a8e	Label	DEFAULT
00009a9a	SUB_00009a9a	Label	DEFAULT
00009aac	SUB_00009aac	Label	DEFAULT
00009ac0	LAB_00009ac0	Label	DEFAULT
00009ac6	SUB_00009ac6	Label	DEFAULT
00009ae2	LAB_00009ae2	Label	DEFAULT
00009ae8	LAB_00009ae8	Label	DEFAULT
00009aee	SUB_00009aee	Label	DEFAULT
00009af4	SUB_00009af4	Label	DEFAULT
00009b2e	LAB_00009b2e	Label	DEFAULT
00009b34	switchD_0000956e::caseD_9b34	Label	ANALYSIS
00009b34	switchD_0000959c::caseD_0	Label	ANALYSIS
00009b34	switchD_0000959c::caseD_17	Label	ANALYSIS
00009b34	switchD_0000959c::caseD_18	Label	ANALYSIS
00009b34	switchD_0000959c::caseD_19	Label	ANALYSIS
00009b3a	SUB_00009b3a	Label	DEFAULT
00009b4c	SUB_00009b4c	Label	DEFAULT
00009b5c	SUB_00009b5c	Label	DEFAULT
00009b6c	SUB_00009b6c	Label	DEFAULT
00009b84	LAB_00009b84	Label	DEFAULT
00009b8c	LAB_00009b8c	Label	DEFAULT
00009b8e	PTR_DAT_00009b8e	Label	DEFAULT
00009b96	SUB_00009b96	Label	DEFAULT
00009ba6	LAB_00009ba6	Label	DEFAULT
00009bae	LAB_00009bae	Label	DEFAULT
00009bba	LAB_00009bba	Label	DEFAULT
00009bc2	SUB_00009bc2	Label	DEFAULT
00009bde	LAB_00009bde	Label	DEFAULT
00009bf2	SUB_00009bf2	Label	DEFAULT
00009c16	LAB_00009c16	Label	DEFAULT
00009c3e	LAB_00009c3e	Label	DEFAULT
00009c48	LAB_00009c48	Label	DEFAULT
00009c4c	SUB_00009c4c	Label	DEFAULT
00009c86	LAB_00009c86	Label	DEFAULT
00009cc8	LAB_00009cc8	Label	DEFAULT
00009cd4	LAB_00009cd4	Label	DEFAULT
00009cd8	LAB_00009cd8	Label	DEFAULT
00009ce2	LAB_00009ce2	Label	DEFAULT
00009cec	LAB_00009cec	Label	DEFAULT
00009cf2	LAB_00009cf2	Label	DEFAULT
00009cf6	LAB_00009cf6	Label	DEFAULT
00009cfa	SUB_00009cfa	Label	DEFAULT
00009d44	LAB_00009d44	Label	DEFAULT
00009d6c	LAB_00009d6c	Label	DEFAULT
00009d7c	LAB_00009d7c	Label	DEFAULT
00009d86	LAB_00009d86	Label	DEFAULT
00009d92	LAB_00009d92	Label	DEFAULT
00009d96	LAB_00009d96	Label	DEFAULT
00009dac	LAB_00009dac	Label	DEFAULT
00009dce	LAB_00009dce	Label	DEFAULT
00009dd8	LAB_00009dd8	Label	DEFAULT
00009dde	LAB_00009dde	Label	DEFAULT
00009dea	LAB_00009dea	Label	DEFAULT
00009dfc	SUB_00009dfc	Label	DEFAULT
00009e12	LAB_00009e12	Label	DEFAULT
00009e16	LAB_00009e16	Label	DEFAULT
00009e1a	LAB_00009e1a	Label	DEFAULT
00009e3a	LAB_00009e3a	Label	DEFAULT
00009e4a	LAB_00009e4a	Label	DEFAULT
00009e4c	LAB_00009e4c	Label	DEFAULT
00009e50	LAB_00009e50	Label	DEFAULT
00009e64	LAB_00009e64	Label	DEFAULT
00009e70	LAB_00009e70	Label	DEFAULT
00009e76	SUB_00009e76	Label	DEFAULT
00009e90	DAT_00009e90	Label	DEFAULT
00009ea0	SUB_00009ea0	Label	DEFAULT
00009ec2	DAT_00009ec2	Label	DEFAULT
00009ee2	SUB_00009ee2	Label	DEFAULT
00009efa	SUB_00009efa	Label	DEFAULT
00009f46	SUB_00009f46	Label	DEFAULT
00009f6e	LAB_00009f6e	Label	DEFAULT
00009f72	LAB_00009f72	Label	DEFAULT
00009f8c	LAB_00009f8c	Label	DEFAULT
00009f8e	LAB_00009f8e	Label	DEFAULT
00009f9c	LAB_00009f9c	Label	DEFAULT
00009f9e	LAB_00009f9e	Label	DEFAULT
00009faa	LAB_00009faa	Label	DEFAULT
00009fc6	LAB_00009fc6	Label	DEFAULT
00009fd2	LAB_00009fd2	Label	DEFAULT
00009fdc	LAB_00009fdc	Label	DEFAULT
00009fe8	SUB_00009fe8	Label	DEFAULT
0000a032	LAB_0000a032	Label	DEFAULT
0000a086	LAB_0000a086	Label	DEFAULT
0000a09e	LAB_0000a09e	Label	DEFAULT
0000a0b6	DAT_0000a0b6	Label	DEFAULT
0000a0be	LAB_0000a0be	Label	DEFAULT
0000a0fc	LAB_0000a0fc	Label	DEFAULT
0000a124	LAB_0000a124	Label	DEFAULT
0000a142	SUB_0000a142	Label	DEFAULT
0000a154	LAB_0000a154	Label	DEFAULT
0000a174	LAB_0000a174	Label	DEFAULT
0000a1b8	LAB_0000a1b8	Label	DEFAULT
0000a1d0	LAB_0000a1d0	Label	DEFAULT
0000a1f6	LAB_0000a1f6	Label	DEFAULT
0000a218	LAB_0000a218	Label	DEFAULT
0000a222	LAB_0000a222	Label	DEFAULT
0000a240	LAB_0000a240	Label	DEFAULT
0000a244	LAB_0000a244	Label	DEFAULT
0000a27c	LAB_0000a27c	Label	DEFAULT
0000a286	LAB_0000a286	Label	DEFAULT
0000a29a	LAB_0000a29a	Label	DEFAULT
0000a2a8	LAB_0000a2a8	Label	DEFAULT
0000a2bc	LAB_0000a2bc	Label	DEFAULT
0000a2c2	LAB_0000a2c2	Label	DEFAULT
0000a2de	LAB_0000a2de	Label	DEFAULT
0000a2f4	LAB_0000a2f4	Label	DEFAULT
0000a2fe	LAB_0000a2fe	Label	DEFAULT
0000a306	LAB_0000a306	Label	DEFAULT
0000a30c	LAB_0000a30c	Label	DEFAULT
0000a320	LAB_0000a320	Label	DEFAULT
0000a324	LAB_0000a324	Label	DEFAULT
0000a334	LAB_0000a334	Label	DEFAULT
0000a338	LAB_0000a338	Label	DEFAULT
0000a348	LAB_0000a348	Label	DEFAULT
0000a34c	LAB_0000a34c	Label	DEFAULT
0000a358	LAB_0000a358	Label	DEFAULT
0000a35a	LAB_0000a35a	Label	DEFAULT
0000a360	LAB_0000a360	Label	DEFAULT
0000a372	LAB_0000a372	Label	DEFAULT
0000a378	LAB_0000a378	Label	DEFAULT
0000a392	LAB_0000a392	Label	DEFAULT
0000a396	LAB_0000a396	Label	DEFAULT
0000a3a0	LAB_0000a3a0	Label	DEFAULT
0000a3ac	SUB_0000a3ac	Label	DEFAULT
0000a3d2	LAB_0000a3d2	Label	DEFAULT
0000a3e6	LAB_0000a3e6	Label	DEFAULT
0000a40a	LAB_0000a40a	Label	DEFAULT
0000a426	LAB_0000a426	Label	DEFAULT
0000a43c	LAB_0000a43c	Label	DEFAULT
0000a44a	LAB_0000a44a	Label	DEFAULT
0000a44c	LAB_0000a44c	Label	DEFAULT
0000a454	LAB_0000a454	Label	DEFAULT
0000a45e	LAB_0000a45e	Label	DEFAULT
0000a478	LAB_0000a478	Label	DEFAULT
0000a48e	LAB_0000a48e	Label	DEFAULT
0000a490	LAB_0000a490	Label	DEFAULT
0000a4a2	SUB_0000a4a2	Label	DEFAULT
0000a4bc	DAT_0000a4bc	Label	DEFAULT
0000a4c0	DAT_0000a4c0	Label	DEFAULT
0000a4c4	LAB_0000a4c4	Label	DEFAULT
0000a4ca	LAB_0000a4ca	Label	DEFAULT
0000a4d2	LAB_0000a4d2	Label	DEFAULT
0000a508	LAB_0000a508	Label	DEFAULT
0000a568	LAB_0000a568	Label	DEFAULT
0000a580	LAB_0000a580	Label	DEFAULT
0000a582	LAB_0000a582	Label	DEFAULT
0000a588	LAB_0000a588	Label	DEFAULT
0000a5b0	LAB_0000a5b0	Label	DEFAULT
0000a5b2	LAB_0000a5b2	Label	DEFAULT
0000a5b8	LAB_0000a5b8	Label	DEFAULT
0000a5e6	LAB_0000a5e6	Label	DEFAULT
0000a5ec	LAB_0000a5ec	Label	DEFAULT
0000a5fa	LAB_0000a5fa	Label	DEFAULT
0000a62a	LAB_0000a62a	Label	DEFAULT
0000a63c	LAB_0000a63c	Label	DEFAULT
0000a672	LAB_0000a672	Label	DEFAULT
0000a67e	LAB_0000a67e	Label	DEFAULT
0000a684	LAB_0000a684	Label	DEFAULT
0000a690	LAB_0000a690	Label	DEFAULT
0000a69e	SUB_0000a69e	Label	DEFAULT
0000a6b0	SUB_0000a6b0	Label	DEFAULT
0000a6f8	LAB_0000a6f8	Label	DEFAULT
0000a724	LAB_0000a724	Label	DEFAULT
0000a728	SUB_0000a728	Label	DEFAULT
0000a738	LAB_0000a738	Label	DEFAULT
0000a74e	LAB_0000a74e	Label	DEFAULT
0000a762	LAB_0000a762	Label	DEFAULT
0000a766	SUB_0000a766	Label	DEFAULT
0000a778	SUB_0000a778	Label	DEFAULT
0000a780	SUB_0000a780	Label	DEFAULT
0000a790	LAB_0000a790	Label	DEFAULT
0000a798	LAB_0000a798	Label	DEFAULT
0000a7a2	LAB_0000a7a2	Label	DEFAULT
0000a7ac	LAB_0000a7ac	Label	DEFAULT
0000a7ae	^FMSwapFont	Label	USER_DEFINED
0000a7dc	LAB_0000a7dc	Label	DEFAULT
0000a804	LAB_0000a804	Label	DEFAULT
0000a818	LAB_0000a818	Label	DEFAULT
0000a854	LAB_0000a854	Label	DEFAULT
0000a856	LAB_0000a856	Label	DEFAULT
0000a85a	LAB_0000a85a	Label	DEFAULT
0000a87c	LAB_0000a87c	Label	DEFAULT
0000a88e	SUB_0000a88e	Label	DEFAULT
0000a894	SUB_0000a894	Label	DEFAULT
0000a8ae	LAB_0000a8ae	Label	DEFAULT
0000a8b2	LAB_0000a8b2	Label	DEFAULT
0000a8b6	LAB_0000a8b6	Label	DEFAULT
0000a8c6	LAB_0000a8c6	Label	DEFAULT
0000a8e8	LAB_0000a8e8	Label	DEFAULT
0000a8fe	LAB_0000a8fe	Label	DEFAULT
0000a908	LAB_0000a908	Label	DEFAULT
0000a91e	LAB_0000a91e	Label	DEFAULT
0000a922	LAB_0000a922	Label	DEFAULT
0000a926	LAB_0000a926	Label	DEFAULT
0000a936	LAB_0000a936	Label	DEFAULT
0000a95a	LAB_0000a95a	Label	DEFAULT
0000a9ae	LAB_0000a9ae	Label	DEFAULT
0000a9b0	LAB_0000a9b0	Label	DEFAULT
0000a9d2	LAB_0000a9d2	Label	DEFAULT
0000a9d4	LAB_0000a9d4	Label	DEFAULT
0000a9e2	LAB_0000a9e2	Label	DEFAULT
0000a9f0	DAT_0000a9f0	Label	DEFAULT
0000aa18	LAB_0000aa18	Label	DEFAULT
0000aa32	LAB_0000aa32	Label	DEFAULT
0000aa34	LAB_0000aa34	Label	DEFAULT
0000aa38	LAB_0000aa38	Label	DEFAULT
0000aa50	LAB_0000aa50	Label	DEFAULT
0000aa58	LAB_0000aa58	Label	DEFAULT
0000aa7c	SUB_0000aa7c	Label	DEFAULT
0000aa80	SUB_0000aa80	Label	DEFAULT
0000aa9a	LAB_0000aa9a	Label	DEFAULT
0000aaba	LAB_0000aaba	Label	DEFAULT
0000aad8	LAB_0000aad8	Label	DEFAULT
0000aaea	LAB_0000aaea	Label	DEFAULT
0000ab00	LAB_0000ab00	Label	DEFAULT
0000ab16	LAB_0000ab16	Label	DEFAULT
0000ab2c	LAB_0000ab2c	Label	DEFAULT
0000ab56	LAB_0000ab56	Label	DEFAULT
0000ab58	LAB_0000ab58	Label	DEFAULT
0000ab6a	LAB_0000ab6a	Label	DEFAULT
0000ab6e	LAB_0000ab6e	Label	DEFAULT
0000ab72	LAB_0000ab72	Label	DEFAULT
0000ab7c	LAB_0000ab7c	Label	DEFAULT
0000ab94	LAB_0000ab94	Label	DEFAULT
0000ab9e	LAB_0000ab9e	Label	DEFAULT
0000abe2	LAB_0000abe2	Label	DEFAULT
0000ac20	LAB_0000ac20	Label	DEFAULT
0000ac28	LAB_0000ac28	Label	DEFAULT
0000ac30	LAB_0000ac30	Label	DEFAULT
0000ac4a	LAB_0000ac4a	Label	DEFAULT
0000ac4c	LAB_0000ac4c	Label	DEFAULT
0000ac60	LAB_0000ac60	Label	DEFAULT
0000ac6e	LAB_0000ac6e	Label	DEFAULT
0000ac74	LAB_0000ac74	Label	DEFAULT
0000ac80	LAB_0000ac80	Label	DEFAULT
0000ac98	LAB_0000ac98	Label	DEFAULT
0000aca6	LAB_0000aca6	Label	DEFAULT
0000acae	LAB_0000acae	Label	DEFAULT
0000acbc	SUB_0000acbc	Label	DEFAULT
0000acd4	LAB_0000acd4	Label	DEFAULT
0000acd6	LAB_0000acd6	Label	DEFAULT
0000ace4	LAB_0000ace4	Label	DEFAULT
0000acea	LAB_0000acea	Label	DEFAULT
0000acf0	LAB_0000acf0	Label	DEFAULT
0000acf8	LAB_0000acf8	Label	DEFAULT
0000acfa	LAB_0000acfa	Label	DEFAULT
0000acfe	LAB_0000acfe	Label	DEFAULT
0000ad02	LAB_0000ad02	Label	DEFAULT
0000ad1a	LAB_0000ad1a	Label	DEFAULT
0000ad4e	LAB_0000ad4e	Label	DEFAULT
0000ad70	LAB_0000ad70	Label	DEFAULT
0000adb0	LAB_0000adb0	Label	DEFAULT
0000adbe	LAB_0000adbe	Label	DEFAULT
0000adc4	SUB_0000adc4	Label	DEFAULT
0000ae1c	LAB_0000ae1c	Label	DEFAULT
0000ae2e	LAB_0000ae2e	Label	DEFAULT
0000ae40	SUB_0000ae40	Label	DEFAULT
0000ae50	LAB_0000ae50	Label	DEFAULT
0000ae56	LAB_0000ae56	Label	DEFAULT
0000ae7a	LAB_0000ae7a	Label	DEFAULT
0000ae84	LAB_0000ae84	Label	DEFAULT
0000ae90	LAB_0000ae90	Label	DEFAULT
0000aea6	LAB_0000aea6	Label	DEFAULT
0000aeac	LAB_0000aeac	Label	DEFAULT
0000aed8	SUB_0000aed8	Label	DEFAULT
0000af26	LAB_0000af26	Label	DEFAULT
0000af32	LAB_0000af32	Label	DEFAULT
0000af3e	LAB_0000af3e	Label	DEFAULT
0000af54	LAB_0000af54	Label	DEFAULT
0000af5a	LAB_0000af5a	Label	DEFAULT
0000af64	LAB_0000af64	Label	DEFAULT
0000af68	LAB_0000af68	Label	DEFAULT
0000af7e	LAB_0000af7e	Label	DEFAULT
0000af8a	LAB_0000af8a	Label	DEFAULT
0000af8e	LAB_0000af8e	Label	DEFAULT
0000af94	LAB_0000af94	Label	DEFAULT
0000af96	LAB_0000af96	Label	DEFAULT
0000af98	LAB_0000af98	Label	DEFAULT
0000afae	LAB_0000afae	Label	DEFAULT
0000afba	LAB_0000afba	Label	DEFAULT
0000b010	LAB_0000b010	Label	DEFAULT
0000b022	SUB_0000b022	Label	DEFAULT
0000b032	SUB_0000b032	Label	DEFAULT
0000b038	SUB_0000b038	Label	DEFAULT
0000b03e	LAB_0000b03e	Label	DEFAULT
0000b044	SUB_0000b044	Label	DEFAULT
0000b060	SUB_0000b060	Label	DEFAULT
0000b076	SUB_0000b076	Label	DEFAULT
0000b078	LAB_0000b078	Label	DEFAULT
0000b0a4	LAB_0000b0a4	Label	DEFAULT
0000b0a8	LAB_0000b0a8	Label	DEFAULT
0000b0b8	LAB_0000b0b8	Label	DEFAULT
0000b0bc	SUB_0000b0bc	Label	DEFAULT
0000b0c4	LAB_0000b0c4	Label	DEFAULT
0000b0c9	LAB_0000b0c6+3	Label	DEFAULT
0000b0d2	LAB_0000b0d2	Label	DEFAULT
0000b0d6	LAB_0000b0d6	Label	DEFAULT
0000b0fa	LAB_0000b0fa	Label	DEFAULT
0000b0fc	LAB_0000b0fc	Label	DEFAULT
0000b10a	LAB_0000b10a	Label	DEFAULT
0000b11a	LAB_0000b11a	Label	DEFAULT
0000b11c	LAB_0000b11c	Label	DEFAULT
0000b124	LAB_0000b124	Label	DEFAULT
0000b12a	LAB_0000b12a	Label	DEFAULT
0000b132	LAB_0000b132	Label	DEFAULT
0000b13c	LAB_0000b13c	Label	DEFAULT
0000b146	LAB_0000b146	Label	DEFAULT
0000b155	DAT_0000b155	Label	DEFAULT
0000b156	LAB_0000b156	Label	DEFAULT
0000b160	LAB_0000b160	Label	DEFAULT
0000b16a	LAB_0000b16a	Label	DEFAULT
0000b17a	LAB_0000b17a	Label	DEFAULT
0000b182	LAB_0000b182	Label	DEFAULT
0000b186	LAB_0000b186	Label	DEFAULT
0000b18e	LAB_0000b18e	Label	DEFAULT
0000b196	LAB_0000b196	Label	DEFAULT
0000b1b4	LAB_0000b1b4	Label	DEFAULT
0000b1e4	LAB_0000b1e4	Label	DEFAULT
0000b1ec	LAB_0000b1ec	Label	DEFAULT
0000b200	LAB_0000b200	Label	DEFAULT
0000b208	LAB_0000b208	Label	DEFAULT
0000b214	LAB_0000b214	Label	DEFAULT
0000b220	LAB_0000b220	Label	DEFAULT
0000b228	LAB_0000b228	Label	DEFAULT
0000b22a	LAB_0000b22a	Label	DEFAULT
0000b235	DAT_0000b235	Label	DEFAULT
0000b236	PTR_LAB_0000b236	Label	DEFAULT
0000b23a	LAB_0000b23a	Label	DEFAULT
0000b258	LAB_0000b258	Label	DEFAULT
0000b26a	LAB_0000b26a	Label	DEFAULT
0000b26e	LAB_0000b26e	Label	DEFAULT
0000b270	SUB_0000b270	Label	DEFAULT
0000b27a	LAB_0000b27a	Label	DEFAULT
0000b284	SUB_0000b284	Label	DEFAULT
0000b296	LAB_0000b296	Label	DEFAULT
0000b2a6	LAB_0000b2a6	Label	DEFAULT
0000b2b0	LAB_0000b2b0	Label	DEFAULT
0000b2c8	LAB_0000b2c8	Label	DEFAULT
0000b2d6	LAB_0000b2d6	Label	DEFAULT
0000b2ea	LAB_0000b2ea	Label	DEFAULT
0000b2ec	LAB_0000b2ec	Label	DEFAULT
0000b2ee	LAB_0000b2ee	Label	DEFAULT
0000b300	LAB_0000b300	Label	DEFAULT
0000b30c	LAB_0000b30c	Label	DEFAULT
0000b314	LAB_0000b314	Label	DEFAULT
0000b316	LAB_0000b316	Label	DEFAULT
0000b31c	LAB_0000b31c	Label	DEFAULT
0000b324	LAB_0000b324	Label	DEFAULT
0000b32c	LAB_0000b32c	Label	DEFAULT
0000b374	LAB_0000b374	Label	DEFAULT
0000b384	SUB_0000b384	Label	DEFAULT
0000b38c	SUB_0000b38c	Label	DEFAULT
0000b39a	LAB_0000b39a	Label	DEFAULT
0000b3b8	SUB_0000b3b8	Label	DEFAULT
0000b3e2	LAB_0000b3e2	Label	DEFAULT
0000b400	LAB_0000b400	Label	DEFAULT
0000b406	LAB_0000b406	Label	DEFAULT
0000b40c	LAB_0000b40c	Label	DEFAULT
0000b41e	LAB_0000b41e	Label	DEFAULT
0000b42a	LAB_0000b42a	Label	DEFAULT
0000b466	LAB_0000b466	Label	DEFAULT
0000b46e	LAB_0000b46e	Label	DEFAULT
0000b47a	LAB_0000b47a	Label	DEFAULT
0000b48a	LAB_0000b48a	Label	DEFAULT
0000b49c	LAB_0000b49c	Label	DEFAULT
0000b4a0	LAB_0000b4a0	Label	DEFAULT
0000b4a6	LAB_0000b4a6	Label	DEFAULT
0000b4b8	LAB_0000b4b8	Label	DEFAULT
0000b4c8	LAB_0000b4c8	Label	DEFAULT
0000b4d2	LAB_0000b4d2	Label	DEFAULT
0000b4e8	LAB_0000b4e8	Label	DEFAULT
0000b51e	LAB_0000b51e	Label	DEFAULT
0000b52e	LAB_0000b52e	Label	DEFAULT
0000b546	LAB_0000b546	Label	DEFAULT
0000b54c	LAB_0000b54c	Label	DEFAULT
0000b55a	LAB_0000b55a	Label	DEFAULT
0000b560	SUB_0000b560	Label	DEFAULT
0000b578	LAB_0000b578	Label	DEFAULT
0000b59c	LAB_0000b59c	Label	DEFAULT
0000b59e	CompactMemTrap	Label	USER_DEFINED
0000b5b0	LAB_0000b5b0	Label	DEFAULT
0000b5b6	LAB_0000b5b6	Label	DEFAULT
0000b5bc	LAB_0000b5bc	Label	DEFAULT
0000b5ee	LAB_0000b5ee	Label	DEFAULT
0000b5f6	LAB_0000b5f6	Label	DEFAULT
0000b5f8	LAB_0000b5f8	Label	DEFAULT
0000b622	LAB_0000b622	Label	DEFAULT
0000b628	LAB_0000b628	Label	DEFAULT
0000b64a	LAB_0000b64a	Label	DEFAULT
0000b6c8	SUB_0000b6c8	Label	DEFAULT
0000b700	LAB_0000b700	Label	DEFAULT
0000b71a	LAB_0000b71a	Label	DEFAULT
0000b726	LAB_0000b726	Label	DEFAULT
0000b72c	LAB_0000b72c	Label	DEFAULT
0000b73e	LAB_0000b73e	Label	DEFAULT
0000b760	LAB_0000b760	Label	DEFAULT
0000b77a	LAB_0000b77a	Label	DEFAULT
0000b7ad	DAT_0000b7ad	Label	DEFAULT
0000b7b9	DAT_0000b7b9	Label	DEFAULT
0000b7bb	DAT_0000b7bb	Label	DEFAULT
0000b7bc	DAT_0000b7bc	Label	DEFAULT
0000b7bf	DAT_0000b7bf	Label	DEFAULT
0000b7c0	DAT_0000b7c0	Label	DEFAULT
0000b7c2	DAT_0000b7c2	Label	DEFAULT
0000b7c4	^SysEnvironsTrap	Label	USER_DEFINED
0000b7e6	LAB_0000b7e6	Label	DEFAULT
0000b7f0	LAB_0000b7f0	Label	DEFAULT
0000b814	LAB_0000b814	Label	DEFAULT
0000b828	LAB_0000b828	Label	DEFAULT
0000b83c	LAB_0000b83c	Label	DEFAULT
0000b84a	LAB_0000b84a	Label	DEFAULT
0000b86c	LAB_0000b86c	Label	DEFAULT
0000b87a	LAB_0000b87a	Label	DEFAULT
0000b898	LAB_0000b898	Label	DEFAULT
0000b8a0	LAB_0000b8a0	Label	DEFAULT
0000b8d8	LAB_0000b8d8	Label	DEFAULT
0000b8dc	LAB_0000b8dc	Label	DEFAULT
0000b95c	LAB_0000b95c	Label	DEFAULT
0000b982	LAB_0000b982	Label	DEFAULT
0000b9a6	LAB_0000b9a6	Label	DEFAULT
0000b9aa	LAB_0000b9aa	Label	DEFAULT
0000b9b2	LAB_0000b9b2	Label	DEFAULT
0000b9b6	LAB_0000b9b6	Label	DEFAULT
0000b9b8	LAB_0000b9b8	Label	DEFAULT
0000b9be	LAB_0000b9be	Label	DEFAULT
0000b9ce	LAB_0000b9ce	Label	DEFAULT
0000b9da	^StdTxMeas	Label	USER_DEFINED
0000b9e8	LAB_0000b9e8	Label	DEFAULT
0000b9f4	DAT_0000b9f4	Label	DEFAULT
0000bc9c	LAB_0000bc9c	Label	DEFAULT
0000bcac	LAB_0000bcac	Label	DEFAULT
0000bcc6	LAB_0000bcc6	Label	DEFAULT
0000bcd0	LAB_0000bcd0	Label	DEFAULT
0000bcd4	LAB_0000bcd4	Label	DEFAULT
0000bd88	LAB_0000bd88	Label	DEFAULT
0000bda4	LAB_0000bda4	Label	DEFAULT
0000bdb8	LAB_0000bdb8	Label	DEFAULT
0000bdc4	LAB_0000bdc4	Label	DEFAULT
0000bddc	LAB_0000bddc	Label	DEFAULT
0000be14	LAB_0000be14	Label	DEFAULT
0000be1e	SUB_0000be1e	Label	DEFAULT
0000be32	LAB_0000be32	Label	DEFAULT
0000be40	LAB_0000be40	Label	DEFAULT
0000be46	LAB_0000be46	Label	DEFAULT
0000be48	^StdBits	Label	USER_DEFINED
0000be5e	LAB_0000be5e	Label	DEFAULT
0000be8e	LAB_0000be8e	Label	DEFAULT
0000be9c	LAB_0000be9c	Label	DEFAULT
0000beb0	LAB_0000beb0	Label	DEFAULT
0000becc	LAB_0000becc	Label	DEFAULT
0000bee2	LAB_0000bee2	Label	DEFAULT
0000bef4	LAB_0000bef4	Label	DEFAULT
0000befa	LAB_0000befa	Label	DEFAULT
0000bf40	LAB_0000bf40	Label	DEFAULT
0000bf56	LAB_0000bf56	Label	DEFAULT
0000bf8e	LAB_0000bf8e	Label	DEFAULT
0000bf98	LAB_0000bf98	Label	DEFAULT
0000bfb6	LAB_0000bfb6	Label	DEFAULT
0000bfbc	DAT_0000bfbc	Label	DEFAULT
0000bfd4	DAT_0000bfd4	Label	DEFAULT
0000bfff	DAT_0000bfff	Label	DEFAULT
0000c000	DAT_0000c000	Label	DEFAULT
0000c00d	DAT_0000c00d	Label	DEFAULT
0000c00e	LAB_0000c00e	Label	DEFAULT
0000c112	LAB_0000c112	Label	DEFAULT
0000c12a	switchD_0000c12a::switchD	Label	ANALYSIS
0000c12e	switchD_0000c12a::caseD_e	Label	ANALYSIS
0000c134	LAB_0000c134	Label	DEFAULT
0000c135	LAB_0000c134+1	Label	DEFAULT
0000c136	DAT_0000c136	Label	DEFAULT
0000c138	switchD_0000c12a::switchdataD_0000c138	Label	ANALYSIS
0000c154	switchD_0000c12a::caseD_0	Label	ANALYSIS
0000c168	switchD_0000c12a::caseD_3	Label	ANALYSIS
0000c180	LAB_0000c180	Label	DEFAULT
0000c186	switchD_0000c12a::caseD_1	Label	ANALYSIS
0000c196	LAB_0000c196	Label	DEFAULT
0000c1a4	LAB_0000c1a4	Label	DEFAULT
0000c1aa	switchD_0000c12a::caseD_a	Label	ANALYSIS
0000c1b6	switchD_0000c12a::caseD_7	Label	ANALYSIS
0000c1bc	switchD_0000c12a::caseD_4	Label	ANALYSIS
0000c1c4	LAB_0000c1c4	Label	DEFAULT
0000c1da	LAB_0000c1da	Label	DEFAULT
0000c1e2	LAB_0000c1e2	Label	DEFAULT
0000c1f6	LAB_0000c1f6	Label	DEFAULT
0000c204	switchD_0000c12a::caseD_b	Label	ANALYSIS
0000c20a	switchD_0000c12a::caseD_2	Label	ANALYSIS
0000c20c	LAB_0000c20c	Label	DEFAULT
0000c25c	LAB_0000c25c	Label	DEFAULT
0000c264	LAB_0000c264	Label	DEFAULT
0000c26a	switchD_0000c12a::caseD_c	Label	ANALYSIS
0000c26e	switchD_0000c12a::caseD_d	Label	ANALYSIS
0000c272	switchD_0000c12a::caseD_9	Label	ANALYSIS
0000c276	switchD_0000c12a::caseD_6	Label	ANALYSIS
0000c27a	switchD_0000c12a::caseD_8	Label	ANALYSIS
0000c27e	switchD_0000c12a::caseD_5	Label	ANALYSIS
0000c28e	LAB_0000c28e	Label	DEFAULT
0000c296	SUB_0000c296	Label	DEFAULT
0000c298	LAB_0000c298	Label	DEFAULT
0000c29e	LAB_0000c29e	Label	DEFAULT
0000c2a2	LAB_0000c2a2	Label	DEFAULT
0000c2aa	LAB_0000c2aa	Label	DEFAULT
0000c2ae	LAB_0000c2ae	Label	DEFAULT
0000c2dc	LAB_0000c2dc	Label	DEFAULT
0000c2e2	LAB_0000c2e2	Label	DEFAULT
0000c2e6	LAB_0000c2e6	Label	DEFAULT
0000c2ec	LAB_0000c2ec	Label	DEFAULT
0000c2f8	LAB_0000c2f8	Label	DEFAULT
0000c2fa	LAB_0000c2fa	Label	DEFAULT
0000c308	SUB_0000c308	Label	DEFAULT
0000c326	LAB_0000c326	Label	DEFAULT
0000c344	LAB_0000c344	Label	DEFAULT
0000c346	LAB_0000c346	Label	DEFAULT
0000c352	LAB_0000c352	Label	DEFAULT
0000c358	LAB_0000c358	Label	DEFAULT
0000c362	LAB_0000c362	Label	DEFAULT
0000c36e	LAB_0000c36e	Label	DEFAULT
0000c37a	LAB_0000c37a	Label	DEFAULT
0000c382	LAB_0000c382	Label	DEFAULT
0000c392	LAB_0000c392	Label	DEFAULT
0000c39a	LAB_0000c39a	Label	DEFAULT
0000c3aa	LAB_0000c3aa	Label	DEFAULT
0000c3b0	LAB_0000c3b0	Label	DEFAULT
0000c3b4	LAB_0000c3b4	Label	DEFAULT
0000c3be	LAB_0000c3be	Label	DEFAULT
0000c3c6	LAB_0000c3c6	Label	DEFAULT
0000c3cd	LAB_0000c3ca+3	Label	DEFAULT
0000c3d0	LAB_0000c3d0	Label	DEFAULT
0000c3dc	LAB_0000c3dc	Label	DEFAULT
0000c3e6	LAB_0000c3e6	Label	DEFAULT
0000c3f0	LAB_0000c3f0	Label	DEFAULT
0000c3f8	LAB_0000c3f8	Label	DEFAULT
0000c400	SUB_0000c400	Label	DEFAULT
0000c406	LAB_0000c406	Label	DEFAULT
0000c412	LAB_0000c412	Label	DEFAULT
0000c426	LAB_0000c426	Label	DEFAULT
0000c428	LAB_0000c428	Label	DEFAULT
0000c450	LAB_0000c450	Label	DEFAULT
0000c452	LAB_0000c452	Label	DEFAULT
0000c478	LAB_0000c478	Label	DEFAULT
0000c49c	LAB_0000c49c	Label	DEFAULT
0000c4a2	LAB_0000c4a2	Label	DEFAULT
0000c4c8	LAB_0000c4c8	Label	DEFAULT
0000c4e4	LAB_0000c4e4	Label	DEFAULT
0000c4ea	LAB_0000c4ea	Label	DEFAULT
0000c4f2	LAB_0000c4f2	Label	DEFAULT
0000c4fa	LAB_0000c4fa	Label	DEFAULT
0000c516	LAB_0000c516	Label	DEFAULT
0000c51e	LAB_0000c51e	Label	DEFAULT
0000c524	LAB_0000c524	Label	DEFAULT
0000c528	LAB_0000c528	Label	DEFAULT
0000c52c	SUB_0000c52c	Label	DEFAULT
0000c542	LAB_0000c542	Label	DEFAULT
0000c556	LAB_0000c556	Label	DEFAULT
0000c564	LAB_0000c564	Label	DEFAULT
0000c576	DAT_0000c576	Label	DEFAULT
0000c584	LAB_0000c584	Label	DEFAULT
0000c590	DAT_0000c590	Label	DEFAULT
0000c5ea	LAB_0000c5ea	Label	DEFAULT
0000c5ec	LAB_0000c5ec	Label	DEFAULT
0000c5f2	LAB_0000c5f2	Label	DEFAULT
0000c5f6	LAB_0000c5f6	Label	DEFAULT
0000c62c	LAB_0000c62c	Label	DEFAULT
0000c634	LAB_0000c634	Label	DEFAULT
0000c638	LAB_0000c638	Label	DEFAULT
0000c692	LAB_0000c692	Label	DEFAULT
0000c6aa	LAB_0000c6aa	Label	DEFAULT
0000c6ca	SUB_0000c6ca	Label	DEFAULT
0000c6e8	LAB_0000c6e8	Label	DEFAULT
0000c6fc	LAB_0000c6fc	Label	DEFAULT
0000c70a	LAB_0000c70a	Label	DEFAULT
0000c70e	LAB_0000c70e	Label	DEFAULT
0000c71a	LAB_0000c71a	Label	DEFAULT
0000c71e	LAB_0000c71e	Label	DEFAULT
0000c72a	LAB_0000c72a	Label	DEFAULT
0000c72e	LAB_0000c72e	Label	DEFAULT
0000c736	LAB_0000c736	Label	DEFAULT
0000c74e	LAB_0000c74e	Label	DEFAULT
0000c76e	SUB_0000c76e	Label	DEFAULT
0000c780	LAB_0000c780	Label	DEFAULT
0000c79c	SUB_0000c79c	Label	DEFAULT
0000c7aa	LAB_0000c7aa	Label	DEFAULT
0000c7c6	LAB_0000c7c6	Label	DEFAULT
0000c7cc	LAB_0000c7cc	Label	DEFAULT
0000c7ce	SUB_0000c7ce	Label	DEFAULT
0000c7e4	LAB_0000c7e4	Label	DEFAULT
0000c7fe	LAB_0000c7fe	Label	DEFAULT
0000c80c	LAB_0000c80c	Label	DEFAULT
0000c826	LAB_0000c826	Label	DEFAULT
0000c82c	SUB_0000c82c	Label	DEFAULT
0000c83c	LAB_0000c83c	Label	DEFAULT
0000c848	DAT_0000c848	Label	DEFAULT
0000c84a	PTR_PTR_0000c84a	Label	DEFAULT
0000c84e	PTR_DAT_0000c84e	Label	DEFAULT
0000c866	DAT_0000c866	Label	DEFAULT
0000c894	PTR_LAB_0000c894	Label	DEFAULT
0000c898	KeyTrans	Label	USER_DEFINED
0000c8d2	LAB_0000c8d2	Label	DEFAULT
0000c8dc	LAB_0000c8dc	Label	DEFAULT
0000c8f8	LAB_0000c8f8	Label	DEFAULT
0000c8fc	LAB_0000c8fc	Label	DEFAULT
0000c908	PTR_LAB_0000c908	Label	DEFAULT
0000c90c	LAB_0000c90c	Label	DEFAULT
0000c92a	LAB_0000c92a	Label	DEFAULT
0000c95a	LAB_0000c95a	Label	DEFAULT
0000ca16	DAT_0000ca16	Label	DEFAULT
0000ca18	PTR_^BufPtr_0000ca18	Label	DEFAULT
0000ca26	DAT_0000ca26	Label	DEFAULT
0000ca2a	DAT_0000ca2a	Label	DEFAULT
0000ca2c	DAT_0000ca2c	Label	DEFAULT
0000ca32	PTR_PTR_0000ca32	Label	DEFAULT
0000caa2	DAT_0000caa2	Label	DEFAULT
0000cb80	SUB_0000cb80	Label	DEFAULT
0000cbbc	SUB_0000cbbc	Label	DEFAULT
0000cbd2	SUB_0000cbd2	Label	DEFAULT
0000cc0a	DAT_0000cc0a	Label	DEFAULT
0000cc34	LAB_0000cc34	Label	DEFAULT
0000cc40	LAB_0000cc40	Label	DEFAULT
0000cc5e	LAB_0000cc5e	Label	DEFAULT
0000ccca	LAB_0000ccca	Label	DEFAULT
0000ccec	LAB_0000ccec	Label	DEFAULT
0000cd42	LAB_0000cd42	Label	DEFAULT
0000cd46	LAB_0000cd46	Label	DEFAULT
0000cd48	SUB_0000cd48	Label	DEFAULT
0000cd5e	SUB_0000cd5e	Label	DEFAULT
0000cdd4	LAB_0000cdd4	Label	DEFAULT
0000cdda	LAB_0000cdda	Label	DEFAULT
0000cde4	SUB_0000cde4	Label	DEFAULT
0000cdf2	SUB_0000cdf2	Label	DEFAULT
0000ce08	LAB_0000ce08	Label	DEFAULT
0000ce0c	LAB_0000ce0c	Label	DEFAULT
0000ce36	LAB_0000ce36	Label	DEFAULT
0000ce40	LAB_0000ce40	Label	DEFAULT
0000ce5c	LAB_0000ce5c	Label	DEFAULT
0000ce66	LAB_0000ce66	Label	DEFAULT
0000ce6e	LAB_0000ce6e	Label	DEFAULT
0000ce7e	LAB_0000ce7e	Label	DEFAULT
0000ce84	LAB_0000ce84	Label	DEFAULT
0000ce98	LAB_0000ce98	Label	DEFAULT
0000ce9c	LAB_0000ce9c	Label	DEFAULT
0000ce9e	SUB_0000ce9e	Label	DEFAULT
0000ceb2	LAB_0000ceb2	Label	DEFAULT
0000cebe	LAB_0000cebe	Label	DEFAULT
0000cec0	SUB_0000cec0	Label	DEFAULT
0000ceec	LAB_0000ceec	Label	DEFAULT
0000ceee	SUB_0000ceee	Label	DEFAULT
0000cef2	SUB_0000cef2	Label	DEFAULT
0000cf54	LAB_0000cf54	Label	DEFAULT
0000cf5a	LAB_0000cf5a	Label	DEFAULT
0000cf66	LAB_0000cf66	Label	DEFAULT
0000cf6e	LAB_0000cf6e	Label	DEFAULT
0000cf7e	LAB_0000cf7e	Label	DEFAULT
0000cf8a	LAB_0000cf8a	Label	DEFAULT
0000d046	SUB_0000d046	Label	DEFAULT
0000d0d4	SUB_0000d0d4	Label	DEFAULT
0000d10c	LAB_0000d10c	Label	DEFAULT
0000d112	LAB_0000d112	Label	DEFAULT
0000d114	LAB_0000d114	Label	DEFAULT
0000d116	LAB_0000d116	Label	DEFAULT
0000d416	SUB_0000d416	Label	DEFAULT
0000d460	LAB_0000d460	Label	DEFAULT
0000d472	LAB_0000d472	Label	DEFAULT
0000d4ee	LAB_0000d4ee	Label	DEFAULT
0000d4f4	LAB_0000d4f4	Label	DEFAULT
0000d4fa	LAB_0000d4fa	Label	DEFAULT
0000d508	LAB_0000d508	Label	DEFAULT
0000d552	LAB_0000d552	Label	DEFAULT
0000d556	LAB_0000d556	Label	DEFAULT
0000d55c	SUB_0000d55c	Label	DEFAULT
0000d86e	DAT_0000d86e	Label	DEFAULT
0000d88a	LAB_0000d88a	Label	DEFAULT
0000d8bc	LAB_0000d8bc	Label	DEFAULT
0000d8f0	LAB_0000d8f0	Label	DEFAULT
0000d8f6	LAB_0000d8f6	Label	DEFAULT
0000d900	SUB_0000d900	Label	DEFAULT
0000d91a	LAB_0000d91a	Label	DEFAULT
0000d92e	LAB_0000d92e	Label	DEFAULT
0000d93a	LAB_0000d93a	Label	DEFAULT
0000d946	LAB_0000d946	Label	DEFAULT
0000d950	LAB_0000d950	Label	DEFAULT
0000d9ac	LAB_0000d9ac	Label	DEFAULT
0000d9b2	LAB_0000d9b2	Label	DEFAULT
0000d9be	LAB_0000d9be	Label	DEFAULT
0000d9c0	LAB_0000d9c0	Label	DEFAULT
0000d9f0	LAB_0000d9f0	Label	DEFAULT
0000d9f4	LAB_0000d9f4	Label	DEFAULT
0000d9fa	LAB_0000d9fa	Label	DEFAULT
0000da2a	LAB_0000da2a	Label	DEFAULT
0000da2e	SUB_0000da2e	Label	DEFAULT
0000da52	LAB_0000da52	Label	DEFAULT
0000da54	SUB_0000da54	Label	DEFAULT
0000da76	LAB_0000da76	Label	DEFAULT
0000da7c	SUB_0000da7c	Label	DEFAULT
0000dad8	LAB_0000dad8	Label	DEFAULT
0000dadc	LAB_0000dadc	Label	DEFAULT
0000dade	SUB_0000dade	Label	DEFAULT
0000daf4	SUB_0000daf4	Label	DEFAULT
0000db0e	LAB_0000db0e	Label	DEFAULT
0000db14	LAB_0000db14	Label	DEFAULT
0000db16	LAB_0000db16	Label	DEFAULT
0000db20	LAB_0000db20	Label	DEFAULT
0000db52	LAB_0000db52	Label	DEFAULT
0000db56	LAB_0000db56	Label	DEFAULT
0000db74	LAB_0000db74	Label	DEFAULT
0000db80	LAB_0000db80	Label	DEFAULT
0000dbb0	LAB_0000dbb0	Label	DEFAULT
0000dc2c	SUB_0000dc2c	Label	DEFAULT
0000dc46	LAB_0000dc46	Label	DEFAULT
0000dc48	SUB_0000dc48	Label	DEFAULT
0000dc78	LAB_0000dc78	Label	DEFAULT
0000dd46	SUB_0000dd46	Label	DEFAULT
0000dd6c	SUB_0000dd6c	Label	DEFAULT
0000dd92	LAB_0000dd92	Label	DEFAULT
0000dda0	SUB_0000dda0	Label	DEFAULT
0000ddac	LAB_0000ddac	Label	DEFAULT
0000ddae	SUB_0000ddae	Label	DEFAULT
0000ddc0	LAB_0000ddc0	Label	DEFAULT
0000de0a	LAB_0000de0a	Label	DEFAULT
0000de0e	LAB_0000de0e	Label	DEFAULT
0000de12	LAB_0000de12	Label	DEFAULT
0000de32	LAB_0000de32	Label	DEFAULT
0000de3e	LAB_0000de3e	Label	DEFAULT
0000de56	LAB_0000de56	Label	DEFAULT
0000de76	LAB_0000de76	Label	DEFAULT
0000de8a	LAB_0000de8a	Label	DEFAULT
0000de98	LAB_0000de98	Label	DEFAULT
0000de9c	LAB_0000de9c	Label	DEFAULT
0000dea0	LAB_0000dea0	Label	DEFAULT
0000deae	SUB_0000deae	Label	DEFAULT
0000dec0	LAB_0000dec0	Label	DEFAULT
0000dec6	LAB_0000dec6	Label	DEFAULT
0000ded6	LAB_0000ded6	Label	DEFAULT
0000dedc	LAB_0000dedc	Label	DEFAULT
0000df00	LAB_0000df00	Label	DEFAULT
0000df18	LAB_0000df18	Label	DEFAULT
0000df2c	LAB_0000df2c	Label	DEFAULT
0000df36	LAB_0000df36	Label	DEFAULT
0000df50	LAB_0000df50	Label	DEFAULT
0000df54	LAB_0000df54	Label	DEFAULT
0000df5e	LAB_0000df5e	Label	DEFAULT
0000df6c	LAB_0000df6c	Label	DEFAULT
0000dfba	LAB_0000dfba	Label	DEFAULT
0000dfcc	LAB_0000dfcc	Label	DEFAULT
0000dfd4	LAB_0000dfd4	Label	DEFAULT
0000e000	LAB_0000e000	Label	DEFAULT
0000e00a	LAB_0000e00a	Label	DEFAULT
0000e022	LAB_0000e022	Label	DEFAULT
0000e02c	LAB_0000e02c	Label	DEFAULT
0000e032	LAB_0000e032	Label	DEFAULT
0000e03e	LAB_0000e03e	Label	DEFAULT
0000e044	SUB_0000e044	Label	DEFAULT
0000e04e	LAB_0000e04e	Label	DEFAULT
0000e054	SUB_0000e054	Label	DEFAULT
0000e060	SUB_0000e060	Label	DEFAULT
0000e078	LAB_0000e078	Label	DEFAULT
0000e156	LAB_0000e156	Label	DEFAULT
0000e214	SUB_0000e214	Label	DEFAULT
0000e21e	LAB_0000e21e	Label	DEFAULT
0000e222	LAB_0000e222	Label	DEFAULT
0000e224	SUB_0000e224	Label	DEFAULT
0000e22a	DAT_0000e22a	Label	DEFAULT
0000e366	SUB_0000e366	Label	DEFAULT
0000e3d6	SUB_0000e3d6	Label	DEFAULT
0000e3ea	LAB_0000e3ea	Label	DEFAULT
0000e3ee	LAB_0000e3ee	Label	DEFAULT
0000e400	LAB_0000e400	Label	DEFAULT
0000e40e	LAB_0000e40e	Label	DEFAULT
0000e416	SUB_0000e416	Label	DEFAULT
0000e43a	LAB_0000e43a	Label	DEFAULT
0000e448	LAB_0000e448	Label	DEFAULT
0000e458	LAB_0000e458	Label	DEFAULT
0000e466	LAB_0000e466	Label	DEFAULT
0000e482	LAB_0000e482	Label	DEFAULT
0000e492	LAB_0000e492	Label	DEFAULT
0000e4a0	LAB_0000e4a0	Label	DEFAULT
0000e4b0	LAB_0000e4b0	Label	DEFAULT
0000e4b6	LAB_0000e4b6	Label	DEFAULT
0000e4ba	SUB_0000e4ba	Label	DEFAULT
0000e4c8	LAB_0000e4c8	Label	DEFAULT
0000e4ea	LAB_0000e4ea	Label	DEFAULT
0000e4ec	LAB_0000e4ec	Label	DEFAULT
0000e4f2	LAB_0000e4f2	Label	DEFAULT
0000e5c4	SUB_0000e5c4	Label	DEFAULT
0000e5d8	LAB_0000e5d8	Label	DEFAULT
0000e5e2	LAB_0000e5e2	Label	DEFAULT
0000e5fe	LAB_0000e5fe	Label	DEFAULT
0000e608	LAB_0000e608	Label	DEFAULT
0000e60a	LAB_0000e60a	Label	DEFAULT
0000e60e	SUB_0000e60e	Label	DEFAULT
0000e62a	LAB_0000e62a	Label	DEFAULT
0000e62e	LAB_0000e62e	Label	DEFAULT
0000e63e	LAB_0000e63e	Label	DEFAULT
0000e650	LAB_0000e650	Label	DEFAULT
0000e654	LAB_0000e654	Label	DEFAULT
0000e65c	SUB_0000e65c	Label	DEFAULT
0000e676	LAB_0000e676	Label	DEFAULT
0000e67a	LAB_0000e67a	Label	DEFAULT
0000e67e	LAB_0000e67e	Label	DEFAULT
0000e682	SUB_0000e682	Label	DEFAULT
0000e68e	SUB_0000e68e	Label	DEFAULT
0000e690	SUB_0000e690	Label	DEFAULT
0000e6ba	LAB_0000e6ba	Label	DEFAULT
0000e6c0	LAB_0000e6c0	Label	DEFAULT
0000e70c	LAB_0000e70c	Label	DEFAULT
0000e734	LAB_0000e734	Label	DEFAULT
0000e738	LAB_0000e738	Label	DEFAULT
0000e74a	SUB_0000e74a	Label	DEFAULT
0000e75a	LAB_0000e75a	Label	DEFAULT
0000e768	LAB_0000e768	Label	DEFAULT
0000e778	LAB_0000e778	Label	DEFAULT
0000e77c	LAB_0000e77c	Label	DEFAULT
0000e77e	LAB_0000e77e	Label	DEFAULT
0000e786	SUB_0000e786	Label	DEFAULT
0000e794	LAB_0000e794	Label	DEFAULT
0000e796	LAB_0000e796	Label	DEFAULT
0000e7e8	LAB_0000e7e8	Label	DEFAULT
0000e7ec	SUB_0000e7ec	Label	DEFAULT
0000e812	LAB_0000e812	Label	DEFAULT
0000e818	SUB_0000e818	Label	DEFAULT
0000e842	LAB_0000e842	Label	DEFAULT
0000e85c	LAB_0000e85c	Label	DEFAULT
0000e86a	LAB_0000e86a	Label	DEFAULT
0000e87a	LAB_0000e87a	Label	DEFAULT
0000e894	SUB_0000e894	Label	DEFAULT
0000e8be	LAB_0000e8be	Label	DEFAULT
0000e8d8	LAB_0000e8d8	Label	DEFAULT
0000e8dc	LAB_0000e8dc	Label	DEFAULT
0000e8fe	LAB_0000e8fe	Label	DEFAULT
0000e900	SUB_0000e900	Label	DEFAULT
0000e93c	LAB_0000e93c	Label	DEFAULT
0000e94e	LAB_0000e94e	Label	DEFAULT
0000e96e	LAB_0000e96e	Label	DEFAULT
0000e974	SUB_0000e974	Label	DEFAULT
0000e978	LAB_0000e978	Label	DEFAULT
0000e986	LAB_0000e986	Label	DEFAULT
0000e98e	SUB_0000e98e	Label	DEFAULT
0000e9ce	LAB_0000e9ce	Label	DEFAULT
0000e9d4	SUB_0000e9d4	Label	DEFAULT
0000e9da	LAB_0000e9da	Label	DEFAULT
0000e9e4	LAB_0000e9e4	Label	DEFAULT
0000e9e8	LAB_0000e9e8	Label	DEFAULT
0000e9f8	LAB_0000e9f8	Label	DEFAULT
0000e9fa	SUB_0000e9fa	Label	DEFAULT
0000e9fe	LAB_0000e9fe	Label	DEFAULT
0000ea0c	LAB_0000ea0c	Label	DEFAULT
0000ea0e	LAB_0000ea0e	Label	DEFAULT
0000ea10	SUB_0000ea10	Label	DEFAULT
0000ea28	^TEWdBreak	Label	USER_DEFINED
0000ea2a	PTR_DAT_0000ea2a	Label	DEFAULT
0000ea48	SUB_0000ea48	Label	DEFAULT
0000ea5c	LAB_0000ea5c	Label	DEFAULT
0000ea70	LAB_0000ea70	Label	DEFAULT
0000ea82	LAB_0000ea82	Label	DEFAULT
0000eaa2	LAB_0000eaa2	Label	DEFAULT
0000eaa4	LAB_0000eaa4	Label	DEFAULT
0000eaaa	SUB_0000eaaa	Label	DEFAULT
0000eac6	SUB_0000eac6	Label	DEFAULT
0000eacc	LAB_0000eacc	Label	DEFAULT
0000eae2	LAB_0000eae2	Label	DEFAULT
0000eafa	LAB_0000eafa	Label	DEFAULT
0000eb24	LAB_0000eb24	Label	DEFAULT
0000eb2a	LAB_0000eb2a	Label	DEFAULT
0000eb34	LAB_0000eb34	Label	DEFAULT
0000eb52	LAB_0000eb52	Label	DEFAULT
0000eb5c	LAB_0000eb5c	Label	DEFAULT
0000eb60	LAB_0000eb60	Label	DEFAULT
0000eb68	SUB_0000eb68	Label	DEFAULT
0000eb6e	LAB_0000eb6e	Label	DEFAULT
0000eba0	LAB_0000eba0	Label	DEFAULT
0000ebb2	LAB_0000ebb2	Label	DEFAULT
0000ebba	LAB_0000ebba	Label	DEFAULT
0000ebc6	LAB_0000ebc6	Label	DEFAULT
0000ebe4	LAB_0000ebe4	Label	DEFAULT
0000ebf2	LAB_0000ebf2	Label	DEFAULT
0000ebf8	LAB_0000ebf8	Label	DEFAULT
0000ec0e	LAB_0000ec0e	Label	DEFAULT
0000ec3e	LAB_0000ec3e	Label	DEFAULT
0000ec46	SUB_0000ec46	Label	DEFAULT
0000ec56	LAB_0000ec56	Label	DEFAULT
0000ec72	LAB_0000ec72	Label	DEFAULT
0000ec78	LAB_0000ec78	Label	DEFAULT
0000ec92	LAB_0000ec92	Label	DEFAULT
0000ec9e	LAB_0000ec9e	Label	DEFAULT
0000ecba	LAB_0000ecba	Label	DEFAULT
0000ecd6	LAB_0000ecd6	Label	DEFAULT
0000ecf8	LAB_0000ecf8	Label	DEFAULT
0000ed02	LAB_0000ed02	Label	DEFAULT
0000ed14	LAB_0000ed14	Label	DEFAULT
0000ed54	LAB_0000ed54	Label	DEFAULT
0000ed62	LAB_0000ed62	Label	DEFAULT
0000ed68	SUB_0000ed68	Label	DEFAULT
0000edb8	LAB_0000edb8	Label	DEFAULT
0000edce	LAB_0000edce	Label	DEFAULT
0000ede8	LAB_0000ede8	Label	DEFAULT
0000edf0	LAB_0000edf0	Label	DEFAULT
0000ee00	LAB_0000ee00	Label	DEFAULT
0000ee02	LAB_0000ee02	Label	DEFAULT
0000ee10	LAB_0000ee10	Label	DEFAULT
0000ee3c	LAB_0000ee3c	Label	DEFAULT
0000ee42	SUB_0000ee42	Label	DEFAULT
0000ee56	SUB_0000ee56	Label	DEFAULT
0000ee60	LAB_0000ee60	Label	DEFAULT
0000ee62	SUB_0000ee62	Label	DEFAULT
0000ee76	SUB_0000ee76	Label	DEFAULT
0000ee98	LAB_0000ee98	Label	DEFAULT
0000ee9c	LAB_0000ee9c	Label	DEFAULT
0000eea0	LAB_0000eea0	Label	DEFAULT
0000eea2	LAB_0000eea2	Label	DEFAULT
0000eeba	LAB_0000eeba	Label	DEFAULT
0000eec2	LAB_0000eec2	Label	DEFAULT
0000eec4	LAB_0000eec4	Label	DEFAULT
0000eeda	LAB_0000eeda	Label	DEFAULT
0000ef00	LAB_0000ef00	Label	DEFAULT
0000ef04	LAB_0000ef04	Label	DEFAULT
0000ef0e	SUB_0000ef0e	Label	DEFAULT
0000ef42	LAB_0000ef42	Label	DEFAULT
0000ef48	LAB_0000ef48	Label	DEFAULT
0000ef5e	LAB_0000ef5e	Label	DEFAULT
0000ef6a	SUB_0000ef6a	Label	DEFAULT
0000ef9c	LAB_0000ef9c	Label	DEFAULT
0000efa0	LAB_0000efa0	Label	DEFAULT
0000efa6	SUB_0000efa6	Label	DEFAULT
0000efbe	LAB_0000efbe	Label	DEFAULT
0000efc0	LAB_0000efc0	Label	DEFAULT
0000f000	SUB_0000f000	Label	DEFAULT
0000f040	LAB_0000f040	Label	DEFAULT
0000f04e	LAB_0000f04e	Label	DEFAULT
0000f056	LAB_0000f056	Label	DEFAULT
0000f058	SUB_0000f058	Label	DEFAULT
0000f076	LAB_0000f076	Label	DEFAULT
0000f07c	LAB_0000f07c	Label	DEFAULT
0000f088	LAB_0000f088	Label	DEFAULT
0000f0ae	LAB_0000f0ae	Label	DEFAULT
0000f0b4	LAB_0000f0b4	Label	DEFAULT
0000f0d6	SUB_0000f0d6	Label	DEFAULT
0000f11e	SUB_0000f11e	Label	DEFAULT
0000f142	LAB_0000f142	Label	DEFAULT
0000f148	SUB_0000f148	Label	DEFAULT
0000f160	LAB_0000f160	Label	DEFAULT
0000f168	LAB_0000f168	Label	DEFAULT
0000f174	LAB_0000f174	Label	DEFAULT
0000f180	LAB_0000f180	Label	DEFAULT
0000f184	SUB_0000f184	Label	DEFAULT
0000f18e	LAB_0000f18e	Label	DEFAULT
0000f196	LAB_0000f196	Label	DEFAULT
0000f19c	SUB_0000f19c	Label	DEFAULT
0000f1b2	LAB_0000f1b2	Label	DEFAULT
0000f1e0	LAB_0000f1e0	Label	DEFAULT
0000f1ee	SUB_0000f1ee	Label	DEFAULT
0000f204	SUB_0000f204	Label	DEFAULT
0000f238	LAB_0000f238	Label	DEFAULT
0000f246	LAB_0000f246	Label	DEFAULT
0000f248	SUB_0000f248	Label	DEFAULT
0000f268	LAB_0000f268	Label	DEFAULT
0000f26a	LAB_0000f26a	Label	DEFAULT
0000f292	LAB_0000f292	Label	DEFAULT
0000f298	LAB_0000f298	Label	DEFAULT
0000f2c0	LAB_0000f2c0	Label	DEFAULT
0000f2c2	LAB_0000f2c2	Label	DEFAULT
0000f2c4	LAB_0000f2c4	Label	DEFAULT
0000f2ee	LAB_0000f2ee	Label	DEFAULT
0000f2f6	LAB_0000f2f6	Label	DEFAULT
0000f2fe	LAB_0000f2fe	Label	DEFAULT
0000f30e	LAB_0000f30e	Label	DEFAULT
0000f31c	LAB_0000f31c	Label	DEFAULT
0000f332	LAB_0000f332	Label	DEFAULT
0000f336	LAB_0000f336	Label	DEFAULT
0000f33c	SUB_0000f33c	Label	DEFAULT
0000f358	LAB_0000f358	Label	DEFAULT
0000f366	LAB_0000f366	Label	DEFAULT
0000f36a	SUB_0000f36a	Label	DEFAULT
0000f382	LAB_0000f382	Label	DEFAULT
0000f38c	SUB_0000f38c	Label	DEFAULT
0000f3a8	LAB_0000f3a8	Label	DEFAULT
0000f3b4	LAB_0000f3b4	Label	DEFAULT
0000f3ba	SUB_0000f3ba	Label	DEFAULT
0000f3e6	LAB_0000f3e6	Label	DEFAULT
0000f3e8	SUB_0000f3e8	Label	DEFAULT
0000f3fc	LAB_0000f3fc	Label	DEFAULT
0000f3fe	LAB_0000f3fe	Label	DEFAULT
0000f426	LAB_0000f426	Label	DEFAULT
0000f43e	LAB_0000f43e	Label	DEFAULT
0000f44a	LAB_0000f44a	Label	DEFAULT
0000f44c	LAB_0000f44c	Label	DEFAULT
0000f466	LAB_0000f466	Label	DEFAULT
0000f474	LAB_0000f474	Label	DEFAULT
0000f478	LAB_0000f478	Label	DEFAULT
0000f486	LAB_0000f486	Label	DEFAULT
0000f490	SUB_0000f490	Label	DEFAULT
0000f4fa	LAB_0000f4fa	Label	DEFAULT
0000f4fc	LAB_0000f4fc	Label	DEFAULT
0000f514	LAB_0000f514	Label	DEFAULT
0000f518	LAB_0000f518	Label	DEFAULT
0000f520	LAB_0000f520	Label	DEFAULT
0000f55e	LAB_0000f55e	Label	DEFAULT
0000f568	LAB_0000f568	Label	DEFAULT
0000f578	LAB_0000f578	Label	DEFAULT
0000f580	LAB_0000f580	Label	DEFAULT
0000f582	LAB_0000f582	Label	DEFAULT
0000f584	LAB_0000f584	Label	DEFAULT
0000f586	LAB_0000f586	Label	DEFAULT
0000f588	LAB_0000f588	Label	DEFAULT
0000f594	SUB_0000f594	Label	DEFAULT
0000f5aa	LAB_0000f5aa	Label	DEFAULT
0000f5c8	LAB_0000f5c8	Label	DEFAULT
0000f5cc	LAB_0000f5cc	Label	DEFAULT
0000f5ce	LAB_0000f5ce	Label	DEFAULT
0000f5d4	LAB_0000f5d4	Label	DEFAULT
0000f5e2	SUB_0000f5e2	Label	DEFAULT
0000f5f8	LAB_0000f5f8	Label	DEFAULT
0000f604	LAB_0000f604	Label	DEFAULT
0000f608	SUB_0000f608	Label	DEFAULT
0000f61c	SUB_0000f61c	Label	DEFAULT
0000f628	LAB_0000f628	Label	DEFAULT
0000f630	LAB_0000f630	Label	DEFAULT
0000f63e	SUB_0000f63e	Label	DEFAULT
0000f65c	LAB_0000f65c	Label	DEFAULT
0000f682	LAB_0000f682	Label	DEFAULT
0000f694	LAB_0000f694	Label	DEFAULT
0000f6aa	LAB_0000f6aa	Label	DEFAULT
0000f6b2	LAB_0000f6b2	Label	DEFAULT
0000f6b6	LAB_0000f6b6	Label	DEFAULT
0000f6c8	LAB_0000f6c8	Label	DEFAULT
0000f6da	LAB_0000f6da	Label	DEFAULT
0000f6ea	LAB_0000f6ea	Label	DEFAULT
0000f6f4	LAB_0000f6f4	Label	DEFAULT
0000f6f8	LAB_0000f6f8	Label	DEFAULT
0000f9c4	SUB_0000f9c4	Label	DEFAULT
0000f9f6	LAB_0000f9f6	Label	DEFAULT
0000fa10	LAB_0000fa10	Label	DEFAULT
0000fa14	LAB_0000fa14	Label	DEFAULT
0000fa18	SUB_0000fa18	Label	DEFAULT
0000fa38	LAB_0000fa38	Label	DEFAULT
0000fa54	LAB_0000fa54	Label	DEFAULT
0000fa5e	LAB_0000fa5e	Label	DEFAULT
0000fb1c	LAB_0000fb1c	Label	DEFAULT
0000fb5e	SUB_0000fb5e	Label	DEFAULT
0000fb8c	DAT_0000fb8c	Label	DEFAULT
0000fb9c	SUB_0000fb9c	Label	DEFAULT
0000fbb2	LAB_0000fbb2	Label	DEFAULT
0000fbb6	LAB_0000fbb6	Label	DEFAULT
0000fbbe	LAB_0000fbbe	Label	DEFAULT
0000fe47	DAT_0000fe47	Label	DEFAULT
0000ff00	DAT_0000ff00	Label	DEFAULT
0000ff01	DAT_0000ff01	Label	DEFAULT
0000ff32	DAT_0000ff32	Label	DEFAULT
0000ff33	DAT_0000ff33	Label	DEFAULT
0000ff34	DAT_0000ff34	Label	DEFAULT
0000ff35	DAT_0000ff35	Label	DEFAULT
0000ff39	DAT_0000ff39	Label	DEFAULT
0000ff3e	DAT_0000ff3e	Label	DEFAULT
0000ff3f	DAT_0000ff3f	Label	DEFAULT
0000ff40	DAT_0000ff40	Label	DEFAULT
0000ff66	LAB_0000ff66	Label	DEFAULT
0000ff78	PTR_DAT_0000ff78	Label	DEFAULT
0000ff7a	PTR_DAT_0000ff78+2	Label	DEFAULT
0000ff7b	PTR_DAT_0000ff78+3	Label	DEFAULT
0000ff81	DAT_0000ff81	Label	DEFAULT
0000ff86	DAT_0000ff86	Label	DEFAULT
0000ff8c	DAT_0000ff8c	Label	DEFAULT
0000ff94	DAT_0000ff94	Label	DEFAULT
0000ffa8	DAT_0000ffa8	Label	DEFAULT
0000ffb0	DAT_0000ffb0	Label	DEFAULT
0000ffb3	DAT_0000ffb3	Label	DEFAULT
0000ffb4	DAT_0000ffb4	Label	DEFAULT
0000ffb5	DAT_0000ffb5	Label	DEFAULT
0000ffd4	DAT_0000ffd4	Label	DEFAULT
0000ffd5	DAT_0000ffd5	Label	DEFAULT
0000ffdf	^IORefNum	Label	USER_DEFINED
0000ffe4	PTR_LAB_0000ffe4	Label	DEFAULT
0000ffe9	DAT_0000ffe9	Label	DEFAULT
0000ffea	DAT_0000ffea	Label	DEFAULT
0000ffeb	DAT_0000ffeb	Label	DEFAULT
0000fff5	DAT_0000fff5	Label	DEFAULT
0000fff8	DAT_0000fff8	Label	DEFAULT
0000fffa	DAT_0000fffa	Label	DEFAULT
0000fffb	DAT_0000fffb	Label	DEFAULT
0000fffc	DAT_0000fffc	Label	DEFAULT
0000fffd	DAT_0000fffd	Label	DEFAULT
0000fffe	DAT_0000fffe	Label	DEFAULT
0000ffff	DAT_0000ffff	Label	DEFAULT
00010000	LAB_00010000	Label	DEFAULT
00010060	LAB_00010060	Label	DEFAULT
00010082	LAB_00010082	Label	DEFAULT
00010084	LAB_00010084	Label	DEFAULT
00010090	SUB_00010090	Label	DEFAULT
000100b0	SUB_000100b0	Label	DEFAULT
000100e8	LAB_000100e8	Label	DEFAULT
000100ea	SUB_000100ea	Label	DEFAULT
00010128	SUB_00010128	Label	DEFAULT
00010166	LAB_00010166	Label	DEFAULT
00010178	LAB_00010178	Label	DEFAULT
00010184	LAB_00010184	Label	DEFAULT
00010186	LAB_00010186	Label	DEFAULT
0001019e	DAT_0001019e	Label	DEFAULT
00010203	DAT_00010203	Label	DEFAULT
0001023a	LAB_0001023a	Label	DEFAULT
00010240	SUB_00010240	Label	DEFAULT
00010260	LAB_00010260	Label	DEFAULT
00010270	LAB_00010270	Label	DEFAULT
00010272	LAB_00010272	Label	DEFAULT
00010278	SUB_00010278	Label	DEFAULT
00010284	LAB_00010284	Label	DEFAULT
00010294	LAB_00010294	Label	DEFAULT
00010296	LAB_00010296	Label	DEFAULT
0001029a	LAB_0001029a	Label	DEFAULT
000102b6	LAB_000102b6	Label	DEFAULT
000102ba	LAB_000102ba	Label	DEFAULT
000102c0	LAB_000102c0	Label	DEFAULT
000102ec	LAB_000102ec	Label	DEFAULT
00010316	LAB_00010316	Label	DEFAULT
00010320	LAB_00010320	Label	DEFAULT
0001033c	LAB_0001033c	Label	DEFAULT
00010356	LAB_00010356	Label	DEFAULT
0001035e	LAB_0001035e	Label	DEFAULT
00010372	LAB_00010372	Label	DEFAULT
00010376	LAB_00010376	Label	DEFAULT
0001037a	SUB_0001037a	Label	DEFAULT
0001038a	SUB_0001038a	Label	DEFAULT
0001039e	SUB_0001039e	Label	DEFAULT
000103ac	SUB_000103ac	Label	DEFAULT
000103b8	SUB_000103b8	Label	DEFAULT
000103c4	LAB_000103c4	Label	DEFAULT
000103d0	SUB_000103d0	Label	DEFAULT
00010405	DAT_00010405	Label	DEFAULT
000109c6	SUB_000109c6	Label	DEFAULT
000109f6	LAB_000109f6	Label	DEFAULT
00010a4e	LAB_00010a4e	Label	DEFAULT
00010a62	LAB_00010a62	Label	DEFAULT
00010a7a	LAB_00010a7a	Label	DEFAULT
00010a8c	LAB_00010a8c	Label	DEFAULT
00010a8e	LAB_00010a8e	Label	DEFAULT
00010a92	LAB_00010a92	Label	DEFAULT
00010ab8	LAB_00010ab8	Label	DEFAULT
00010abc	LAB_00010abc	Label	DEFAULT
00010ac0	LAB_00010ac0	Label	DEFAULT
00010ac4	SUB_00010ac4	Label	DEFAULT
00010ac8	SUB_00010ac8	Label	DEFAULT
00010aca	LAB_00010aca	Label	DEFAULT
00010ad0	SUB_00010ad0	Label	DEFAULT
00010b22	SUB_00010b22	Label	DEFAULT
00010b30	LAB_00010b30	Label	DEFAULT
00010b3e	LAB_00010b3e	Label	DEFAULT
00010b48	LAB_00010b48	Label	DEFAULT
00010b54	LAB_00010b54	Label	DEFAULT
00010b74	LAB_00010b74	Label	DEFAULT
00010b7a	LAB_00010b7a	Label	DEFAULT
00010b96	LAB_00010b96	Label	DEFAULT
00010b9e	LAB_00010b9e	Label	DEFAULT
00010ba2	LAB_00010ba2	Label	DEFAULT
00010ba6	LAB_00010ba6	Label	DEFAULT
00010baa	LAB_00010baa	Label	DEFAULT
00010bae	LAB_00010bae	Label	DEFAULT
00010bb2	LAB_00010bb2	Label	DEFAULT
00010bb6	LAB_00010bb6	Label	DEFAULT
00010bba	LAB_00010bba	Label	DEFAULT
00010bbe	LAB_00010bbe	Label	DEFAULT
00010bcc	LAB_00010bcc	Label	DEFAULT
00010d2a	LAB_00010d2a	Label	DEFAULT
00010d46	LAB_00010d46	Label	DEFAULT
00010d4a	LAB_00010d4a	Label	DEFAULT
00010d70	SUB_00010d70	Label	DEFAULT
00010d80	LAB_00010d80	Label	DEFAULT
00010da6	LAB_00010da6	Label	DEFAULT
00010dba	LAB_00010dba	Label	DEFAULT
00010e00	LAB_00010e00	Label	DEFAULT
00010e0c	DAT_00010e0c	Label	DEFAULT
00010e0f	DAT_00010e0f	Label	DEFAULT
00010e14	LAB_00010e14	Label	DEFAULT
00010e36	SUB_00010e36	Label	DEFAULT
00010e3e	LAB_00010e3e	Label	DEFAULT
00010e52	SUB_00010e52	Label	DEFAULT
00010e5c	DAT_00010e5c	Label	DEFAULT
00010e62	DAT_00010e62	Label	DEFAULT
00010e63	DAT_00010e63	Label	DEFAULT
00010e67	DAT_00010e67	Label	DEFAULT
00010e68	DAT_00010e68	Label	DEFAULT
00010e6a	SUB_00010e6a	Label	DEFAULT
00010e7c	LAB_00010e7c	Label	DEFAULT
00010e84	LAB_00010e84	Label	DEFAULT
00010e90	LAB_00010e90	Label	DEFAULT
00010e9a	LAB_00010e9a	Label	DEFAULT
00010eb2	LAB_00010eb2	Label	DEFAULT
00010ebc	LAB_00010ebc	Label	DEFAULT
00010ec4	LAB_00010ec4	Label	DEFAULT
00010ee0	LAB_00010ee0	Label	DEFAULT
00010eec	LAB_00010eec	Label	DEFAULT
00010ef4	LAB_00010ef4	Label	DEFAULT
00010efe	SUB_00010efe	Label	DEFAULT
00010f0a	LAB_00010f0a	Label	DEFAULT
00010f0c	SUB_00010f0c	Label	DEFAULT
00010f1e	LAB_00010f1e	Label	DEFAULT
00010f20	SUB_00010f20	Label	DEFAULT
00010f32	LAB_00010f32	Label	DEFAULT
00010f44	LAB_00010f44	Label	DEFAULT
00010f74	LAB_00010f74	Label	DEFAULT
00010f76	SUB_00010f76	Label	DEFAULT
00010f90	LAB_00010f90	Label	DEFAULT
00010f92	LAB_00010f92	Label	DEFAULT
00010fa8	LAB_00010fa8	Label	DEFAULT
00010fb6	LAB_00010fb6	Label	DEFAULT
00010fba	LAB_00010fba	Label	DEFAULT
00010fe4	LAB_00010fe4	Label	DEFAULT
00010ff2	LAB_00010ff2	Label	DEFAULT
00011012	LAB_00011012	Label	DEFAULT
00011030	LAB_00011030	Label	DEFAULT
00011038	LAB_00011038	Label	DEFAULT
0001104a	LAB_0001104a	Label	DEFAULT
0001105a	LAB_0001105a	Label	DEFAULT
00011070	LAB_00011070	Label	DEFAULT
00011072	LAB_00011072	Label	DEFAULT
0001109a	LAB_0001109a	Label	DEFAULT
000110aa	LAB_000110aa	Label	DEFAULT
000110ea	LAB_000110ea	Label	DEFAULT
00011132	LAB_00011132	Label	DEFAULT
0001116e	LAB_0001116e	Label	DEFAULT
00011178	LAB_00011178	Label	DEFAULT
00011180	LAB_00011180	Label	DEFAULT
00011194	LAB_00011194	Label	DEFAULT
000111a8	LAB_000111a8	Label	DEFAULT
000111aa	LAB_000111aa	Label	DEFAULT
000111c4	LAB_000111c4	Label	DEFAULT
000111fc	LAB_000111fc	Label	DEFAULT
00011302	SUB_00011302	Label	DEFAULT
00011332	LAB_00011332	Label	DEFAULT
00011334	LAB_00011334	Label	DEFAULT
000113a4	SUB_000113a4	Label	DEFAULT
000113b2	LAB_000113b2	Label	DEFAULT
000113ba	LAB_000113ba	Label	DEFAULT
000114cc	SUB_000114cc	Label	DEFAULT
000114e0	LAB_000114e0	Label	DEFAULT
00011500	LAB_00011500	Label	DEFAULT
00011506	SUB_00011506	Label	DEFAULT
0001151c	LAB_0001151c	Label	DEFAULT
00011546	LAB_00011546	Label	DEFAULT
0001154e	LAB_0001154e	Label	DEFAULT
00011bf8	LAB_00011bf8	Label	DEFAULT
00011c8e	LAB_00011c8e	Label	DEFAULT
00011c94	LAB_00011c94	Label	DEFAULT
00011cb0	LAB_00011cb0	Label	DEFAULT
00011e9c	SUB_00011e9c	Label	DEFAULT
00011ea4	SUB_00011ea4	Label	DEFAULT
00011eac	SUB_00011eac	Label	DEFAULT
00011eba	SUB_00011eba	Label	DEFAULT
00011eea	LAB_00011eea	Label	DEFAULT
00011eec	LAB_00011eec	Label	DEFAULT
00011f14	SUB_00011f14	Label	DEFAULT
00011f1e	SUB_00011f1e	Label	DEFAULT
00011f2e	LAB_00011f2e	Label	DEFAULT
00011f48	SUB_00011f48	Label	DEFAULT
00011f84	SUB_00011f84	Label	DEFAULT
00011f94	SUB_00011f94	Label	DEFAULT
00011fa6	SUB_00011fa6	Label	DEFAULT
00011fb6	LAB_00011fb6	Label	DEFAULT
00011fb8	LAB_00011fb8	Label	DEFAULT
0001201e	LAB_0001201e	Label	DEFAULT
0001202e	LAB_0001202e	Label	DEFAULT
00012038	LAB_00012038	Label	DEFAULT
0001209c	SUB_0001209c	Label	DEFAULT
000120e6	LAB_000120e6	Label	DEFAULT
000120e8	LAB_000120e8	Label	DEFAULT
000120ee	LAB_000120ee	Label	DEFAULT
0001210c	SUB_0001210c	Label	DEFAULT
0001213a	LAB_0001213a	Label	DEFAULT
0001214a	LAB_0001214a	Label	DEFAULT
00012150	SUB_00012150	Label	DEFAULT
00012176	LAB_00012176	Label	DEFAULT
0001218a	LAB_0001218a	Label	DEFAULT
000121b0	LAB_000121b0	Label	DEFAULT
000121ba	LAB_000121ba	Label	DEFAULT
000121c6	SUB_000121c6	Label	DEFAULT
000121dc	LAB_000121dc	Label	DEFAULT
00012200	LAB_00012200	Label	DEFAULT
00012216	LAB_00012216	Label	DEFAULT
00012218	LAB_00012218	Label	DEFAULT
00012220	SUB_00012220	Label	DEFAULT
00012244	switchD_00012244::switchD	Label	ANALYSIS
00012248	switchD_00012244::switchdataD_00012248	Label	ANALYSIS
00012282	switchD_00012244::caseD_3	Label	ANALYSIS
0001228c	switchD_00012244::caseD_4	Label	ANALYSIS
000122a0	switchD_00012244::caseD_a	Label	ANALYSIS
000122b2	switchD_00012244::caseD_b	Label	ANALYSIS
000122bc	switchD_00012244::caseD_c	Label	ANALYSIS
000122d6	switchD_00012244::caseD_d	Label	ANALYSIS
000122ee	switchD_00012244::caseD_e	Label	ANALYSIS
00012308	LAB_00012308	Label	DEFAULT
00012340	LAB_00012340	Label	DEFAULT
00012342	LAB_00012342	Label	DEFAULT
0001234a	switchD_00012244::caseD_16	Label	ANALYSIS
0001235a	switchD_00012244::caseD_17	Label	ANALYSIS
00012364	LAB_00012364	Label	DEFAULT
0001236c	LAB_0001236c	Label	DEFAULT
00012372	switchD_00012244::caseD_5	Label	ANALYSIS
00012372	switchD_00012244::caseD_6	Label	ANALYSIS
00012372	switchD_00012244::caseD_7	Label	ANALYSIS
00012372	switchD_00012244::caseD_8	Label	ANALYSIS
00012372	switchD_00012244::caseD_9	Label	ANALYSIS
00012372	switchD_00012244::caseD_f	Label	ANALYSIS
00012372	switchD_00012244::caseD_10	Label	ANALYSIS
00012372	switchD_00012244::caseD_11	Label	ANALYSIS
00012372	switchD_00012244::caseD_12	Label	ANALYSIS
00012372	switchD_00012244::caseD_13	Label	ANALYSIS
00012372	switchD_00012244::caseD_14	Label	ANALYSIS
00012372	switchD_00012244::caseD_15	Label	ANALYSIS
00012372	switchD_00012244::caseD_18	Label	ANALYSIS
00012372	switchD_00012244::caseD_19	Label	ANALYSIS
00012372	switchD_00012244::caseD_1a	Label	ANALYSIS
00012372	switchD_00012244::caseD_1b	Label	ANALYSIS
00012372	switchD_00012244::caseD_1c	Label	ANALYSIS
00012372	switchD_00012244::caseD_1d	Label	ANALYSIS
00012372	switchD_00012244::caseD_1e	Label	ANALYSIS
00012372	switchD_00012244::caseD_1f	Label	ANALYSIS
00012378	SUB_00012378	Label	DEFAULT
0001238a	LAB_0001238a	Label	DEFAULT
000123b6	LAB_000123b6	Label	DEFAULT
000123c2	LAB_000123c2	Label	DEFAULT
000123d8	SUB_000123d8	Label	DEFAULT
000123ec	LAB_000123ec	Label	DEFAULT
000123fe	SUB_000123fe	Label	DEFAULT
0001241c	LAB_0001241c	Label	DEFAULT
0001242a	LAB_0001242a	Label	DEFAULT
00012436	SUB_00012436	Label	DEFAULT
00012460	LAB_00012460	Label	DEFAULT
00012468	SUB_00012468	Label	DEFAULT
0001248e	SUB_0001248e	Label	DEFAULT
000124ac	LAB_000124ac	Label	DEFAULT
000124b2	LAB_000124b2	Label	DEFAULT
000124c4	LAB_000124c4	Label	DEFAULT
000124c6	LAB_000124c6	Label	DEFAULT
000124ce	LAB_000124ce	Label	DEFAULT
000124d8	LAB_000124d8	Label	DEFAULT
000124e0	SUB_000124e0	Label	DEFAULT
00012500	LAB_00012500	Label	DEFAULT
00012512	LAB_00012512	Label	DEFAULT
00012514	LAB_00012514	Label	DEFAULT
0001251a	LAB_0001251a	Label	DEFAULT
00012520	LAB_00012520	Label	DEFAULT
00012566	LAB_00012566	Label	DEFAULT
00012572	LAB_00012572	Label	DEFAULT
00012588	LAB_00012588	Label	DEFAULT
00012592	SUB_00012592	Label	DEFAULT
0001259a	LAB_0001259a	Label	DEFAULT
0001259e	LAB_0001259e	Label	DEFAULT
000125a6	LAB_000125a6	Label	DEFAULT
000125a8	LAB_000125a8	Label	DEFAULT
000125ae	SUB_000125ae	Label	DEFAULT
000125ca	LAB_000125ca	Label	DEFAULT
000125e0	LAB_000125e0	Label	DEFAULT
000125e4	LAB_000125e4	Label	DEFAULT
000125f2	LAB_000125f2	Label	DEFAULT
00012618	LAB_00012618	Label	DEFAULT
0001262a	LAB_0001262a	Label	DEFAULT
00012632	LAB_00012632	Label	DEFAULT
00012637	LAB_00012636+1	Label	DEFAULT
0001263e	SUB_0001263e	Label	DEFAULT
0001265c	LAB_0001265c	Label	DEFAULT
00012664	LAB_00012664	Label	DEFAULT
00012672	LAB_00012672	Label	DEFAULT
0001267a	LAB_0001267a	Label	DEFAULT
00012694	LAB_00012694	Label	DEFAULT
000126a0	LAB_000126a0	Label	DEFAULT
000126a8	LAB_000126a8	Label	DEFAULT
000126b6	LAB_000126b6	Label	DEFAULT
000126ba	LAB_000126ba	Label	DEFAULT
000126bc	LAB_000126bc	Label	DEFAULT
000126ca	LAB_000126ca	Label	DEFAULT
000126e0	LAB_000126e0	Label	DEFAULT
000126f4	LAB_000126f4	Label	DEFAULT
00012702	LAB_00012702	Label	DEFAULT
00012706	LAB_00012706	Label	DEFAULT
00012708	LAB_00012708	Label	DEFAULT
0001270c	LAB_0001270c	Label	DEFAULT
0001270e	LAB_0001270e	Label	DEFAULT
00012724	LAB_00012724	Label	DEFAULT
00012726	LAB_00012726	Label	DEFAULT
00012732	LAB_00012732	Label	DEFAULT
00012756	LAB_00012756	Label	DEFAULT
0001276a	LAB_0001276a	Label	DEFAULT
00012796	LAB_00012796	Label	DEFAULT
000127ae	LAB_000127ae	Label	DEFAULT
000127b0	LAB_000127b0	Label	DEFAULT
000127c2	LAB_000127c2	Label	DEFAULT
000127e2	LAB_000127e2	Label	DEFAULT
000127fa	LAB_000127fa	Label	DEFAULT
0001280a	LAB_0001280a	Label	DEFAULT
00012834	LAB_00012834	Label	DEFAULT
00012844	LAB_00012844	Label	DEFAULT
0001285e	LAB_0001285e	Label	DEFAULT
00012864	LAB_00012864	Label	DEFAULT
00012890	LAB_00012890	Label	DEFAULT
000128a8	LAB_000128a8	Label	DEFAULT
000128b2	LAB_000128b2	Label	DEFAULT
000128c2	LAB_000128c2	Label	DEFAULT
000128c8	LAB_000128c8	Label	DEFAULT
000128d4	LAB_000128d4	Label	DEFAULT
000128d8	LAB_000128d8	Label	DEFAULT
000128f4	LAB_000128f4	Label	DEFAULT
0001291a	LAB_0001291a	Label	DEFAULT
00012922	LAB_00012922	Label	DEFAULT
00012954	LAB_00012954	Label	DEFAULT
00012958	LAB_00012958	Label	DEFAULT
0001295e	LAB_0001295e	Label	DEFAULT
00012962	LAB_00012962	Label	DEFAULT
00012990	LAB_00012990	Label	DEFAULT
000129a6	LAB_000129a6	Label	DEFAULT
000129d0	LAB_000129d0	Label	DEFAULT
000129fa	LAB_000129fa	Label	DEFAULT
00012a0c	LAB_00012a0c	Label	DEFAULT
00012a18	LAB_00012a18	Label	DEFAULT
00012a22	LAB_00012a22	Label	DEFAULT
00012a64	LAB_00012a64	Label	DEFAULT
00012a7a	LAB_00012a7a	Label	DEFAULT
00012a8c	LAB_00012a8c	Label	DEFAULT
00012aac	LAB_00012aac	Label	DEFAULT
00012ade	LAB_00012ade	Label	DEFAULT
00012af0	LAB_00012af0	Label	DEFAULT
00012b02	LAB_00012b02	Label	DEFAULT
00012b0c	LAB_00012b0c	Label	DEFAULT
00012b1c	LAB_00012b1c	Label	DEFAULT
00012b3a	LAB_00012b3a	Label	DEFAULT
00012b42	LAB_00012b42	Label	DEFAULT
00012b52	LAB_00012b52	Label	DEFAULT
00012b5a	LAB_00012b5a	Label	DEFAULT
00012b96	LAB_00012b96	Label	DEFAULT
00012bb8	LAB_00012bb8	Label	DEFAULT
00012bbc	LAB_00012bbc	Label	DEFAULT
00012bfc	LAB_00012bfc	Label	DEFAULT
00012c00	LAB_00012c00	Label	DEFAULT
00012c16	LAB_00012c16	Label	DEFAULT
00012c24	LAB_00012c24	Label	DEFAULT
00012c2e	LAB_00012c2e	Label	DEFAULT
00012c5c	LAB_00012c5c	Label	DEFAULT
00012c5e	LAB_00012c5e	Label	DEFAULT
00012c94	LAB_00012c94	Label	DEFAULT
00012c98	LAB_00012c98	Label	DEFAULT
00012ca6	LAB_00012ca6	Label	DEFAULT
00012cb4	LAB_00012cb4	Label	DEFAULT
00012cb6	LAB_00012cb6	Label	DEFAULT
00012ccc	LAB_00012ccc	Label	DEFAULT
00012cf4	LAB_00012cf4	Label	DEFAULT
00012cf8	LAB_00012cf8	Label	DEFAULT
00012d22	LAB_00012d22	Label	DEFAULT
00012d40	LAB_00012d40	Label	DEFAULT
00012d50	LAB_00012d50	Label	DEFAULT
00012d56	LAB_00012d56	Label	DEFAULT
00012d5e	LAB_00012d5e	Label	DEFAULT
00012d98	LAB_00012d98	Label	DEFAULT
00012da2	LAB_00012da2	Label	DEFAULT
00012da4	LAB_00012da4	Label	DEFAULT
00012db2	SUB_00012db2	Label	DEFAULT
00012dba	SUB_00012dba	Label	DEFAULT
00012dca	DAT_00012dca	Label	DEFAULT
00012dce	DAT_00012dce	Label	DEFAULT
00012dd2	LAB_00012dd2	Label	DEFAULT
00012dd8	LAB_00012dd8	Label	DEFAULT
00012de0	SUB_00012de0	Label	DEFAULT
00012e1c	LAB_00012e1c	Label	DEFAULT
00012e28	LAB_00012e28	Label	DEFAULT
00012e3c	LAB_00012e3c	Label	DEFAULT
00012e42	LAB_00012e42	Label	DEFAULT
00012e6e	LAB_00012e6e	Label	DEFAULT
00012e74	LAB_00012e74	Label	DEFAULT
00012e86	LAB_00012e86	Label	DEFAULT
00012e8a	LAB_00012e8a	Label	DEFAULT
00012ec6	LAB_00012ec6	Label	DEFAULT
00012ec8	SUB_00012ec8	Label	DEFAULT
00012ed2	SUB_00012ed2	Label	DEFAULT
00012eea	SUB_00012eea	Label	DEFAULT
00012f1c	LAB_00012f1c	Label	DEFAULT
00012f24	LAB_00012f24	Label	DEFAULT
00012f32	LAB_00012f32	Label	DEFAULT
00012f36	SUB_00012f36	Label	DEFAULT
00012f52	SUB_00012f52	Label	DEFAULT
00012f5c	SUB_00012f5c	Label	DEFAULT
00012f66	SUB_00012f66	Label	DEFAULT
00012f6e	SUB_00012f6e	Label	DEFAULT
00012f76	SUB_00012f76	Label	DEFAULT
00012f7e	SUB_00012f7e	Label	DEFAULT
00012f86	SUB_00012f86	Label	DEFAULT
00012f92	SUB_00012f92	Label	DEFAULT
00012f9a	SUB_00012f9a	Label	DEFAULT
00012fae	LAB_00012fae	Label	DEFAULT
00012fb2	SUB_00012fb2	Label	DEFAULT
00012fbc	SUB_00012fbc	Label	DEFAULT
00012fc8	LAB_00012fc8	Label	DEFAULT
00012fce	SUB_00012fce	Label	DEFAULT
00012fd6	LAB_00012fd6	Label	DEFAULT
00012fde	SUB_00012fde	Label	DEFAULT
00012fea	SUB_00012fea	Label	DEFAULT
000130d0	DAT_000130d0	Label	DEFAULT
0001337c	DAT_0001337c	Label	DEFAULT
00013a8e	LAB_00013a8e	Label	DEFAULT
00013a9a	LAB_00013a9a	Label	DEFAULT
00013aa6	LAB_00013aa6	Label	DEFAULT
00013ac4	DAT_00013ac4	Label	DEFAULT
00013ac8	LAB_00013ac8	Label	DEFAULT
00013ad6	LAB_00013ad6	Label	DEFAULT
00013ae6	PTR_InitResources_00013ae6	Label	DEFAULT
00013aea	LAB_00013aea	Label	DEFAULT
00013af2	SUB_00013af2	Label	DEFAULT
00013b20	LAB_00013b20	Label	DEFAULT
00013b4a	LAB_00013b4a	Label	DEFAULT
00013b52	LAB_00013b52	Label	DEFAULT
00013b8a	LAB_00013b8a	Label	DEFAULT
00013ba4	LAB_00013ba4	Label	DEFAULT
00013bb2	LAB_00013bb2	Label	DEFAULT
00013bdc	LAB_00013bdc	Label	DEFAULT
00013bfa	LAB_00013bfa	Label	DEFAULT
00013c1a	DAT_00013c1a	Label	DEFAULT
00013c1e	LAB_00013c1e	Label	DEFAULT
00013c7a	PTR_SUB_00013c7a	Label	DEFAULT
00013c7e	LAB_00013c7e	Label	DEFAULT
00013cc8	LAB_00013cc8	Label	DEFAULT
00013ce6	LAB_00013ce6	Label	DEFAULT
00013cf4	DAT_00013cf4	Label	DEFAULT
00013cf8	LAB_00013cf8	Label	DEFAULT
00013d1c	LAB_00013d1c	Label	DEFAULT
00013d1e	PTR_GetOSEvent_00013d1e	Label	DEFAULT
00013d22	LAB_00013d22	Label	DEFAULT
00013d5a	LAB_00013d5a	Label	DEFAULT
00013d66	LAB_00013d66	Label	DEFAULT
00013d7c	LAB_00013d7c	Label	DEFAULT
00013d86	LAB_00013d86	Label	DEFAULT
00013d98	LAB_00013d98	Label	DEFAULT
00013da2	LAB_00013da2	Label	DEFAULT
00013dbe	LAB_00013dbe	Label	DEFAULT
00013df0	DAT_00013df0	Label	DEFAULT
00013e00	DAT_00013e00	Label	DEFAULT
00013e12	DAT_00013e12	Label	DEFAULT
00013e34	LAB_00013e34	Label	DEFAULT
00013e40	LAB_00013e40	Label	DEFAULT
00013e56	LAB_00013e56	Label	DEFAULT
00013e58	LAB_00013e58	Label	DEFAULT
00013e5e	SUB_00013e5e	Label	DEFAULT
00013e64	LAB_00013e64	Label	DEFAULT
00013e68	LAB_00013e68	Label	DEFAULT
00013e74	LAB_00013e74	Label	DEFAULT
00013ec0	LAB_00013ec0	Label	DEFAULT
00013ed2	LAB_00013ed2	Label	DEFAULT
00013ed6	LAB_00013ed6	Label	DEFAULT
00013ef0	LAB_00013ef0	Label	DEFAULT
00013ef6	LAB_00013ef6	Label	DEFAULT
00013efe	LAB_00013efe	Label	DEFAULT
00013f10	LAB_00013f10	Label	DEFAULT
00013f1c	LAB_00013f1c	Label	DEFAULT
0001590e	SUB_0001590e	Label	DEFAULT
00015934	LAB_00015934	Label	DEFAULT
0001593c	SUB_0001593c	Label	DEFAULT
00015948	LAB_00015948	Label	DEFAULT
0001628c	SUB_0001628c	Label	DEFAULT
000162c4	LAB_000162c4	Label	DEFAULT
000162d0	LAB_000162d0	Label	DEFAULT
000162e4	LAB_000162e4	Label	DEFAULT
000162e6	LAB_000162e6	Label	DEFAULT
000162ee	LAB_000162ee	Label	DEFAULT
000162fc	SUB_000162fc	Label	DEFAULT
0001631e	LAB_0001631e	Label	DEFAULT
00016342	LAB_00016342	Label	DEFAULT
0001634e	SUB_0001634e	Label	DEFAULT
00016396	LAB_00016396	Label	DEFAULT
000163b0	LAB_000163b0	Label	DEFAULT
000163d6	LAB_000163d6	Label	DEFAULT
000163e0	SUB_000163e0	Label	DEFAULT
00016418	DAT_00016418	Label	DEFAULT
00016426	LAB_00016426	Label	DEFAULT
00016442	SUB_00016442	Label	DEFAULT
00016472	LAB_00016472	Label	DEFAULT
00016482	LAB_00016482	Label	DEFAULT
00016504	LAB_00016504	Label	DEFAULT
00016532	DAT_00016532	Label	DEFAULT
000165c8	LAB_000165c8	Label	DEFAULT
000165ca	SUB_000165ca	Label	DEFAULT
000165de	SUB_000165de	Label	DEFAULT
000165ea	SUB_000165ea	Label	DEFAULT
000165f8	LAB_000165f8	Label	DEFAULT
00016602	LAB_00016602	Label	DEFAULT
0001661e	LAB_0001661e	Label	DEFAULT
00016644	LAB_00016644	Label	DEFAULT
00016656	LAB_00016656	Label	DEFAULT
00016658	LAB_00016658	Label	DEFAULT
00016672	LAB_00016672	Label	DEFAULT
00016676	LAB_00016676	Label	DEFAULT
00016690	LAB_00016690	Label	DEFAULT
000166b4	LAB_000166b4	Label	DEFAULT
000166b6	LAB_000166b6	Label	DEFAULT
000166cc	LAB_000166cc	Label	DEFAULT
000166dc	LAB_000166dc	Label	DEFAULT
00016714	LAB_00016714	Label	DEFAULT
00016716	LAB_00016716	Label	DEFAULT
0001672e	LAB_0001672e	Label	DEFAULT
0001674a	LAB_0001674a	Label	DEFAULT
0001675e	LAB_0001675e	Label	DEFAULT
00016774	LAB_00016774	Label	DEFAULT
0001678a	LAB_0001678a	Label	DEFAULT
0001679e	LAB_0001679e	Label	DEFAULT
000167b2	LAB_000167b2	Label	DEFAULT
000167c6	LAB_000167c6	Label	DEFAULT
000167ce	LAB_000167ce	Label	DEFAULT
000167e2	LAB_000167e2	Label	DEFAULT
00016804	LAB_00016804	Label	DEFAULT
00016808	LAB_00016808	Label	DEFAULT
00016822	LAB_00016822	Label	DEFAULT
00016838	LAB_00016838	Label	DEFAULT
0001683e	LAB_0001683e	Label	DEFAULT
00016842	LAB_00016842	Label	DEFAULT
00016868	LAB_00016868	Label	DEFAULT
0001688a	LAB_0001688a	Label	DEFAULT
00016896	LAB_00016896	Label	DEFAULT
000168a2	LAB_000168a2	Label	DEFAULT
000168b0	DAT_000168b0	Label	DEFAULT
000168ba	s_nan(17)_000168ba	Label	DEFAULT
000170a4	^IntlSpec	Label	USER_DEFINED
000170a8	DAT_000170a8	Label	DEFAULT
000170aa	DAT_000170aa	Label	DEFAULT
000170ac	DAT_000170ac	Label	DEFAULT
000170ca	DAT_000170ca	Label	DEFAULT
000170ce	DAT_000170ce	Label	DEFAULT
000170d0	DAT_000170d0	Label	DEFAULT
000170d2	DAT_000170d2	Label	DEFAULT
000170d4	DAT_000170d4	Label	DEFAULT
000170d6	DAT_000170d6	Label	DEFAULT
000170d8	DAT_000170d8	Label	DEFAULT
000170da	PTR_DAT_000170da	Label	DEFAULT
00017116	PTR_DAT_00017116	Label	DEFAULT
00017212	DAT_00017212	Label	DEFAULT
00017216	DAT_00017216	Label	DEFAULT
00017222	DAT_00017222	Label	DEFAULT
0001729a	DAT_0001729a	Label	DEFAULT
00017527	DAT_00017527	Label	DEFAULT
00017c32	DAT_00017c32	Label	DEFAULT
00017c34	PTR_LAB_00017c34	Label	DEFAULT
00017c44	DAT_00017c44	Label	DEFAULT
00017c4e	^CrsrTask	Label	USER_DEFINED
00017c7c	AbsX1	Label	USER_DEFINED
00017c82	LAB_00017c82	Label	DEFAULT
00017c88	LAB_00017c88	Label	DEFAULT
00017c9e	LAB_00017c9e	Label	DEFAULT
00017cac	LAB_00017cac	Label	DEFAULT
00017d58	LAB_00017d58	Label	DEFAULT
00017d78	LAB_00017d78	Label	DEFAULT
00017d7c	LAB_00017d7c	Label	DEFAULT
00017d84	LAB_00017d84	Label	DEFAULT
00017d90	Done?	Label	USER_DEFINED
00017d9e	NoComp?	Label	USER_DEFINED
00017dac	SUB_00017dac	Label	DEFAULT
00017db6	LAB_00017db6	Label	DEFAULT
00017dc2	LAB_00017dc2	Label	DEFAULT
00017dca	LAB_00017dca	Label	DEFAULT
00017dd6	LAB_00017dd6	Label	DEFAULT
00017dee	LAB_00017dee	Label	DEFAULT
00017e00	LAB_00017e00	Label	DEFAULT
00017e42	LAB_00017e42	Label	DEFAULT
00017e70	LAB_00017e70	Label	DEFAULT
00017e82	LAB_00017e82	Label	DEFAULT
00017eb6	LAB_00017eb6	Label	DEFAULT
00017eba	LAB_00017eba	Label	DEFAULT
00017ee2	LAB_00017ee2	Label	DEFAULT
00017eee	SUB_00017eee	Label	DEFAULT
00017fc8	DAT_00017fc8	Label	DEFAULT
00017fce	DAT_00017fce	Label	DEFAULT
00017fd6	DAT_00017fd6	Label	DEFAULT
00017fea	DAT_00017fea	Label	DEFAULT
00017ffe	DAT_00017ffe	Label	DEFAULT
00018012	DAT_00018012	Label	DEFAULT
00018016	PTR_LAB_00018016	Label	DEFAULT
0001801a	^JGNEFilter	Label	USER_DEFINED
0001803a	LAB_0001803a	Label	DEFAULT
00018042	LAB_00018042	Label	DEFAULT
0001804e	SUB_0001804e	Label	DEFAULT
000180aa	LAB_000180aa	Label	DEFAULT
000180ac	LAB_000180ac	Label	DEFAULT
000180ec	LAB_000180ec	Label	DEFAULT
00018106	LAB_00018106	Label	DEFAULT
00018116	LAB_00018116	Label	DEFAULT
00018136	LAB_00018136	Label	DEFAULT
00018144	LAB_00018144	Label	DEFAULT
00018146	LAB_00018146	Label	DEFAULT
0001814a	LAB_0001814a	Label	DEFAULT
0001815a	LAB_0001815a	Label	DEFAULT
0001816c	LAB_0001816c	Label	DEFAULT
00018184	LAB_00018184	Label	DEFAULT
0001819c	LAB_0001819c	Label	DEFAULT
000181a4	DAT_000181a4	Label	DEFAULT
000181a5	DAT_000181a5	Label	DEFAULT
000181a6	DAT_000181a6	Label	DEFAULT
000181a8	DAT_000181a8	Label	DEFAULT
000181a9	DAT_000181a8+1	Label	DEFAULT
000181ae	DAT_000181ae	Label	DEFAULT
000181b2	SUB_000181b2	Label	DEFAULT
000181ca	LAB_000181ca	Label	DEFAULT
000181dc	LAB_000181dc	Label	DEFAULT
000181fa	LAB_000181fa	Label	DEFAULT
00018214	LAB_00018214	Label	DEFAULT
00018218	LAB_00018218	Label	DEFAULT
0001822a	LAB_0001822a	Label	DEFAULT
00018230	LAB_00018230	Label	DEFAULT
00018238	LAB_00018238	Label	DEFAULT
00018252	LAB_00018252	Label	DEFAULT
0001825c	LAB_0001825c	Label	DEFAULT
0001826e	LAB_0001826e	Label	DEFAULT
00018280	LAB_00018280	Label	DEFAULT
0001828a	LAB_0001828a	Label	DEFAULT
0001828c	LAB_0001828c	Label	DEFAULT
000182c4	LAB_000182c4	Label	DEFAULT
000182ce	LAB_000182ce	Label	DEFAULT
000182e0	LAB_000182e0	Label	DEFAULT
000182fc	DAT_000182fc	Label	DEFAULT
0001830a	DAT_0001830a	Label	DEFAULT
0001830b	DAT_0001830b	Label	DEFAULT
0001830c	DAT_0001830c	Label	DEFAULT
00018310	PTR_PostEvent_00018310	Label	DEFAULT
00018392	LAB_00018392	Label	DEFAULT
000183ce	LAB_000183ce	Label	DEFAULT
000183ec	LAB_000183ec	Label	DEFAULT
0001841a	LAB_0001841a	Label	DEFAULT
00018420	SUB_00018420	Label	DEFAULT
00018434	LAB_00018434	Label	DEFAULT
0001843a	LAB_0001843a	Label	DEFAULT
00018444	LAB_00018444	Label	DEFAULT
0001844a	LAB_0001844a	Label	DEFAULT
00018458	LAB_00018458	Label	DEFAULT
00018472	LAB_00018472	Label	DEFAULT
0001849a	LAB_0001849a	Label	DEFAULT
0001849e	LAB_0001849e	Label	DEFAULT
000184a6	LAB_000184a6	Label	DEFAULT
000184b2	LAB_000184b2	Label	DEFAULT
000184b8	LAB_000184b8	Label	DEFAULT
00018974	PTR_DAT_00018974	Label	DEFAULT
00019132	PTR_DAT_00019132	Label	DEFAULT
00019504	PTR_DAT_00019504	Label	DEFAULT
0001a50a	DAT_0001a50a	Label	DEFAULT
0001a512	PTR_DAT_0001a512	Label	DEFAULT
0001a52e	DAT_0001a52e	Label	DEFAULT
0001a532	^JFontInfo	Label	USER_DEFINED
0001a536	^WidthTabHandle	Label	USER_DEFINED
0001a566	DAT_0001a566	Label	DEFAULT
0001a572	^SaveVisRgn	Label	USER_DEFINED
0001a576	^GrayRgn	Label	USER_DEFINED
0001a57a	^MBSaveLoc	Label	USER_DEFINED
0001a582	PTR_PTR_0001a582	Label	DEFAULT
0001a5a6	DAT_0001a5a6	Label	DEFAULT
0001a5b4	DAT_0001a5b4	Label	DEFAULT
0001a5b5	DAT_0001a5b5	Label	DEFAULT
0001a5b8	DAT_0001a5b8	Label	DEFAULT
0001a6aa	DAT_0001a6aa	Label	DEFAULT
0001a6ba	PTR_PTR_0001a6ba	Label	DEFAULT
0001a6be	DAT_0001a6be	Label	DEFAULT
0001da64	^IconBitmap	Label	USER_DEFINED
0001e106	DAT_0001e106	Label	DEFAULT
0001e108	DAT_0001e108	Label	DEFAULT
0001e8a6	PTR_PTR_0001e8a6	Label	DEFAULT
0001e8aa	PTR_DAT_0001e8aa	Label	DEFAULT
0001e8ae	PTR_DAT_0001e8ae	Label	DEFAULT
0001ed80	^WidthPtr	Label	USER_DEFINED
0001ed84	PTR_DAT_0001ed84	Label	DEFAULT
0001ed88	DAT_0001ed88	Label	DEFAULT
0001ee00	DAT_0001ee00	Label	DEFAULT
0001f180	PTR_DAT_0001f180	Label	DEFAULT
0001f184	DAT_0001f184	Label	DEFAULT
0001f188	DAT_0001f188	Label	DEFAULT
0001f18c	DAT_0001f18c	Label	DEFAULT
0001f18e	DAT_0001f18c+2	Label	DEFAULT
0001f190	DAT_0001f190	Label	DEFAULT
0001f194	DAT_0001f194	Label	DEFAULT
0001f198	DAT_0001f198	Label	DEFAULT
0001f19c	DAT_0001f19c	Label	DEFAULT
0001f19e	PTR_DAT_0001f19e	Label	DEFAULT
0001f1a2	DAT_0001f1a2	Label	DEFAULT
0001f1a3	DAT_0001f1a3	Label	DEFAULT
0001f1a4	DAT_0001f1a4	Label	DEFAULT
0001f1a6	DAT_0001f1a6	Label	DEFAULT
0001f1a8	DAT_0001f1a8	Label	DEFAULT
0001f1aa	DAT_0001f1aa	Label	DEFAULT
0001f1ac	PTR_DAT_0001f1ac	Label	DEFAULT
0001ff78	SUB_0001ff78	Label	DEFAULT
0001ff8c	LAB_0001ff8c	Label	DEFAULT
0001ff98	LAB_0001ff98	Label	DEFAULT
0001ffa0	LAB_0001ffa0	Label	DEFAULT
0001ffaa	LAB_0001ffaa	Label	DEFAULT
0001ffff	DAT_0001ffff	Label	DEFAULT
00020000	LAB_00020000	Label	DEFAULT
00020024	LAB_00020024	Label	DEFAULT
00023fff	DAT_00023fff	Label	DEFAULT
000245be	DAT_000245be	Label	DEFAULT
000245c2	DAT_000245c2	Label	DEFAULT
000245c6	DAT_000245c6	Label	DEFAULT
000245ca	DAT_000245ca	Label	DEFAULT
000245ce	DAT_000245ce	Label	DEFAULT
000245d2	DAT_000245d2	Label	DEFAULT
000245d6	DAT_000245d6	Label	DEFAULT
000245da	DAT_000245da	Label	DEFAULT
000245de	DAT_000245de	Label	DEFAULT
000245e2	DAT_000245e2	Label	DEFAULT
000245e6	DAT_000245e6	Label	DEFAULT
000245ea	DAT_000245ea	Label	DEFAULT
000245ee	DAT_000245ee	Label	DEFAULT
000245f2	DAT_000245f2	Label	DEFAULT
000245f4	DAT_000245f2+2	Label	DEFAULT
000245f6	DAT_000245f6	Label	DEFAULT
000245f8	DAT_000245f6+2	Label	DEFAULT
000245fe	DAT_000245fe	Label	DEFAULT
00024602	DAT_00024602	Label	DEFAULT
0002460a	DAT_0002460a	Label	DEFAULT
0002460c	DAT_0002460c	Label	DEFAULT
00024786	DAT_00024786	Label	DEFAULT
0002478a	DAT_0002478a	Label	DEFAULT
000247fa	DAT_000247fa	Label	DEFAULT
000249fa	DAT_000249fa	Label	DEFAULT
00027b2c	DAT_00027b2c	Label	DEFAULT
0002e0d8	PTR_DAT_0002e0d8	Label	DEFAULT
0002e0e0	DAT_0002e0e0	Label	DEFAULT
0002f8d8	DAT_0002f8d8	Label	DEFAULT
00030000	DAT_00030000	Label	DEFAULT
00030003	DAT_00030003	Label	DEFAULT
00030201	DAT_00030201	Label	DEFAULT
00030c0f	DAT_00030c0f	Label	DEFAULT
00031c1f	DAT_00031c1f	Label	DEFAULT
00033fff	DAT_00033fff	Label	DEFAULT
00034ef9	DAT_00034ef9	Label	DEFAULT
00037dd2	DAT_00037dd2	Label	DEFAULT
00037dd4	DAT_00037dd2+2	Label	DEFAULT
00037dd8	DAT_00037dd8	Label	DEFAULT
0003a9f0	DAT_0003a9f0	Label	DEFAULT
0003bfee	DAT_0003bfee	Label	DEFAULT
0003cdb0	DAT_0003cdb0	Label	DEFAULT
00040000	DAT_00040000	Label	DEFAULT
00040001	DAT_00040001	Label	DEFAULT
0004001c	DAT_0004001c	Label	DEFAULT
00044ef9	DAT_00044ef9	Label	DEFAULT
000493f4	^MemTop	Label	USER_DEFINED
0004ffff	DAT_0004ffff	Label	DEFAULT
00050000	DAT_00050000	Label	DEFAULT
00050007	DAT_00050007	Label	DEFAULT
0005a9f0	DAT_0005a9f0	Label	DEFAULT
00060000	DAT_00060000	Label	DEFAULT
00061df8	DAT_00061df8	Label	DEFAULT
0006a9f0	DAT_0006a9f0	Label	DEFAULT
00070005	DAT_00070005	Label	DEFAULT
00070116	DAT_00070116	Label	DEFAULT
0007383f	DAT_0007383f	Label	DEFAULT
0007fd8c	PTR_DAT_0007fd8c	Label	DEFAULT
0007fe00	DAT_0007fe00	Label	DEFAULT
00080002	DAT_00080002	Label	DEFAULT
0008ca46	DAT_0008ca46	Label	DEFAULT
000a0000	DAT_000a0000	Label	DEFAULT
000a0014	DAT_000a0014	Label	DEFAULT
000a8001	DAT_000a8001	Label	DEFAULT
000affe4	DAT_000affe4	Label	DEFAULT
000afff8	DAT_000afff8	Label	DEFAULT
000c0000	DAT_000c0000	Label	DEFAULT
000c101c	DAT_000c101c	Label	DEFAULT
000c2500	PTR_DAT_000c2500	Label	DEFAULT
000c2504	DAT_000c2504	Label	DEFAULT
000c2852	DAT_000c2852	Label	DEFAULT
000c2854	DAT_000c2854	Label	DEFAULT
000c2856	DAT_000c2856	Label	DEFAULT
000c285a	DAT_000c285a	Label	DEFAULT
000c285c	DAT_000c285c	Label	DEFAULT
000c285e	DAT_000c285e	Label	DEFAULT
000c2860	DAT_000c2860	Label	DEFAULT
000c2862	DAT_000c2862	Label	DEFAULT
000c2864	DAT_000c2864	Label	DEFAULT
000c2866	DAT_000c2866	Label	DEFAULT
000c2868	DAT_000c2868	Label	DEFAULT
000c286a	DAT_000c286a	Label	DEFAULT
000c286c	DAT_000c286c	Label	DEFAULT
000c286e	DAT_000c286e	Label	DEFAULT
000c2870	DAT_000c2870	Label	DEFAULT
000c2872	DAT_000c2872	Label	DEFAULT
000c2874	DAT_000c2874	Label	DEFAULT
000c2876	DAT_000c2876	Label	DEFAULT
000c2878	DAT_000c2878	Label	DEFAULT
000c287a	DAT_000c287a	Label	DEFAULT
000c287c	DAT_000c287c	Label	DEFAULT
000c287e	DAT_000c287e	Label	DEFAULT
000c2880	DAT_000c2880	Label	DEFAULT
000c2882	DAT_000c2882	Label	DEFAULT
000c2884	DAT_000c2884	Label	DEFAULT
000c2886	DAT_000c2886	Label	DEFAULT
000c2888	PTR_DAT_000c2888	Label	DEFAULT
000c288c	DAT_000c288c	Label	DEFAULT
000c2890	PTR_DAT_000c2890	Label	DEFAULT
000c2894	^TheZone	Label	USER_DEFINED
000c289c	PTR_PTR_000c289c	Label	DEFAULT
000c28a0	PTR_LAB_000c28a0	Label	DEFAULT
000c28a4	PTR_SUB_000c28a4	Label	DEFAULT
000c28a8	PTR_Checksum_000c28a8	Label	DEFAULT
000c28bc	DAT_000c28bc	Label	DEFAULT
000c28c8	DAT_000c28c8	Label	DEFAULT
000c28d0	DAT_000c28d0	Label	DEFAULT
000c28d4	PTR_DAT_000c28d4	Label	DEFAULT
000c28d8	PTR_PTR_000c28d8	Label	DEFAULT
000c28dc	PTR_PTR_000c28dc	Label	DEFAULT
000c28e0	PTR_PTR_000c28e0	Label	DEFAULT
000c28e4	PTR_PTR_000c28e4	Label	DEFAULT
000c28e8	PTR_PTR_000c28e8	Label	DEFAULT
000c28ec	PTR_PTR_000c28ec	Label	DEFAULT
000c28f0	PTR_PTR_000c28f0	Label	DEFAULT
000c28f4	PTR_PTR_000c28f4	Label	DEFAULT
000c28f8	PTR_PTR_000c28f8	Label	DEFAULT
000c28fc	PTR_PTR_000c28fc	Label	DEFAULT
000c2900	PTR_PTR_000c2900	Label	DEFAULT
000c2904	PTR_PTR_000c2904	Label	DEFAULT
000c2908	PTR_PTR_000c2908	Label	DEFAULT
000c290c	PTR_PTR_000c290c	Label	DEFAULT
000c2910	PTR_PTR_000c2910	Label	DEFAULT
000c2914	PTR_PTR_000c2914	Label	DEFAULT
000c2918	PTR_PTR_000c2918	Label	DEFAULT
000c291c	^MenuList	Label	USER_DEFINED
000c2924	PTR_PTR_000c2924	Label	DEFAULT
000c293c	^SaveSegHandle	Label	USER_DEFINED
000c29c4	PTR_DAT_000c29c4	Label	DEFAULT
000c29cc	DAT_000c29cc	Label	DEFAULT
000c29d8	DAT_000c29d8	Label	DEFAULT
000c3f84	SUB_000c3f84	Label	DEFAULT
000c4332	SUB_000c4332	Label	DEFAULT
000c4354	LAB_000c4354	Label	DEFAULT
000c4364	LAB_000c4364	Label	DEFAULT
000c4414	SUB_000c4414	Label	DEFAULT
000c4420	LAB_000c4420	Label	DEFAULT
000c4430	LAB_000c4430	Label	DEFAULT
000c4ad6	SUB_000c4ad6	Label	DEFAULT
000c4b0a	LAB_000c4b0a	Label	DEFAULT
000c4b24	LAB_000c4b24	Label	DEFAULT
000c4b28	LAB_000c4b28	Label	DEFAULT
000c4b3a	LAB_000c4b3a	Label	DEFAULT
000c4b42	LAB_000c4b42	Label	DEFAULT
000c4b5c	LAB_000c4b5c	Label	DEFAULT
000c4b7e	SUB_000c4b7e	Label	DEFAULT
000c4ba4	LAB_000c4ba4	Label	DEFAULT
000c4c3c	SUB_000c4c3c	Label	DEFAULT
000c4c5c	LAB_000c4c5c	Label	DEFAULT
000c4c82	SUB_000c4c82	Label	DEFAULT
000c4c96	LAB_000c4c96	Label	DEFAULT
000c4ca8	LAB_000c4ca8	Label	DEFAULT
000c4e1a	SUB_000c4e1a	Label	DEFAULT
000c4e30	LAB_000c4e30	Label	DEFAULT
000c4e36	LAB_000c4e36	Label	DEFAULT
000c5946	LAB_000c5946	Label	DEFAULT
000c594a	LAB_000c594a	Label	DEFAULT
000c5952	SUB_000c5952	Label	DEFAULT
000c5956	LAB_000c5956	Label	DEFAULT
000c5a1c	LAB_000c5a1c	Label	DEFAULT
000c5a2c	LAB_000c5a2c	Label	DEFAULT
000c5a60	LAB_000c5a60	Label	DEFAULT
000c5a62	LAB_000c5a62	Label	DEFAULT
000c5a70	LAB_000c5a70	Label	DEFAULT
000c5a72	LAB_000c5a72	Label	DEFAULT
000c5a7a	LAB_000c5a7a	Label	DEFAULT
000c5a80	SUB_000c5a80	Label	DEFAULT
000c5ab4	LAB_000c5ab4	Label	DEFAULT
000c5abe	LAB_000c5abe	Label	DEFAULT
000c5ac8	LAB_000c5ac8	Label	DEFAULT
000c5ad2	LAB_000c5ad2	Label	DEFAULT
000c5adc	LAB_000c5adc	Label	DEFAULT
000c5b02	LAB_000c5b02	Label	DEFAULT
000c5b20	LAB_000c5b20	Label	DEFAULT
000c5b2e	LAB_000c5b2e	Label	DEFAULT
000c5b96	SUB_000c5b96	Label	DEFAULT
000c5bb0	LAB_000c5bb0	Label	DEFAULT
000c5bb6	LAB_000c5bb6	Label	DEFAULT
000c5bf4	SUB_000c5bf4	Label	DEFAULT
000c5bf8	LAB_000c5bf8	Label	DEFAULT
000c5c0a	LAB_000c5c0a	Label	DEFAULT
000c5c26	SUB_000c5c26	Label	DEFAULT
000c5c2a	LAB_000c5c2a	Label	DEFAULT
000c5c36	LAB_000c5c36	Label	DEFAULT
000c5c3c	LAB_000c5c3c	Label	DEFAULT
000c5c3e	SUB_000c5c3e	Label	DEFAULT
000c5c42	LAB_000c5c42	Label	DEFAULT
000c5c48	LAB_000c5c48	Label	DEFAULT
000c5c50	LAB_000c5c50	Label	DEFAULT
000c5c9c	SUB_000c5c9c	Label	DEFAULT
000c5cec	LAB_000c5cec	Label	DEFAULT
000c6850	SUB_000c6850	Label	DEFAULT
000c6888	LAB_000c6888	Label	DEFAULT
000c7b5c	PTR_PTR_000c7b5c	Label	DEFAULT
000c7b60	PTR_PTR_000c7b60	Label	DEFAULT
000c7b64	PTR_PTR_000c7b64	Label	DEFAULT
000c7b68	PTR_PTR_000c7b68	Label	DEFAULT
000c7b6c	PTR_PTR_000c7b6c	Label	DEFAULT
000c7b70	PTR_PTR_000c7b70	Label	DEFAULT
000c7b74	PTR_PTR_000c7b74	Label	DEFAULT
000c7b78	PTR_PTR_000c7b78	Label	DEFAULT
000c7b7c	PTR_PTR_000c7b7c	Label	DEFAULT
000c7b80	PTR_PTR_000c7b80	Label	DEFAULT
000c7b84	PTR_PTR_000c7b84	Label	DEFAULT
000c7b88	PTR_PTR_000c7b88	Label	DEFAULT
000c7b8c	PTR_PTR_000c7b8c	Label	DEFAULT
000c7b90	PTR_PTR_000c7b90	Label	DEFAULT
000c7b94	PTR_PTR_000c7b94	Label	DEFAULT
000c7b98	PTR_PTR_000c7b98	Label	DEFAULT
000c7b9c	PTR_PTR_000c7b9c	Label	DEFAULT
000c7ba0	PTR_PTR_000c7ba0	Label	DEFAULT
000c7ba4	PTR_PTR_000c7ba4	Label	DEFAULT
000c7ba8	PTR_PTR_000c7ba8	Label	DEFAULT
000c7bac	PTR_PTR_000c7bac	Label	DEFAULT
000c7bb0	PTR_PTR_000c7bb0	Label	DEFAULT
000c7bb4	PTR_PTR_000c7bb4	Label	DEFAULT
000c7bb8	PTR_PTR_000c7bb8	Label	DEFAULT
000c7bbc	PTR_PTR_000c7bbc	Label	DEFAULT
000c7bc0	PTR_PTR_000c7bc0	Label	DEFAULT
000c7bc4	PTR_PTR_000c7bc4	Label	DEFAULT
000c7bc8	PTR_PTR_000c7bc8	Label	DEFAULT
000c7bcc	PTR_PTR_000c7bcc	Label	DEFAULT
000c7bd0	PTR_PTR_000c7bd0	Label	DEFAULT
000c7bd4	PTR_PTR_000c7bd4	Label	DEFAULT
000c7bd8	PTR_PTR_000c7bd8	Label	DEFAULT
000c7bdc	PTR_PTR_000c7bdc	Label	DEFAULT
000c7be0	PTR_PTR_000c7be0	Label	DEFAULT
000c7be4	PTR_PTR_000c7be4	Label	DEFAULT
000c7be8	PTR_PTR_000c7be8	Label	DEFAULT
000c7bec	PTR_PTR_000c7bec	Label	DEFAULT
000c7bf0	PTR_PTR_000c7bf0	Label	DEFAULT
000c7bf4	PTR_PTR_000c7bf4	Label	DEFAULT
000c7bf8	PTR_PTR_000c7bf8	Label	DEFAULT
000c7bfc	PTR_PTR_000c7bfc	Label	DEFAULT
000c7c00	PTR_PTR_000c7c00	Label	DEFAULT
000c7c04	PTR_PTR_000c7c04	Label	DEFAULT
000c7c08	PTR_PTR_000c7c08	Label	DEFAULT
000c7c0c	PTR_PTR_000c7c0c	Label	DEFAULT
000c7c10	PTR_PTR_000c7c10	Label	DEFAULT
000c7c14	PTR_PTR_000c7c14	Label	DEFAULT
000c7c18	PTR_PTR_000c7c18	Label	DEFAULT
000c7c1c	PTR_PTR_000c7c1c	Label	DEFAULT
000c7c20	PTR_PTR_000c7c20	Label	DEFAULT
000c7c24	PTR_PTR_000c7c24	Label	DEFAULT
000c7c28	PTR_PTR_000c7c28	Label	DEFAULT
000c7c2c	PTR_PTR_000c7c2c	Label	DEFAULT
000c7c30	PTR_PTR_000c7c30	Label	DEFAULT
000c7c34	PTR_PTR_000c7c34	Label	DEFAULT
000c7c38	PTR_PTR_000c7c38	Label	DEFAULT
000c7c3c	PTR_PTR_000c7c3c	Label	DEFAULT
000c7c40	PTR_PTR_000c7c40	Label	DEFAULT
000c7c44	PTR_PTR_000c7c44	Label	DEFAULT
000c7c48	PTR_PTR_000c7c48	Label	DEFAULT
000c7c4c	PTR_PTR_000c7c4c	Label	DEFAULT
000c7c50	PTR_PTR_000c7c50	Label	DEFAULT
000c7c54	PTR_PTR_000c7c54	Label	DEFAULT
000c7c58	PTR_PTR_000c7c58	Label	DEFAULT
000c7c64	PTR_PTR_000c7c64	Label	DEFAULT
000c7c68	PTR_PTR_000c7c68	Label	DEFAULT
000c7c6c	PTR_PTR_000c7c6c	Label	DEFAULT
000c7c70	PTR_PTR_000c7c70	Label	DEFAULT
000c7c74	PTR_PTR_000c7c74	Label	DEFAULT
000c7c78	PTR_PTR_000c7c78	Label	DEFAULT
000c7c7c	PTR_PTR_000c7c7c	Label	DEFAULT
000c7c80	PTR_PTR_000c7c80	Label	DEFAULT
000c7c84	PTR_PTR_000c7c84	Label	DEFAULT
000c7c88	PTR_PTR_000c7c88	Label	DEFAULT
000c7c8c	PTR_PTR_000c7c8c	Label	DEFAULT
000c7c90	PTR_PTR_000c7c90	Label	DEFAULT
000c7c94	PTR_PTR_000c7c94	Label	DEFAULT
000c7c98	PTR_PTR_000c7c98	Label	DEFAULT
000c7c9c	PTR_PTR_000c7c9c	Label	DEFAULT
000c7ca0	PTR_PTR_000c7ca0	Label	DEFAULT
000c7ca4	PTR_PTR_000c7ca4	Label	DEFAULT
000c7ca8	PTR_PTR_000c7ca8	Label	DEFAULT
000c7cac	PTR_PTR_000c7cac	Label	DEFAULT
000c7cb0	PTR_PTR_000c7cb0	Label	DEFAULT
000c7cb4	PTR_PTR_000c7cb4	Label	DEFAULT
000c7cb8	PTR_PTR_000c7cb8	Label	DEFAULT
000c7cbc	PTR_PTR_000c7cbc	Label	DEFAULT
000c7cc0	PTR_PTR_000c7cc0	Label	DEFAULT
000c7cc4	PTR_PTR_000c7cc4	Label	DEFAULT
000c7cc8	PTR_PTR_000c7cc8	Label	DEFAULT
000c7ccc	PTR_PTR_000c7ccc	Label	DEFAULT
000c7cd0	PTR_PTR_000c7cd0	Label	DEFAULT
000c7cd4	PTR_PTR_000c7cd4	Label	DEFAULT
000c7cd8	PTR_PTR_000c7cd8	Label	DEFAULT
000c7cdc	PTR_PTR_000c7cdc	Label	DEFAULT
000c7ce0	PTR_PTR_000c7ce0	Label	DEFAULT
000c7ce4	PTR_PTR_000c7ce4	Label	DEFAULT
000c7ce8	PTR_PTR_000c7ce8	Label	DEFAULT
000c7cec	PTR_PTR_000c7cec	Label	DEFAULT
000c7cf0	PTR_PTR_000c7cf0	Label	DEFAULT
000c7cf4	PTR_PTR_000c7cf4	Label	DEFAULT
000c7cf8	PTR_PTR_000c7cf8	Label	DEFAULT
000c7cfc	PTR_PTR_000c7cfc	Label	DEFAULT
000c7d00	PTR_PTR_000c7d00	Label	DEFAULT
000c7d04	PTR_PTR_000c7d04	Label	DEFAULT
000c7d08	PTR_PTR_000c7d08	Label	DEFAULT
000c7d0c	PTR_PTR_000c7d0c	Label	DEFAULT
000c7d10	PTR_PTR_000c7d10	Label	DEFAULT
000c7d14	PTR_PTR_000c7d14	Label	DEFAULT
000c7d18	PTR_PTR_000c7d18	Label	DEFAULT
000c7d1c	PTR_PTR_000c7d1c	Label	DEFAULT
000c7d20	PTR_PTR_000c7d20	Label	DEFAULT
000c7d24	PTR_PTR_000c7d24	Label	DEFAULT
000c7d28	PTR_PTR_000c7d28	Label	DEFAULT
000c7d2c	PTR_PTR_000c7d2c	Label	DEFAULT
000c7d30	PTR_PTR_000c7d30	Label	DEFAULT
000c7d34	PTR_PTR_000c7d34	Label	DEFAULT
000c7d38	PTR_PTR_000c7d38	Label	DEFAULT
000c7d3c	PTR_PTR_000c7d3c	Label	DEFAULT
000c7d40	PTR_PTR_000c7d40	Label	DEFAULT
000c7d44	PTR_PTR_000c7d44	Label	DEFAULT
000c7d48	PTR_PTR_000c7d48	Label	DEFAULT
000c7d4c	PTR_PTR_000c7d4c	Label	DEFAULT
000c7d50	PTR_PTR_000c7d50	Label	DEFAULT
000c7d54	PTR_PTR_000c7d54	Label	DEFAULT
000c7d58	PTR_PTR_000c7d58	Label	DEFAULT
000c7d5c	PTR_PTR_000c7d5c	Label	DEFAULT
000c7d60	PTR_PTR_000c7d60	Label	DEFAULT
000c7d6c	PTR_PTR_000c7d6c	Label	DEFAULT
000c7d70	PTR_PTR_000c7d70	Label	DEFAULT
000c7d74	PTR_PTR_000c7d74	Label	DEFAULT
000c7d78	PTR_PTR_000c7d78	Label	DEFAULT
000c7d7c	PTR_PTR_000c7d7c	Label	DEFAULT
000c7d80	PTR_PTR_000c7d80	Label	DEFAULT
000c7d84	PTR_PTR_000c7d84	Label	DEFAULT
000c7d88	PTR_PTR_000c7d88	Label	DEFAULT
000c7d8c	PTR_PTR_000c7d8c	Label	DEFAULT
000c7d90	PTR_PTR_000c7d90	Label	DEFAULT
000c7d94	PTR_PTR_000c7d94	Label	DEFAULT
000c7d98	PTR_PTR_000c7d98	Label	DEFAULT
000c7d9c	PTR_PTR_000c7d9c	Label	DEFAULT
000c7da0	PTR_PTR_000c7da0	Label	DEFAULT
000c7da4	PTR_PTR_000c7da4	Label	DEFAULT
000c7da8	PTR_PTR_000c7da8	Label	DEFAULT
000c7dac	PTR_PTR_000c7dac	Label	DEFAULT
000c7db0	PTR_PTR_000c7db0	Label	DEFAULT
000c7db4	PTR_PTR_000c7db4	Label	DEFAULT
000c7db8	PTR_PTR_000c7db8	Label	DEFAULT
000c7dbc	PTR_PTR_000c7dbc	Label	DEFAULT
000c7dc0	PTR_PTR_000c7dc0	Label	DEFAULT
000c7dc4	PTR_PTR_000c7dc4	Label	DEFAULT
000c7dc8	PTR_PTR_000c7dc8	Label	DEFAULT
000c7dcc	PTR_PTR_000c7dcc	Label	DEFAULT
000c7dd0	PTR_PTR_000c7dd0	Label	DEFAULT
000c7dd4	PTR_PTR_000c7dd4	Label	DEFAULT
000c7dd8	PTR_PTR_000c7dd8	Label	DEFAULT
000c7ddc	PTR_PTR_000c7ddc	Label	DEFAULT
000c7de0	PTR_PTR_000c7de0	Label	DEFAULT
000c7de4	PTR_PTR_000c7de4	Label	DEFAULT
000c7de8	PTR_PTR_000c7de8	Label	DEFAULT
000c7dec	PTR_PTR_000c7dec	Label	DEFAULT
000c7df0	PTR_PTR_000c7df0	Label	DEFAULT
000c7df4	PTR_PTR_000c7df4	Label	DEFAULT
000c7df8	PTR_PTR_000c7df8	Label	DEFAULT
000c7dfc	PTR_PTR_000c7dfc	Label	DEFAULT
000c7e00	PTR_PTR_000c7e00	Label	DEFAULT
000c7e04	PTR_PTR_000c7e04	Label	DEFAULT
000c7e08	PTR_PTR_000c7e08	Label	DEFAULT
000c7e0c	PTR_PTR_000c7e0c	Label	DEFAULT
000c7e10	PTR_PTR_000c7e10	Label	DEFAULT
000c7e14	PTR_PTR_000c7e14	Label	DEFAULT
000c7e18	PTR_PTR_000c7e18	Label	DEFAULT
000c7e1c	PTR_PTR_000c7e1c	Label	DEFAULT
000c7e20	PTR_PTR_000c7e20	Label	DEFAULT
000c7e24	PTR_PTR_000c7e24	Label	DEFAULT
000c7e28	PTR_PTR_000c7e28	Label	DEFAULT
000c7e2c	PTR_PTR_000c7e2c	Label	DEFAULT
000c7e30	PTR_PTR_000c7e30	Label	DEFAULT
000c7e34	PTR_PTR_000c7e34	Label	DEFAULT
000c7e38	PTR_PTR_000c7e38	Label	DEFAULT
000c7e3c	PTR_PTR_000c7e3c	Label	DEFAULT
000c7e40	PTR_PTR_000c7e40	Label	DEFAULT
000c7e44	PTR_PTR_000c7e44	Label	DEFAULT
000c7e48	PTR_PTR_000c7e48	Label	DEFAULT
000c7e4c	PTR_PTR_000c7e4c	Label	DEFAULT
000c7e50	PTR_PTR_000c7e50	Label	DEFAULT
000c7e54	PTR_PTR_000c7e54	Label	DEFAULT
000c7e58	PTR_PTR_000c7e58	Label	DEFAULT
000c7e5c	PTR_PTR_000c7e5c	Label	DEFAULT
000c7e60	PTR_PTR_000c7e60	Label	DEFAULT
000c7e64	PTR_PTR_000c7e64	Label	DEFAULT
000c7e68	PTR_PTR_000c7e68	Label	DEFAULT
000c7e74	PTR_PTR_000c7e74	Label	DEFAULT
000c7e78	PTR_PTR_000c7e78	Label	DEFAULT
000c7e7c	PTR_PTR_000c7e7c	Label	DEFAULT
000c7e80	PTR_PTR_000c7e80	Label	DEFAULT
000c7e84	PTR_PTR_000c7e84	Label	DEFAULT
000c7e88	PTR_PTR_000c7e88	Label	DEFAULT
000c7e8c	PTR_PTR_000c7e8c	Label	DEFAULT
000c7e90	PTR_PTR_000c7e90	Label	DEFAULT
000c7e94	PTR_PTR_000c7e94	Label	DEFAULT
000c7e98	PTR_PTR_000c7e98	Label	DEFAULT
000c7e9c	PTR_PTR_000c7e9c	Label	DEFAULT
000c7ea0	PTR_PTR_000c7ea0	Label	DEFAULT
000c7ea4	PTR_PTR_000c7ea4	Label	DEFAULT
000c7ea8	PTR_PTR_000c7ea8	Label	DEFAULT
000c7eac	PTR_PTR_000c7eac	Label	DEFAULT
000c7eb0	PTR_PTR_000c7eb0	Label	DEFAULT
000c7eb4	PTR_PTR_000c7eb4	Label	DEFAULT
000c7eb8	PTR_PTR_000c7eb8	Label	DEFAULT
000c7ebc	PTR_PTR_000c7ebc	Label	DEFAULT
000c7ec0	PTR_PTR_000c7ec0	Label	DEFAULT
000c7ec4	PTR_PTR_000c7ec4	Label	DEFAULT
000c7ec8	PTR_PTR_000c7ec8	Label	DEFAULT
000c7ecc	PTR_PTR_000c7ecc	Label	DEFAULT
000c7ed0	PTR_PTR_000c7ed0	Label	DEFAULT
000c7ed4	PTR_PTR_000c7ed4	Label	DEFAULT
000c7ed8	PTR_PTR_000c7ed8	Label	DEFAULT
000c7edc	PTR_PTR_000c7edc	Label	DEFAULT
000c7ee0	PTR_PTR_000c7ee0	Label	DEFAULT
000c7ee4	PTR_PTR_000c7ee4	Label	DEFAULT
000c7ee8	PTR_PTR_000c7ee8	Label	DEFAULT
000c7eec	PTR_PTR_000c7eec	Label	DEFAULT
000c7ef0	PTR_PTR_000c7ef0	Label	DEFAULT
000c7ef4	PTR_PTR_000c7ef4	Label	DEFAULT
000c7ef8	PTR_PTR_000c7ef8	Label	DEFAULT
000c7efc	PTR_PTR_000c7efc	Label	DEFAULT
000c7f00	PTR_PTR_000c7f00	Label	DEFAULT
000c7f04	PTR_PTR_000c7f04	Label	DEFAULT
000c7f08	PTR_PTR_000c7f08	Label	DEFAULT
000c7f0c	PTR_PTR_000c7f0c	Label	DEFAULT
000c7f10	PTR_PTR_000c7f10	Label	DEFAULT
000c7f14	PTR_PTR_000c7f14	Label	DEFAULT
000c7f18	PTR_PTR_000c7f18	Label	DEFAULT
000c7f1c	PTR_PTR_000c7f1c	Label	DEFAULT
000c7f20	PTR_PTR_000c7f20	Label	DEFAULT
000c7f24	PTR_PTR_000c7f24	Label	DEFAULT
000c7f28	PTR_PTR_000c7f28	Label	DEFAULT
000c7f2c	PTR_PTR_000c7f2c	Label	DEFAULT
000c7f30	PTR_PTR_000c7f30	Label	DEFAULT
000c7f34	PTR_PTR_000c7f34	Label	DEFAULT
000c7f38	PTR_PTR_000c7f38	Label	DEFAULT
000c7f3c	PTR_PTR_000c7f3c	Label	DEFAULT
000c7f40	PTR_PTR_000c7f40	Label	DEFAULT
000c7f44	PTR_PTR_000c7f44	Label	DEFAULT
000c7f48	PTR_PTR_000c7f48	Label	DEFAULT
000c7f4c	PTR_PTR_000c7f4c	Label	DEFAULT
000c7f50	PTR_PTR_000c7f50	Label	DEFAULT
000c7f54	PTR_PTR_000c7f54	Label	DEFAULT
000c7f58	PTR_PTR_000c7f58	Label	DEFAULT
000c7f5c	PTR_PTR_000c7f5c	Label	DEFAULT
000c7f60	PTR_PTR_000c7f60	Label	DEFAULT
000c7f64	PTR_PTR_000c7f64	Label	DEFAULT
000c7f68	PTR_PTR_000c7f68	Label	DEFAULT
000c7f6c	PTR_PTR_000c7f6c	Label	DEFAULT
000c7f70	PTR_PTR_000c7f70	Label	DEFAULT
000c7f7c	PTR_PTR_000c7f7c	Label	DEFAULT
000c7f80	PTR_PTR_000c7f80	Label	DEFAULT
000c7f84	PTR_PTR_000c7f84	Label	DEFAULT
000c7f88	PTR_PTR_000c7f88	Label	DEFAULT
000c7f8c	PTR_PTR_000c7f8c	Label	DEFAULT
000c7f90	PTR_PTR_000c7f90	Label	DEFAULT
000c7f94	PTR_PTR_000c7f94	Label	DEFAULT
000c7f98	PTR_PTR_000c7f98	Label	DEFAULT
000c7f9c	PTR_PTR_000c7f9c	Label	DEFAULT
000c7fa0	PTR_PTR_000c7fa0	Label	DEFAULT
000c7fa4	PTR_PTR_000c7fa4	Label	DEFAULT
000c7fa8	PTR_PTR_000c7fa8	Label	DEFAULT
000c7fac	PTR_PTR_000c7fac	Label	DEFAULT
000c7fb0	PTR_PTR_000c7fb0	Label	DEFAULT
000c7fb4	PTR_PTR_000c7fb4	Label	DEFAULT
000c7fb8	PTR_PTR_000c7fb8	Label	DEFAULT
000c7fbc	PTR_PTR_000c7fbc	Label	DEFAULT
000c7fc0	PTR_PTR_000c7fc0	Label	DEFAULT
000c7fc4	PTR_PTR_000c7fc4	Label	DEFAULT
000c7fc8	PTR_PTR_000c7fc8	Label	DEFAULT
000c7fcc	PTR_PTR_000c7fcc	Label	DEFAULT
000c7fd0	PTR_PTR_000c7fd0	Label	DEFAULT
000c7fd4	PTR_PTR_000c7fd4	Label	DEFAULT
000c7fd8	PTR_PTR_000c7fd8	Label	DEFAULT
000c7fdc	PTR_PTR_000c7fdc	Label	DEFAULT
000c7fe0	PTR_PTR_000c7fe0	Label	DEFAULT
000c7fe4	PTR_PTR_000c7fe4	Label	DEFAULT
000c7fe8	PTR_PTR_000c7fe8	Label	DEFAULT
000c7fec	PTR_PTR_000c7fec	Label	DEFAULT
000c7ff0	PTR_PTR_000c7ff0	Label	DEFAULT
000c7ff4	PTR_PTR_000c7ff4	Label	DEFAULT
000c7ff8	PTR_PTR_000c7ff8	Label	DEFAULT
000c7ffc	PTR_PTR_000c7ffc	Label	DEFAULT
000c8000	PTR_PTR_000c8000	Label	DEFAULT
000c8004	PTR_PTR_000c8004	Label	DEFAULT
000c8008	PTR_PTR_000c8008	Label	DEFAULT
000c800c	PTR_PTR_000c800c	Label	DEFAULT
000c8010	PTR_PTR_000c8010	Label	DEFAULT
000c8014	PTR_PTR_000c8014	Label	DEFAULT
000c8018	PTR_PTR_000c8018	Label	DEFAULT
000c801c	PTR_PTR_000c801c	Label	DEFAULT
000c8020	PTR_PTR_000c8020	Label	DEFAULT
000c8024	PTR_PTR_000c8024	Label	DEFAULT
000c8028	PTR_PTR_000c8028	Label	DEFAULT
000c802c	PTR_PTR_000c802c	Label	DEFAULT
000c8030	PTR_PTR_000c8030	Label	DEFAULT
000c8034	PTR_PTR_000c8034	Label	DEFAULT
000c8038	PTR_PTR_000c8038	Label	DEFAULT
000c803c	PTR_PTR_000c803c	Label	DEFAULT
000c8040	PTR_PTR_000c8040	Label	DEFAULT
000c8044	PTR_PTR_000c8044	Label	DEFAULT
000c8048	PTR_PTR_000c8048	Label	DEFAULT
000c804c	PTR_PTR_000c804c	Label	DEFAULT
000c8050	PTR_PTR_000c8050	Label	DEFAULT
000c8054	PTR_PTR_000c8054	Label	DEFAULT
000c8058	PTR_PTR_000c8058	Label	DEFAULT
000c805c	PTR_PTR_000c805c	Label	DEFAULT
000c8060	PTR_PTR_000c8060	Label	DEFAULT
000c8064	PTR_PTR_000c8064	Label	DEFAULT
000c8068	PTR_PTR_000c8068	Label	DEFAULT
000c806c	PTR_PTR_000c806c	Label	DEFAULT
000c8070	PTR_PTR_000c8070	Label	DEFAULT
000c8074	PTR_PTR_000c8074	Label	DEFAULT
000c8078	PTR_PTR_000c8078	Label	DEFAULT
000c8084	PTR_PTR_000c8084	Label	DEFAULT
000c8088	PTR_PTR_000c8088	Label	DEFAULT
000c808c	PTR_PTR_000c808c	Label	DEFAULT
000c8090	PTR_PTR_000c8090	Label	DEFAULT
000c8094	PTR_PTR_000c8094	Label	DEFAULT
000c8098	PTR_PTR_000c8098	Label	DEFAULT
000c809c	PTR_PTR_000c809c	Label	DEFAULT
000c80a0	PTR_PTR_000c80a0	Label	DEFAULT
000c80a4	PTR_PTR_000c80a4	Label	DEFAULT
000c80a8	PTR_PTR_000c80a8	Label	DEFAULT
000c80ac	PTR_PTR_000c80ac	Label	DEFAULT
000c80b0	PTR_PTR_000c80b0	Label	DEFAULT
000c80b4	PTR_PTR_000c80b4	Label	DEFAULT
000c80b8	PTR_PTR_000c80b8	Label	DEFAULT
000c80bc	PTR_PTR_000c80bc	Label	DEFAULT
000c80c0	PTR_PTR_000c80c0	Label	DEFAULT
000c80c4	PTR_PTR_000c80c4	Label	DEFAULT
000c80c8	PTR_PTR_000c80c8	Label	DEFAULT
000c80cc	PTR_PTR_000c80cc	Label	DEFAULT
000c80d0	PTR_PTR_000c80d0	Label	DEFAULT
000c80d4	PTR_PTR_000c80d4	Label	DEFAULT
000c80d8	PTR_PTR_000c80d8	Label	DEFAULT
000c80dc	PTR_PTR_000c80dc	Label	DEFAULT
000c80e0	PTR_PTR_000c80e0	Label	DEFAULT
000c80e4	PTR_PTR_000c80e4	Label	DEFAULT
000c80e8	PTR_PTR_000c80e8	Label	DEFAULT
000c80ec	PTR_PTR_000c80ec	Label	DEFAULT
000c80f0	PTR_PTR_000c80f0	Label	DEFAULT
000c80f4	PTR_PTR_000c80f4	Label	DEFAULT
000c80f8	PTR_PTR_000c80f8	Label	DEFAULT
000c80fc	PTR_PTR_000c80fc	Label	DEFAULT
000c8100	PTR_PTR_000c8100	Label	DEFAULT
000c8104	PTR_PTR_000c8104	Label	DEFAULT
000c8108	PTR_PTR_000c8108	Label	DEFAULT
000c810c	PTR_PTR_000c810c	Label	DEFAULT
000c8110	PTR_PTR_000c8110	Label	DEFAULT
000c8114	PTR_PTR_000c8114	Label	DEFAULT
000c8118	PTR_PTR_000c8118	Label	DEFAULT
000c811c	PTR_PTR_000c811c	Label	DEFAULT
000c8120	PTR_PTR_000c8120	Label	DEFAULT
000c8124	PTR_PTR_000c8124	Label	DEFAULT
000c8128	PTR_PTR_000c8128	Label	DEFAULT
000c812c	PTR_PTR_000c812c	Label	DEFAULT
000c8130	PTR_PTR_000c8130	Label	DEFAULT
000c8134	PTR_PTR_000c8134	Label	DEFAULT
000c8138	PTR_PTR_000c8138	Label	DEFAULT
000c813c	PTR_PTR_000c813c	Label	DEFAULT
000c8140	PTR_PTR_000c8140	Label	DEFAULT
000c8144	PTR_PTR_000c8144	Label	DEFAULT
000c8148	PTR_PTR_000c8148	Label	DEFAULT
000c814c	PTR_PTR_000c814c	Label	DEFAULT
000c8150	PTR_PTR_000c8150	Label	DEFAULT
000c8154	PTR_PTR_000c8154	Label	DEFAULT
000c8158	PTR_PTR_000c8158	Label	DEFAULT
000c815c	PTR_PTR_000c815c	Label	DEFAULT
000c8160	PTR_PTR_000c8160	Label	DEFAULT
000c8164	PTR_PTR_000c8164	Label	DEFAULT
000c8168	PTR_PTR_000c8168	Label	DEFAULT
000c816c	PTR_PTR_000c816c	Label	DEFAULT
000c8170	PTR_PTR_000c8170	Label	DEFAULT
000c8174	PTR_PTR_000c8174	Label	DEFAULT
000c8178	PTR_PTR_000c8178	Label	DEFAULT
000c817c	PTR_PTR_000c817c	Label	DEFAULT
000c8180	PTR_PTR_000c8180	Label	DEFAULT
000c818c	PTR_PTR_000c818c	Label	DEFAULT
000c8190	PTR_PTR_000c8190	Label	DEFAULT
000c8194	PTR_PTR_000c8194	Label	DEFAULT
000c8198	PTR_PTR_000c8198	Label	DEFAULT
000c819c	PTR_PTR_000c819c	Label	DEFAULT
000c81a0	PTR_PTR_000c81a0	Label	DEFAULT
000c81a4	PTR_PTR_000c81a4	Label	DEFAULT
000c81a8	PTR_PTR_000c81a8	Label	DEFAULT
000c81ac	PTR_PTR_000c81ac	Label	DEFAULT
000c81b0	PTR_PTR_000c81b0	Label	DEFAULT
000c81b4	PTR_PTR_000c81b4	Label	DEFAULT
000c81b8	PTR_PTR_000c81b8	Label	DEFAULT
000c81bc	PTR_PTR_000c81bc	Label	DEFAULT
000c81c0	PTR_PTR_000c81c0	Label	DEFAULT
000c81c4	PTR_PTR_000c81c4	Label	DEFAULT
000c81c8	PTR_PTR_000c81c8	Label	DEFAULT
000c81cc	PTR_PTR_000c81cc	Label	DEFAULT
000c81d0	PTR_PTR_000c81d0	Label	DEFAULT
000c81d4	PTR_PTR_000c81d4	Label	DEFAULT
000c81d8	PTR_PTR_000c81d8	Label	DEFAULT
000c81dc	PTR_PTR_000c81dc	Label	DEFAULT
000c81e0	PTR_PTR_000c81e0	Label	DEFAULT
000c81e4	^OldStructure	Label	USER_DEFINED
000c81e8	^OldContent	Label	USER_DEFINED
000c8278	DAT_000c8278	Label	DEFAULT
000c8288	PTR_DAT_000c8288	Label	DEFAULT
000c82d0	PTR_PTR_000c82d0	Label	DEFAULT
000c82d8	PTR_PTR_000c82d8	Label	DEFAULT
000c82e0	PTR_PTR_000c82e0	Label	DEFAULT
000c82e4	PTR_PTR_000c82e4	Label	DEFAULT
000c82ec	PTR_DAT_000c82ec	Label	DEFAULT
000c8304	DAT_000c8304	Label	DEFAULT
000c8330	PTR_PTR_000c8330	Label	DEFAULT
000c8390	PTR_DAT_000c8390	Label	DEFAULT
000c839c	DAT_000c839c	Label	DEFAULT
000c8408	DAT_000c8408	Label	DEFAULT
000c840a	DAT_000c840a	Label	DEFAULT
000c842c	DAT_000c842c	Label	DEFAULT
000c8448	DAT_000c8448	Label	DEFAULT
000c844a	PTR_^BufPtr_000c844a	Label	DEFAULT
000c844e	DAT_000c844e	Label	DEFAULT
000c8450	DAT_000c8450	Label	DEFAULT
000c8452	DAT_000c8450+2	Label	DEFAULT
000c8458	DAT_000c8458	Label	DEFAULT
000c8460	PTR_PTR_000c8460	Label	DEFAULT
000c8464	PTR_PTR_000c8464	Label	DEFAULT
000c84b4	DAT_000c84b4	Label	DEFAULT
000c84b6	^WVisible	Label	USER_DEFINED
000c84ba	^StructRgn	Label	USER_DEFINED
000c84c2	PTR_PTR_000c84c2	Label	DEFAULT
000c84d8	^NextWindow	Label	USER_DEFINED
000c84dc	DAT_000c84dc	Label	DEFAULT
000c84e0	DAT_000c84e0	Label	DEFAULT
000c84e8	PTR_PTR_000c84e8	Label	DEFAULT
000c84ec	DAT_000c84ec	Label	DEFAULT
000c84f2	DAT_000c84f2	Label	DEFAULT
000c84f3	DAT_000c84f3	Label	DEFAULT
000c8a86	DAT_000c8a86	Label	DEFAULT
000c8fd2	PTR_DAT_000c8fd2	Label	DEFAULT
000c9036	PTR_DAT_000c9036	Label	DEFAULT
000c9072	PTR_DAT_000c9072	Label	DEFAULT
000c9084	DAT_000c9084	Label	DEFAULT
000ca24a	DAT_000ca24a	Label	DEFAULT
000ca25a	PTR_PTR_000ca25a	Label	DEFAULT
000ca25e	DAT_000ca25e	Label	DEFAULT
000ca270	DAT_000ca270	Label	DEFAULT
000ca274	PTR_DAT_000ca274	Label	DEFAULT
000ca3a8	PTR_DAT_000ca3a8	Label	DEFAULT
000ca3b4	DAT_000ca3b4	Label	DEFAULT
000cb19c	DAT_000cb19c	Label	DEFAULT
000cb19e	DAT_000cb19e	Label	DEFAULT
000cb1a0	DAT_000cb1a0	Label	DEFAULT
000cb1c2	DAT_000cb1c2	Label	DEFAULT
000cb2ec	DAT_000cb2ec	Label	DEFAULT
000cb43a	PTR_DAT_000cb43a	Label	DEFAULT
000cb444	DAT_000cb444	Label	DEFAULT
000cb448	DAT_000cb448	Label	DEFAULT
000cb45c	DAT_000cb45c	Label	DEFAULT
000cc000	DAT_000cc000	Label	DEFAULT
000cc660	PTR_DAT_000cc660	Label	DEFAULT
000de2ee	SUB_000de2ee	Label	DEFAULT
000de318	LAB_000de318	Label	DEFAULT
000de328	LAB_000de328	Label	DEFAULT
000de33e	LAB_000de33e	Label	DEFAULT
000de35c	LAB_000de35c	Label	DEFAULT
000de36e	LAB_000de36e	Label	DEFAULT
000de376	SUB_000de376	Label	DEFAULT
000de39e	LAB_000de39e	Label	DEFAULT
000de3a0	SUB_000de3a0	Label	DEFAULT
000de3d6	LAB_000de3d6	Label	DEFAULT
000de404	LAB_000de404	Label	DEFAULT
000de418	LAB_000de418	Label	DEFAULT
000de422	LAB_000de422	Label	DEFAULT
000de536	SUB_000de536	Label	DEFAULT
000de53a	LAB_000de53a	Label	DEFAULT
000de55c	LAB_000de55c	Label	DEFAULT
000de5c2	LAB_000de5c2	Label	DEFAULT
000de5c4	SUB_000de5c4	Label	DEFAULT
000de602	LAB_000de602	Label	DEFAULT
000de61c	LAB_000de61c	Label	DEFAULT
000de624	LAB_000de624	Label	DEFAULT
000de626	SUB_000de626	Label	DEFAULT
000de63e	LAB_000de63e	Label	DEFAULT
000de644	LAB_000de644	Label	DEFAULT
000de650	LAB_000de650	Label	DEFAULT
000de654	LAB_000de654	Label	DEFAULT
000de658	SUB_000de658	Label	DEFAULT
000de664	LAB_000de664	Label	DEFAULT
000de666	SUB_000de666	Label	DEFAULT
000de682	LAB_000de682	Label	DEFAULT
000deb7c	LAB_000deb7c	Label	DEFAULT
000deb84	SUB_000deb84	Label	DEFAULT
000deb9c	LAB_000deb9c	Label	DEFAULT
000debe0	LAB_000debe0	Label	DEFAULT
000debf0	LAB_000debf0	Label	DEFAULT
000debf8	LAB_000debf8	Label	DEFAULT
000dec12	LAB_000dec12	Label	DEFAULT
000dec2a	LAB_000dec2a	Label	DEFAULT
000dec30	LAB_000dec30	Label	DEFAULT
000dec60	LAB_000dec60	Label	DEFAULT
000dec6a	SUB_000dec6a	Label	DEFAULT
000dec8c	SUB_000dec8c	Label	DEFAULT
000dec9a	SUB_000dec9a	Label	DEFAULT
000decbe	LAB_000decbe	Label	DEFAULT
000ded02	LAB_000ded02	Label	DEFAULT
000ded22	LAB_000ded22	Label	DEFAULT
000ded2e	LAB_000ded2e	Label	DEFAULT
000ded46	LAB_000ded46	Label	DEFAULT
000ded72	LAB_000ded72	Label	DEFAULT
000ded7e	LAB_000ded7e	Label	DEFAULT
000ded8c	LAB_000ded8c	Label	DEFAULT
000ded96	LAB_000ded96	Label	DEFAULT
000dede0	LAB_000dede0	Label	DEFAULT
000dee10	LAB_000dee10	Label	DEFAULT
000dee16	LAB_000dee16	Label	DEFAULT
000dee3c	LAB_000dee3c	Label	DEFAULT
000dee40	LAB_000dee40	Label	DEFAULT
000dee46	SUB_000dee46	Label	DEFAULT
000dee4a	SUB_000dee4a	Label	DEFAULT
000dee4e	SUB_000dee4e	Label	DEFAULT
000dee52	SUB_000dee52	Label	DEFAULT
000dee54	LAB_000dee54	Label	DEFAULT
000dee5e	LAB_000dee5e	Label	DEFAULT
000dee6c	SUB_000dee6c	Label	DEFAULT
000dee82	SUB_000dee82	Label	DEFAULT
000dee86	SUB_000dee86	Label	DEFAULT
000dee9c	SUB_000dee9c	Label	DEFAULT
000deeaa	LAB_000deeaa	Label	DEFAULT
000deeac	SUB_000deeac	Label	DEFAULT
000deec4	LAB_000deec4	Label	DEFAULT
000deece	LAB_000deece	Label	DEFAULT
000deee6	SUB_000deee6	Label	DEFAULT
000def0c	SUB_000def0c	Label	DEFAULT
000def18	LAB_000def18	Label	DEFAULT
000def3a	SUB_000def3a	Label	DEFAULT
000def6e	LAB_000def6e	Label	DEFAULT
000def76	switchD_000def76::switchD	Label	ANALYSIS
000def7a	LAB_000def7a	Label	DEFAULT
000def7e	switchD_000def76::caseD_3	Label	ANALYSIS
000def80	switchD_000def76::caseD_2	Label	ANALYSIS
000def82	switchD_000def76::caseD_1	Label	ANALYSIS
000def84	LAB_000def84	Label	DEFAULT
000def9a	SUB_000def9a	Label	DEFAULT
000defb8	LAB_000defb8	Label	DEFAULT
000defee	LAB_000defee	Label	DEFAULT
000df002	LAB_000df002	Label	DEFAULT
000df006	LAB_000df006	Label	DEFAULT
000df008	SUB_000df008	Label	DEFAULT
000df026	LAB_000df026	Label	DEFAULT
000df02e	SUB_000df02e	Label	DEFAULT
000df070	LAB_000df070	Label	DEFAULT
000df08c	LAB_000df08c	Label	DEFAULT
000df0bc	LAB_000df0bc	Label	DEFAULT
000df0be	LAB_000df0be	Label	DEFAULT
000df0e2	LAB_000df0e2	Label	DEFAULT
000df0f8	LAB_000df0f8	Label	DEFAULT
000df100	LAB_000df100	Label	DEFAULT
000df11a	LAB_000df11a	Label	DEFAULT
000df11c	SUB_000df11c	Label	DEFAULT
000df148	LAB_000df148	Label	DEFAULT
000df160	LAB_000df160	Label	DEFAULT
000df170	LAB_000df170	Label	DEFAULT
000df1cc	LAB_000df1cc	Label	DEFAULT
000df1d2	SUB_000df1d2	Label	DEFAULT
000df200	LAB_000df200	Label	DEFAULT
000df210	LAB_000df210	Label	DEFAULT
000df230	LAB_000df230	Label	DEFAULT
000df244	LAB_000df244	Label	DEFAULT
000df24a	LAB_000df24a	Label	DEFAULT
000df24e	LAB_000df24e	Label	DEFAULT
000df258	DAT_000df258	Label	DEFAULT
000df25a	DAT_000df25a	Label	DEFAULT
000df25e	DAT_000df25e	Label	DEFAULT
000df262	DAT_000df262	Label	DEFAULT
000df266	DAT_000df266	Label	DEFAULT
000df26a	DAT_000df26a	Label	DEFAULT
000df26c	DAT_000df26c	Label	DEFAULT
000df270	DAT_000df270	Label	DEFAULT
000df274	DAT_000df274	Label	DEFAULT
000df278	DAT_000df278	Label	DEFAULT
000df27c	DAT_000df27c	Label	DEFAULT
000df27e	DAT_000df27e	Label	DEFAULT
000df282	DAT_000df282	Label	DEFAULT
000df286	DAT_000df286	Label	DEFAULT
000df28a	DAT_000df28a	Label	DEFAULT
000df28e	SUB_000df28e	Label	DEFAULT
000df2a6	LAB_000df2a6	Label	DEFAULT
000df2b6	LAB_000df2b6	Label	DEFAULT
000df2ba	LAB_000df2ba	Label	DEFAULT
000df2c2	LAB_000df2c2	Label	DEFAULT
000df2c6	LAB_000df2c6	Label	DEFAULT
000df2d0	LAB_000df2d0	Label	DEFAULT
000df2ee	SUB_000df2ee	Label	DEFAULT
000df2f6	SUB_000df2f6	Label	DEFAULT
000df32e	LAB_000df32e	Label	DEFAULT
000df33a	SUB_000df33a	Label	DEFAULT
000df378	LAB_000df378	Label	DEFAULT
000df37c	LAB_000df37c	Label	DEFAULT
000df380	LAB_000df380	Label	DEFAULT
000df396	SUB_000df396	Label	DEFAULT
000df39e	SUB_000df39e	Label	DEFAULT
000df3ac	SUB_000df3ac	Label	DEFAULT
000df3be	SUB_000df3be	Label	DEFAULT
000df404	LAB_000df404	Label	DEFAULT
000df406	LAB_000df406	Label	DEFAULT
000df40e	SUB_000df40e	Label	DEFAULT
000df452	SUB_000df452	Label	DEFAULT
000df49a	LAB_000df49a	Label	DEFAULT
000df4c2	LAB_000df4c2	Label	DEFAULT
000df4e2	LAB_000df4e2	Label	DEFAULT
000df4fa	LAB_000df4fa	Label	DEFAULT
000df518	LAB_000df518	Label	DEFAULT
000df538	SUB_000df538	Label	DEFAULT
000df562	LAB_000df562	Label	DEFAULT
000df572	LAB_000df572	Label	DEFAULT
000df578	LAB_000df578	Label	DEFAULT
000df57c	LAB_000df57c	Label	DEFAULT
000df57e	LAB_000df57e	Label	DEFAULT
000df598	SUB_000df598	Label	DEFAULT
000df5a6	LAB_000df5a6	Label	DEFAULT
000df5b6	LAB_000df5b6	Label	DEFAULT
000df5c6	SUB_000df5c6	Label	DEFAULT
000df5ca	SUB_000df5ca	Label	DEFAULT
000df5cc	LAB_000df5cc	Label	DEFAULT
000df5e4	LAB_000df5e4	Label	DEFAULT
000df5e6	LAB_000df5e6	Label	DEFAULT
000df5ea	SUB_000df5ea	Label	DEFAULT
000df5f8	SUB_000df5f8	Label	DEFAULT
000df606	SUB_000df606	Label	DEFAULT
000df62e	SUB_000df62e	Label	DEFAULT
000df654	LAB_000df654	Label	DEFAULT
000df658	LAB_000df658	Label	DEFAULT
000df65a	LAB_000df65a	Label	DEFAULT
000df662	SUB_000df662	Label	DEFAULT
000df684	LAB_000df684	Label	DEFAULT
000df68a	SUB_000df68a	Label	DEFAULT
000df696	LAB_000df696	Label	DEFAULT
000df6b8	LAB_000df6b8	Label	DEFAULT
000df6be	LAB_000df6be	Label	DEFAULT
000df6c2	LAB_000df6c2	Label	DEFAULT
000df6ca	SUB_000df6ca	Label	DEFAULT
000df6de	LAB_000df6de	Label	DEFAULT
000df6f0	LAB_000df6f0	Label	DEFAULT
000df6f6	LAB_000df6f6	Label	DEFAULT
000df718	LAB_000df718	Label	DEFAULT
000df720	LAB_000df720	Label	DEFAULT
000df726	SUB_000df726	Label	DEFAULT
000df76e	LAB_000df76e	Label	DEFAULT
000df770	SUB_000df770	Label	DEFAULT
000df78e	LAB_000df78e	Label	DEFAULT
000df798	LAB_000df798	Label	DEFAULT
000df7b0	LAB_000df7b0	Label	DEFAULT
000df7b8	LAB_000df7b8	Label	DEFAULT
000df7bc	LAB_000df7bc	Label	DEFAULT
000df7c0	LAB_000df7c0	Label	DEFAULT
000df7c6	LAB_000df7c6	Label	DEFAULT
000df7f4	LAB_000df7f4	Label	DEFAULT
000df7fa	LAB_000df7fa	Label	DEFAULT
000df802	SUB_000df802	Label	DEFAULT
000df826	LAB_000df826	Label	DEFAULT
000df834	LAB_000df834	Label	DEFAULT
000df850	LAB_000df850	Label	DEFAULT
000df856	LAB_000df856	Label	DEFAULT
000df85c	SUB_000df85c	Label	DEFAULT
000df868	SUB_000df868	Label	DEFAULT
000df898	SUB_000df898	Label	DEFAULT
000df8be	LAB_000df8be	Label	DEFAULT
000df8c2	LAB_000df8c2	Label	DEFAULT
000df8d4	LAB_000df8d4	Label	DEFAULT
000df8e6	SUB_000df8e6	Label	DEFAULT
000df914	SUB_000df914	Label	DEFAULT
000df922	LAB_000df922	Label	DEFAULT
000df924	SUB_000df924	Label	DEFAULT
000df93a	LAB_000df93a	Label	DEFAULT
000df940	LAB_000df940	Label	DEFAULT
000df94e	LAB_000df94e	Label	DEFAULT
000df952	LAB_000df952	Label	DEFAULT
000dfa7e	SUB_000dfa7e	Label	DEFAULT
000dfa94	LAB_000dfa94	Label	DEFAULT
000dfaa2	LAB_000dfaa2	Label	DEFAULT
000dfab4	LAB_000dfab4	Label	DEFAULT
000dfaba	SUB_000dfaba	Label	DEFAULT
000dface	LAB_000dface	Label	DEFAULT
000dfad2	SUB_000dfad2	Label	DEFAULT
000dfade	LAB_000dfade	Label	DEFAULT
000dfafc	LAB_000dfafc	Label	DEFAULT
000dfb78	SUB_000dfb78	Label	DEFAULT
000dfb8e	LAB_000dfb8e	Label	DEFAULT
000dfb94	LAB_000dfb94	Label	DEFAULT
000dfcb6	SUB_000dfcb6	Label	DEFAULT
000dfccc	LAB_000dfccc	Label	DEFAULT
000dfcd2	LAB_000dfcd2	Label	DEFAULT
000dfce8	LAB_000dfce8	Label	DEFAULT
000dfcec	SUB_000dfcec	Label	DEFAULT
000dfd08	LAB_000dfd08	Label	DEFAULT
000dfe24	SUB_000dfe24	Label	DEFAULT
000dfe4a	LAB_000dfe4a	Label	DEFAULT
000dfe64	LAB_000dfe64	Label	DEFAULT
000dfe68	SUB_000dfe68	Label	DEFAULT
000dfec0	LAB_000dfec0	Label	DEFAULT
000dfee6	LAB_000dfee6	Label	DEFAULT
000dfef2	LAB_000dfef2	Label	DEFAULT
000dfefe	LAB_000dfefe	Label	DEFAULT
000dff02	LAB_000dff02	Label	DEFAULT
000dff20	LAB_000dff20	Label	DEFAULT
000dff3a	LAB_000dff3a	Label	DEFAULT
000dff3e	SUB_000dff3e	Label	DEFAULT
000dff4e	LAB_000dff4e	Label	DEFAULT
000dff62	LAB_000dff62	Label	DEFAULT
000dff74	LAB_000dff74	Label	DEFAULT
000dff7a	LAB_000dff7a	Label	DEFAULT
000dff80	LAB_000dff80	Label	DEFAULT
000dff8e	LAB_000dff8e	Label	DEFAULT
000dff98	LAB_000dff98	Label	DEFAULT
000dffaa	LAB_000dffaa	Label	DEFAULT
000dffac	SUB_000dffac	Label	DEFAULT
000e0000	LAB_000e0000	Label	DEFAULT
000e0004	LAB_000e0004	Label	DEFAULT
000e0006	LAB_000e0006	Label	DEFAULT
000e0020	LAB_000e0020	Label	DEFAULT
000e002c	LAB_000e002c	Label	DEFAULT
000e0184	SUB_000e0184	Label	DEFAULT
000e018e	LAB_000e018e	Label	DEFAULT
000e01ae	LAB_000e01ae	Label	DEFAULT
000e01b4	LAB_000e01b4	Label	DEFAULT
000e01e8	SUB_000e01e8	Label	DEFAULT
000e0234	LAB_000e0234	Label	DEFAULT
000e0254	SUB_000e0254	Label	DEFAULT
000e025e	LAB_000e025e	Label	DEFAULT
000e0268	SUB_000e0268	Label	DEFAULT
000e026e	SUB_000e026e	Label	DEFAULT
000e02a0	LAB_000e02a0	Label	DEFAULT
000e02b4	LAB_000e02b4	Label	DEFAULT
000e02ce	LAB_000e02ce	Label	DEFAULT
000e02d0	LAB_000e02d0	Label	DEFAULT
000e02da	SUB_000e02da	Label	DEFAULT
000e030c	SUB_000e030c	Label	DEFAULT
000e0496	SUB_000e0496	Label	DEFAULT
000e04a8	LAB_000e04a8	Label	DEFAULT
000e04c4	LAB_000e04c4	Label	DEFAULT
000e04cc	LAB_000e04cc	Label	DEFAULT
000e04d2	LAB_000e04d2	Label	DEFAULT
000e04de	LAB_000e04de	Label	DEFAULT
000e04ea	LAB_000e04ea	Label	DEFAULT
000e0508	LAB_000e0508	Label	DEFAULT
000e050c	LAB_000e050c	Label	DEFAULT
000e1b24	SUB_000e1b24	Label	DEFAULT
000e1b50	LAB_000e1b50	Label	DEFAULT
000e1b82	LAB_000e1b82	Label	DEFAULT
000e1cf2	SUB_000e1cf2	Label	DEFAULT
000e1d02	LAB_000e1d02	Label	DEFAULT
000e1d12	LAB_000e1d12	Label	DEFAULT
000e1d1a	LAB_000e1d1a	Label	DEFAULT
000e1d32	LAB_000e1d32	Label	DEFAULT
000e1d42	LAB_000e1d42	Label	DEFAULT
000e1dd6	LAB_000e1dd6	Label	DEFAULT
000e1e72	SUB_000e1e72	Label	DEFAULT
000e1e90	LAB_000e1e90	Label	DEFAULT
000e1e92	LAB_000e1e92	Label	DEFAULT
000e1e94	SUB_000e1e94	Label	DEFAULT
000e1eb4	LAB_000e1eb4	Label	DEFAULT
000e1eba	LAB_000e1eba	Label	DEFAULT
000e21b4	DAT_000e21b4	Label	DEFAULT
000e21bc	LAB_000e21bc	Label	DEFAULT
000e21e0	LAB_000e21e0	Label	DEFAULT
000e220e	LAB_000e220e	Label	DEFAULT
000e2228	LAB_000e2228	Label	DEFAULT
000e2252	LAB_000e2252	Label	DEFAULT
000e225a	LAB_000e225a	Label	DEFAULT
000e250e	SUB_000e250e	Label	DEFAULT
000e2534	LAB_000e2534	Label	DEFAULT
000e2866	LAB_000e2866	Label	DEFAULT
000e286c	SUB_000e286c	Label	DEFAULT
000e288c	LAB_000e288c	Label	DEFAULT
000e2894	LAB_000e2894	Label	DEFAULT
000e28a2	LAB_000e28a2	Label	DEFAULT
000e28b6	LAB_000e28b6	Label	DEFAULT
000e28b8	LAB_000e28b8	Label	DEFAULT
000e28ca	LAB_000e28ca	Label	DEFAULT
000e28cc	SUB_000e28cc	Label	DEFAULT
000e291a	LAB_000e291a	Label	DEFAULT
000e291e	LAB_000e291e	Label	DEFAULT
000e298a	LAB_000e298a	Label	DEFAULT
000e29b0	LAB_000e29b0	Label	DEFAULT
000e29b4	SUB_000e29b4	Label	DEFAULT
000e29c8	LAB_000e29c8	Label	DEFAULT
000e29d8	LAB_000e29d8	Label	DEFAULT
000e29f8	LAB_000e29f8	Label	DEFAULT
000e2a18	LAB_000e2a18	Label	DEFAULT
000e2a2e	LAB_000e2a2e	Label	DEFAULT
000e2a42	LAB_000e2a42	Label	DEFAULT
000e2a52	LAB_000e2a52	Label	DEFAULT
000e2a62	LAB_000e2a62	Label	DEFAULT
000e2d26	SUB_000e2d26	Label	DEFAULT
000e2d48	LAB_000e2d48	Label	DEFAULT
000e2d50	SUB_000e2d50	Label	DEFAULT
000e2d78	DAT_000e2d78	Label	DEFAULT
000e2d7c	SUB_000e2d7c	Label	DEFAULT
000e2e00	LAB_000e2e00	Label	DEFAULT
000e2e0a	LAB_000e2e0a	Label	DEFAULT
000e2e10	LAB_000e2e10	Label	DEFAULT
000e2e9c	SUB_000e2e9c	Label	DEFAULT
000e2ec8	LAB_000e2ec8	Label	DEFAULT
000e2ecc	SUB_000e2ecc	Label	DEFAULT
000e2ed6	LAB_000e2ed6	Label	DEFAULT
000e2eea	LAB_000e2eea	Label	DEFAULT
000e2ef8	LAB_000e2ef8	Label	DEFAULT
000e2f06	LAB_000e2f06	Label	DEFAULT
000e2f1a	LAB_000e2f1a	Label	DEFAULT
000e2f22	LAB_000e2f22	Label	DEFAULT
000e2f2a	LAB_000e2f2a	Label	DEFAULT
000e2f44	LAB_000e2f44	Label	DEFAULT
000e2f46	LAB_000e2f46	Label	DEFAULT
000e30a4	LAB_000e30a4	Label	DEFAULT
000e30aa	SUB_000e30aa	Label	DEFAULT
000e30e4	LAB_000e30e4	Label	DEFAULT
000e30ec	LAB_000e30ec	Label	DEFAULT
000e30f8	LAB_000e30f8	Label	DEFAULT
000e310e	LAB_000e310e	Label	DEFAULT
000e3116	LAB_000e3116	Label	DEFAULT
000e311a	LAB_000e311a	Label	DEFAULT
000e311c	SUB_000e311c	Label	DEFAULT
000e314e	LAB_000e314e	Label	DEFAULT
000e3150	LAB_000e3150	Label	DEFAULT
000e3152	LAB_000e3152	Label	DEFAULT
000e3174	LAB_000e3174	Label	DEFAULT
000e31a2	LAB_000e31a2	Label	DEFAULT
000e31da	SUB_000e31da	Label	DEFAULT
000e31f6	LAB_000e31f6	Label	DEFAULT
000e3222	LAB_000e3222	Label	DEFAULT
000e322a	LAB_000e322a	Label	DEFAULT
000e3234	LAB_000e3234	Label	DEFAULT
000e323a	LAB_000e323a	Label	DEFAULT
000e324a	LAB_000e324a	Label	DEFAULT
000e326e	LAB_000e326e	Label	DEFAULT
000e3270	LAB_000e3270	Label	DEFAULT
000e3278	SUB_000e3278	Label	DEFAULT
000e3288	LAB_000e3288	Label	DEFAULT
000e328a	SUB_000e328a	Label	DEFAULT
000e32a2	LAB_000e32a2	Label	DEFAULT
000e32a6	LAB_000e32a6	Label	DEFAULT
000e32a8	SUB_000e32a8	Label	DEFAULT
000e32b6	LAB_000e32b6	Label	DEFAULT
000e32d4	LAB_000e32d4	Label	DEFAULT
000e32e4	LAB_000e32e4	Label	DEFAULT
000e32fe	LAB_000e32fe	Label	DEFAULT
000e3302	LAB_000e3302	Label	DEFAULT
000e3304	LAB_000e3304	Label	DEFAULT
000e3318	LAB_000e3318	Label	DEFAULT
000e332c	LAB_000e332c	Label	DEFAULT
000e3338	LAB_000e3338	Label	DEFAULT
000e3504	LAB_000e3504	Label	DEFAULT
000e3564	SUB_000e3564	Label	DEFAULT
000e3568	SUB_000e3568	Label	DEFAULT
000e358a	LAB_000e358a	Label	DEFAULT
000e35d2	LAB_000e35d2	Label	DEFAULT
000e35da	LAB_000e35da	Label	DEFAULT
000e35f8	LAB_000e35f8	Label	DEFAULT
000e362a	LAB_000e362a	Label	DEFAULT
000e3640	LAB_000e3640	Label	DEFAULT
000e3652	LAB_000e3652	Label	DEFAULT
000e3658	SUB_000e3658	Label	DEFAULT
000e3664	LAB_000e3664	Label	DEFAULT
000e3702	SUB_000e3702	Label	DEFAULT
000e3714	LAB_000e3714	Label	DEFAULT
000e3728	LAB_000e3728	Label	DEFAULT
000e372c	LAB_000e372c	Label	DEFAULT
000e374e	LAB_000e374e	Label	DEFAULT
000e403e	SUB_000e403e	Label	DEFAULT
000e4050	LAB_000e4050	Label	DEFAULT
000e4060	LAB_000e4060	Label	DEFAULT
000e4080	LAB_000e4080	Label	DEFAULT
000e4082	SUB_000e4082	Label	DEFAULT
000e4098	LAB_000e4098	Label	DEFAULT
000e40ae	LAB_000e40ae	Label	DEFAULT
000e40c4	LAB_000e40c4	Label	DEFAULT
000e40ca	LAB_000e40ca	Label	DEFAULT
000e40d6	LAB_000e40d6	Label	DEFAULT
000e40d8	LAB_000e40d8	Label	DEFAULT
000e40e4	SUB_000e40e4	Label	DEFAULT
000e4186	LAB_000e4186	Label	DEFAULT
000e41aa	LAB_000e41aa	Label	DEFAULT
000e41b0	SUB_000e41b0	Label	DEFAULT
000e41d0	LAB_000e41d0	Label	DEFAULT
000e41d2	SUB_000e41d2	Label	DEFAULT
000e4202	SUB_000e4202	Label	DEFAULT
000e4214	LAB_000e4214	Label	DEFAULT
000e4218	SUB_000e4218	Label	DEFAULT
000e4226	SUB_000e4226	Label	DEFAULT
000e423e	SUB_000e423e	Label	DEFAULT
000e425a	SUB_000e425a	Label	DEFAULT
000e4268	SUB_000e4268	Label	DEFAULT
000e4274	LAB_000e4274	Label	DEFAULT
000e4286	LAB_000e4286	Label	DEFAULT
000e428a	LAB_000e428a	Label	DEFAULT
000e439a	SUB_000e439a	Label	DEFAULT
000e439e	LAB_000e439e	Label	DEFAULT
000e43b8	LAB_000e43b8	Label	DEFAULT
000e43bc	LAB_000e43bc	Label	DEFAULT
000e44b8	SUB_000e44b8	Label	DEFAULT
000e44dc	LAB_000e44dc	Label	DEFAULT
000e44ee	LAB_000e44ee	Label	DEFAULT
000e44f8	LAB_000e44f8	Label	DEFAULT
000e44fc	LAB_000e44fc	Label	DEFAULT
000e455a	LAB_000e455a	Label	DEFAULT
000e4566	LAB_000e4566	Label	DEFAULT
000e4568	DAT_000e4568	Label	DEFAULT
000e456c	SUB_000e456c	Label	DEFAULT
000e4572	SUB_000e4572	Label	DEFAULT
000e458e	LAB_000e458e	Label	DEFAULT
000e4592	SUB_000e4592	Label	DEFAULT
000e45c6	LAB_000e45c6	Label	DEFAULT
000e45de	LAB_000e45de	Label	DEFAULT
000e45e2	LAB_000e45e2	Label	DEFAULT
000e45e8	SUB_000e45e8	Label	DEFAULT
000e45f8	LAB_000e45f8	Label	DEFAULT
000e4604	LAB_000e4604	Label	DEFAULT
000e4606	SUB_000e4606	Label	DEFAULT
000e4624	LAB_000e4624	Label	DEFAULT
000e462a	LAB_000e462a	Label	DEFAULT
000e468c	LAB_000e468c	Label	DEFAULT
000e468e	LAB_000e468e	Label	DEFAULT
000e46aa	LAB_000e46aa	Label	DEFAULT
000e46ac	LAB_000e46ac	Label	DEFAULT
000e46ae	LAB_000e46ae	Label	DEFAULT
000e46f2	LAB_000e46f2	Label	DEFAULT
000e46f8	SUB_000e46f8	Label	DEFAULT
000e4726	LAB_000e4726	Label	DEFAULT
000e4778	SUB_000e4778	Label	DEFAULT
000e47ac	SUB_000e47ac	Label	DEFAULT
000e47fe	LAB_000e47fe	Label	DEFAULT
000e4806	SUB_000e4806	Label	DEFAULT
000e4824	LAB_000e4824	Label	DEFAULT
000e482a	LAB_000e482a	Label	DEFAULT
000e4850	SUB_000e4850	Label	DEFAULT
000e4874	DAT_000e4874	Label	DEFAULT
000e4875	DAT_000e4875	Label	DEFAULT
000e4876	SUB_000e4876	Label	DEFAULT
000e48aa	LAB_000e48aa	Label	DEFAULT
000e48d4	SUB_000e48d4	Label	DEFAULT
000e48e0	SUB_000e48e0	Label	DEFAULT
000e4906	SUB_000e4906	Label	DEFAULT
000e4922	SUB_000e4922	Label	DEFAULT
000e492e	SUB_000e492e	Label	DEFAULT
000e4946	SUB_000e4946	Label	DEFAULT
000e4966	SUB_000e4966	Label	DEFAULT
000e4984	LAB_000e4984	Label	DEFAULT
000e4992	LAB_000e4992	Label	DEFAULT
000e4996	LAB_000e4996	Label	DEFAULT
000e49b2	LAB_000e49b2	Label	DEFAULT
000e49b8	LAB_000e49b8	Label	DEFAULT
000e49be	LAB_000e49be	Label	DEFAULT
000e49ec	SUB_000e49ec	Label	DEFAULT
000e49fe	SUB_000e49fe	Label	DEFAULT
000e4b3c	SUB_000e4b3c	Label	DEFAULT
000e4b52	LAB_000e4b52	Label	DEFAULT
000e4b56	LAB_000e4b56	Label	DEFAULT
000e4b5e	LAB_000e4b5e	Label	DEFAULT
000e4b64	SUB_000e4b64	Label	DEFAULT
000e4b72	LAB_000e4b72	Label	DEFAULT
000e4b7c	SUB_000e4b7c	Label	DEFAULT
000e4b92	LAB_000e4b92	Label	DEFAULT
000e4b9c	LAB_000e4b9c	Label	DEFAULT
000e4d46	SUB_000e4d46	Label	DEFAULT
000e4d64	LAB_000e4d64	Label	DEFAULT
000e4d78	LAB_000e4d78	Label	DEFAULT
000e4d7e	LAB_000e4d7e	Label	DEFAULT
000e4d9e	LAB_000e4d9e	Label	DEFAULT
000e4db4	LAB_000e4db4	Label	DEFAULT
000e4dcc	LAB_000e4dcc	Label	DEFAULT
000e4dd2	LAB_000e4dd2	Label	DEFAULT
000e5132	LAB_000e5132	Label	DEFAULT
000e5152	SUB_000e5152	Label	DEFAULT
000e516c	LAB_000e516c	Label	DEFAULT
000e518e	LAB_000e518e	Label	DEFAULT
000e519c	LAB_000e519c	Label	DEFAULT
000e51a2	LAB_000e51a2	Label	DEFAULT
000e5266	SUB_000e5266	Label	DEFAULT
000e5294	LAB_000e5294	Label	DEFAULT
000e529a	SUB_000e529a	Label	DEFAULT
000e52c6	SUB_000e52c6	Label	DEFAULT
000e52e4	LAB_000e52e4	Label	DEFAULT
000e5304	LAB_000e5304	Label	DEFAULT
000e530a	LAB_000e530a	Label	DEFAULT
000e531c	LAB_000e531c	Label	DEFAULT
000e5320	SUB_000e5320	Label	DEFAULT
000e5330	LAB_000e5330	Label	DEFAULT
000e533e	LAB_000e533e	Label	DEFAULT
000e535c	LAB_000e535c	Label	DEFAULT
000e537a	LAB_000e537a	Label	DEFAULT
000e537e	LAB_000e537e	Label	DEFAULT
000e5382	LAB_000e5382	Label	DEFAULT
000e538a	SUB_000e538a	Label	DEFAULT
000e538e	LAB_000e538e	Label	DEFAULT
000e53c4	LAB_000e53c4	Label	DEFAULT
000e53d0	LAB_000e53d0	Label	DEFAULT
000e53e2	LAB_000e53e2	Label	DEFAULT
000e53ea	LAB_000e53ea	Label	DEFAULT
000e53ee	LAB_000e53ee	Label	DEFAULT
000e5412	LAB_000e5412	Label	DEFAULT
000e542e	LAB_000e542e	Label	DEFAULT
000e5448	SUB_000e5448	Label	DEFAULT
000e546e	LAB_000e546e	Label	DEFAULT
000e547e	LAB_000e547e	Label	DEFAULT
000e5482	LAB_000e5482	Label	DEFAULT
000e54ba	LAB_000e54ba	Label	DEFAULT
000e54d2	LAB_000e54d2	Label	DEFAULT
000e54e4	LAB_000e54e4	Label	DEFAULT
000e54ec	LAB_000e54ec	Label	DEFAULT
000e54f6	LAB_000e54f6	Label	DEFAULT
000e550c	LAB_000e550c	Label	DEFAULT
000e5522	LAB_000e5522	Label	DEFAULT
000e5524	LAB_000e5524	Label	DEFAULT
000e552a	SUB_000e552a	Label	DEFAULT
000e5538	SUB_000e5538	Label	DEFAULT
000e55c8	LAB_000e55c8	Label	DEFAULT
000e55ca	LAB_000e55ca	Label	DEFAULT
000e55d2	^HeapEnd	Label	USER_DEFINED
000e58be	^StkLowPt	Label	USER_DEFINED
000e95da	DAT_000e95da	Label	DEFAULT
000e96be	^VBLQueue+qTail	Label	USER_DEFINED
000e9b1e	PTR_^BufPtr_000e9b1e	Label	DEFAULT
000e9b98	PTR_DAT_000e9b98	Label	DEFAULT
000e9b9c	^CurrentA5	Label	USER_DEFINED
000e9eee	LAB_000e9eee	Label	DEFAULT
000ea0f6	SUB_000ea0f6	Label	DEFAULT
000ea486	SUB_000ea486	Label	DEFAULT
000efff8	LAB_000efff8	Label	DEFAULT
000f000b	DAT_000f000b	Label	DEFAULT
000f0aaa	SUB_000f0aaa	Label	DEFAULT
000f0aca	LAB_000f0aca	Label	DEFAULT
000f0ad8	LAB_000f0ad8	Label	DEFAULT
000f0ae4	LAB_000f0ae4	Label	DEFAULT
000f0b0e	SUB_000f0b0e	Label	DEFAULT
000f0b48	SUB_000f0b48	Label	DEFAULT
000f0b56	LAB_000f0b56	Label	DEFAULT
000f0b58	LAB_000f0b58	Label	DEFAULT
000f0b5c	SUB_000f0b5c	Label	DEFAULT
000f0b62	SUB_000f0b62	Label	DEFAULT
000f0bbe	LAB_000f0bbe	Label	DEFAULT
000f0c22	SUB_000f0c22	Label	DEFAULT
000f0c32	LAB_000f0c32	Label	DEFAULT
000f0c36	LAB_000f0c36	Label	DEFAULT
000f0c3a	SUB_000f0c3a	Label	DEFAULT
000f0c4c	LAB_000f0c4c	Label	DEFAULT
000f0c50	LAB_000f0c50	Label	DEFAULT
000f0c54	SUB_000f0c54	Label	DEFAULT
000f0c64	LAB_000f0c64	Label	DEFAULT
000f0c68	LAB_000f0c68	Label	DEFAULT
000f0c8c	LAB_000f0c8c	Label	DEFAULT
000f0c8e	LAB_000f0c8e	Label	DEFAULT
000f0cf2	SUB_000f0cf2	Label	DEFAULT
000f0cfc	SUB_000f0cfc	Label	DEFAULT
000f0d06	SUB_000f0d06	Label	DEFAULT
000f0d16	LAB_000f0d16	Label	DEFAULT
000f0d1c	SUB_000f0d1c	Label	DEFAULT
000f0d2a	SUB_000f0d2a	Label	DEFAULT
000f0d3e	SUB_000f0d3e	Label	DEFAULT
000f0d54	SUB_000f0d54	Label	DEFAULT
000f0d64	SUB_000f0d64	Label	DEFAULT
000f0d7a	SUB_000f0d7a	Label	DEFAULT
000f0d84	SUB_000f0d84	Label	DEFAULT
000f0d8e	SUB_000f0d8e	Label	DEFAULT
000f0da2	SUB_000f0da2	Label	DEFAULT
000f0ff6	SUB_000f0ff6	Label	DEFAULT
000f1008	SUB_000f1008	Label	DEFAULT
000f101a	SUB_000f101a	Label	DEFAULT
000f105e	SUB_000f105e	Label	DEFAULT
000f106e	LAB_000f106e	Label	DEFAULT
000f1070	LAB_000f1070	Label	DEFAULT
000f10ca	SUB_000f10ca	Label	DEFAULT
000f10d8	LAB_000f10d8	Label	DEFAULT
000f10dc	LAB_000f10dc	Label	DEFAULT
000f10e2	LAB_000f10e2	Label	DEFAULT
000f10f0	LAB_000f10f0	Label	DEFAULT
000f10f2	SUB_000f10f2	Label	DEFAULT
000f111c	LAB_000f111c	Label	DEFAULT
000f1128	LAB_000f1128	Label	DEFAULT
000f116c	LAB_000f116c	Label	DEFAULT
000f1172	LAB_000f1172	Label	DEFAULT
000f1178	LAB_000f1178	Label	DEFAULT
000f1188	SUB_000f1188	Label	DEFAULT
000f11ba	LAB_000f11ba	Label	DEFAULT
000f11bc	LAB_000f11bc	Label	DEFAULT
000f11d8	LAB_000f11d8	Label	DEFAULT
000f11e0	LAB_000f11e0	Label	DEFAULT
000f12fa	SUB_000f12fa	Label	DEFAULT
000f1320	LAB_000f1320	Label	DEFAULT
000f132a	SUB_000f132a	Label	DEFAULT
000f133c	LAB_000f133c	Label	DEFAULT
000f138c	LAB_000f138c	Label	DEFAULT
000f1394	LAB_000f1394	Label	DEFAULT
000f139c	LAB_000f139c	Label	DEFAULT
000f13aa	SUB_000f13aa	Label	DEFAULT
000f13c4	LAB_000f13c4	Label	DEFAULT
000f1432	LAB_000f1432	Label	DEFAULT
000f1448	LAB_000f1448	Label	DEFAULT
000f145e	LAB_000f145e	Label	DEFAULT
000f1650	SUB_000f1650	Label	DEFAULT
000f16c2	LAB_000f16c2	Label	DEFAULT
000f16ca	LAB_000f16ca	Label	DEFAULT
000f16ce	LAB_000f16ce	Label	DEFAULT
000f1a4e	SUB_000f1a4e	Label	DEFAULT
000f1a6c	LAB_000f1a6c	Label	DEFAULT
000f1a6e	LAB_000f1a6e	Label	DEFAULT
000f1a8a	LAB_000f1a8a	Label	DEFAULT
000f1c12	SUB_000f1c12	Label	DEFAULT
000f1d78	SUB_000f1d78	Label	DEFAULT
000f1d8e	LAB_000f1d8e	Label	DEFAULT
000f1d98	LAB_000f1d98	Label	DEFAULT
000f1da0	LAB_000f1da0	Label	DEFAULT
000f1da8	LAB_000f1da8	Label	DEFAULT
000f1db2	LAB_000f1db2	Label	DEFAULT
000f1db8	LAB_000f1db8	Label	DEFAULT
000f1dba	LAB_000f1dba	Label	DEFAULT
000f1ffc	SUB_000f1ffc	Label	DEFAULT
000f206a	LAB_000f206a	Label	DEFAULT
000f2240	SUB_000f2240	Label	DEFAULT
000f227e	LAB_000f227e	Label	DEFAULT
000f22be	LAB_000f22be	Label	DEFAULT
000f2306	LAB_000f2306	Label	DEFAULT
000f2316	LAB_000f2316	Label	DEFAULT
000f232e	SUB_000f232e	Label	DEFAULT
000f23ba	LAB_000f23ba	Label	DEFAULT
000f23c6	LAB_000f23c6	Label	DEFAULT
000f23d4	SUB_000f23d4	Label	DEFAULT
000f23fc	LAB_000f23fc	Label	DEFAULT
000f23fe	LAB_000f23fe	Label	DEFAULT
000f240a	LAB_000f240a	Label	DEFAULT
000f2422	LAB_000f2422	Label	DEFAULT
000f243a	LAB_000f243a	Label	DEFAULT
000f2460	LAB_000f2460	Label	DEFAULT
000f2498	LAB_000f2498	Label	DEFAULT
000f249e	LAB_000f249e	Label	DEFAULT
000f24aa	LAB_000f24aa	Label	DEFAULT
000f24ac	LAB_000f24ac	Label	DEFAULT
000f24bc	LAB_000f24bc	Label	DEFAULT
000f24ca	LAB_000f24ca	Label	DEFAULT
000f24e0	SUB_000f24e0	Label	DEFAULT
000f2502	LAB_000f2502	Label	DEFAULT
000f2506	LAB_000f2506	Label	DEFAULT
000f250c	LAB_000f250c	Label	DEFAULT
000f2524	LAB_000f2524	Label	DEFAULT
000f2528	LAB_000f2528	Label	DEFAULT
000f253e	LAB_000f253e	Label	DEFAULT
000f254a	SUB_000f254a	Label	DEFAULT
000f2570	LAB_000f2570	Label	DEFAULT
000f257a	LAB_000f257a	Label	DEFAULT
000f258c	SUB_000f258c	Label	DEFAULT
000f25ac	LAB_000f25ac	Label	DEFAULT
000f25ba	LAB_000f25ba	Label	DEFAULT
000f25c0	LAB_000f25c0	Label	DEFAULT
000f25c6	LAB_000f25c6	Label	DEFAULT
000f25ec	LAB_000f25ec	Label	DEFAULT
000f25f8	LAB_000f25f8	Label	DEFAULT
000f2622	LAB_000f2622	Label	DEFAULT
000f263e	LAB_000f263e	Label	DEFAULT
000f264a	LAB_000f264a	Label	DEFAULT
000f264c	LAB_000f264c	Label	DEFAULT
000f265a	SUB_000f265a	Label	DEFAULT
000f26c8	SUB_000f26c8	Label	DEFAULT
000f2702	LAB_000f2702	Label	DEFAULT
000f2726	LAB_000f2726	Label	DEFAULT
000f2736	LAB_000f2736	Label	DEFAULT
000f2744	SUB_000f2744	Label	DEFAULT
000f277a	LAB_000f277a	Label	DEFAULT
000f279e	SUB_000f279e	Label	DEFAULT
000f27b2	LAB_000f27b2	Label	DEFAULT
000f27b6	LAB_000f27b6	Label	DEFAULT
000f27c4	LAB_000f27c4	Label	DEFAULT
000f27cc	LAB_000f27cc	Label	DEFAULT
000f27d4	SUB_000f27d4	Label	DEFAULT
000f27d5	DAT_000f27d5	Label	DEFAULT
000f284a	SUB_000f284a	Label	DEFAULT
000f2892	SUB_000f2892	Label	DEFAULT
000f297e	LAB_000f297e	Label	DEFAULT
000f29c0	LAB_000f29c0	Label	DEFAULT
000f29d8	LAB_000f29d8	Label	DEFAULT
000f29e8	LAB_000f29e8	Label	DEFAULT
000f29f2	LAB_000f29f2	Label	DEFAULT
000f2a0a	SUB_000f2a0a	Label	DEFAULT
000f2a30	SUB_000f2a30	Label	DEFAULT
000f2a54	SUB_000f2a54	Label	DEFAULT
000f2ab0	LAB_000f2ab0	Label	DEFAULT
000f2aba	SUB_000f2aba	Label	DEFAULT
000f2ae0	LAB_000f2ae0	Label	DEFAULT
000f2ae2	LAB_000f2ae2	Label	DEFAULT
000f2b20	switchD_000f2b20::switchD	Label	ANALYSIS
000f2b24	switchD_000f2b20::switchdataD_000f2b24	Label	ANALYSIS
000f2b2e	switchD_000f2b20::caseD_4	Label	ANALYSIS
000f2b38	LAB_000f2b38	Label	DEFAULT
000f2b7a	LAB_000f2b7a	Label	DEFAULT
000f2bcc	LAB_000f2bcc	Label	DEFAULT
000f2bf6	LAB_000f2bf6	Label	DEFAULT
000f2bfa	LAB_000f2bfa	Label	DEFAULT
000f2c08	LAB_000f2c08	Label	DEFAULT
000f2c10	LAB_000f2c10	Label	DEFAULT
000f2c28	switchD_000f2b20::caseD_5	Label	ANALYSIS
000f2c48	LAB_000f2c48	Label	DEFAULT
000f2c5c	LAB_000f2c5c	Label	DEFAULT
000f2c80	LAB_000f2c80	Label	DEFAULT
000f2cb8	LAB_000f2cb8	Label	DEFAULT
000f2cbc	LAB_000f2cbc	Label	DEFAULT
000f2cdc	LAB_000f2cdc	Label	DEFAULT
000f2cf4	LAB_000f2cf4	Label	DEFAULT
000f2d04	switchD_000f2b20::caseD_6	Label	ANALYSIS
000f2d1a	LAB_000f2d1a	Label	DEFAULT
000f2d1c	LAB_000f2d1c	Label	DEFAULT
000f2d3e	switchD_000f2b20::caseD_7	Label	ANALYSIS
000f2d52	LAB_000f2d52	Label	DEFAULT
000f2d5c	switchD_000f2b20::caseD_3	Label	ANALYSIS
000f2d8e	LAB_000f2d8e	Label	DEFAULT
000f2d9a	LAB_000f2d9a	Label	DEFAULT
000f2db0	LAB_000f2db0	Label	DEFAULT
000f2dbe	LAB_000f2dbe	Label	DEFAULT
000f2e08	LAB_000f2e08	Label	DEFAULT
000f2e1e	switchD_000f2b20::caseD_5	Label	ANALYSIS
000f2e26	LAB_000f2e26	Label	DEFAULT
000f2e28	LAB_000f2e28	Label	DEFAULT
000f2e38	LAB_000f2e38	Label	DEFAULT
000f2e3e	LAB_000f2e3e	Label	DEFAULT
000f2e48	SUB_000f2e48	Label	DEFAULT
000f2e60	LAB_000f2e60	Label	DEFAULT
000f2e66	LAB_000f2e66	Label	DEFAULT
000f2e7a	LAB_000f2e7a	Label	DEFAULT
000f2e92	LAB_000f2e92	Label	DEFAULT
000f2ea4	SUB_000f2ea4	Label	DEFAULT
000f2edc	SUB_000f2edc	Label	DEFAULT
000f2f3a	LAB_000f2f3a	Label	DEFAULT
000f2f42	LAB_000f2f42	Label	DEFAULT
000f2f44	LAB_000f2f44	Label	DEFAULT
000f2f4c	LAB_000f2f4c	Label	DEFAULT
000f2f8c	LAB_000f2f8c	Label	DEFAULT
000f2f9e	LAB_000f2f9e	Label	DEFAULT
000f2fa6	LAB_000f2fa6	Label	DEFAULT
000f2fc2	LAB_000f2fc2	Label	DEFAULT
000f2fc4	LAB_000f2fc4	Label	DEFAULT
000f3062	SUB_000f3062	Label	DEFAULT
000f3086	LAB_000f3086	Label	DEFAULT
000f308a	LAB_000f308a	Label	DEFAULT
000f309c	LAB_000f309c	Label	DEFAULT
000f30a2	LAB_000f30a2	Label	DEFAULT
000f30aa	LAB_000f30aa	Label	DEFAULT
000f30b4	LAB_000f30b4	Label	DEFAULT
000f30ba	SUB_000f30ba	Label	DEFAULT
000f30c2	LAB_000f30c2	Label	DEFAULT
000f30c6	LAB_000f30c6	Label	DEFAULT
000f30d6	LAB_000f30d6	Label	DEFAULT
000f30e6	LAB_000f30e6	Label	DEFAULT
000f30ea	SUB_000f30ea	Label	DEFAULT
000f3100	LAB_000f3100	Label	DEFAULT
000f3110	LAB_000f3110	Label	DEFAULT
000f313a	LAB_000f313a	Label	DEFAULT
000f313c	LAB_000f313c	Label	DEFAULT
000f3142	LAB_000f3142	Label	DEFAULT
000f3144	LAB_000f3144	Label	DEFAULT
000f31a8	SUB_000f31a8	Label	DEFAULT
000f31de	LAB_000f31de	Label	DEFAULT
000f31e4	SUB_000f31e4	Label	DEFAULT
000f31fa	LAB_000f31fa	Label	DEFAULT
000f3204	LAB_000f3204	Label	DEFAULT
000f320a	LAB_000f320a	Label	DEFAULT
000f321e	LAB_000f321e	Label	DEFAULT
000f322e	SUB_000f322e	Label	DEFAULT
000f3292	LAB_000f3292	Label	DEFAULT
000f3296	LAB_000f3296	Label	DEFAULT
000f32ac	LAB_000f32ac	Label	DEFAULT
000f32b0	LAB_000f32b0	Label	DEFAULT
000f32c0	LAB_000f32c0	Label	DEFAULT
000f32ce	LAB_000f32ce	Label	DEFAULT
000f32e8	LAB_000f32e8	Label	DEFAULT
000f32ec	LAB_000f32ec	Label	DEFAULT
000f3302	LAB_000f3302	Label	DEFAULT
000f3306	LAB_000f3306	Label	DEFAULT
000f3314	LAB_000f3314	Label	DEFAULT
000f3324	LAB_000f3324	Label	DEFAULT
000f3328	LAB_000f3328	Label	DEFAULT
000f3346	LAB_000f3346	Label	DEFAULT
000f3354	SUB_000f3354	Label	DEFAULT
000f33bc	LAB_000f33bc	Label	DEFAULT
000f33c6	LAB_000f33c6	Label	DEFAULT
000f33ca	LAB_000f33ca	Label	DEFAULT
000f33ea	LAB_000f33ea	Label	DEFAULT
000f3406	LAB_000f3406	Label	DEFAULT
000f3446	LAB_000f3446	Label	DEFAULT
000f3476	LAB_000f3476	Label	DEFAULT
000f3496	LAB_000f3496	Label	DEFAULT
000f34aa	LAB_000f34aa	Label	DEFAULT
000f34bc	SUB_000f34bc	Label	DEFAULT
000f34ec	LAB_000f34ec	Label	DEFAULT
000f34fc	LAB_000f34fc	Label	DEFAULT
000f3512	SUB_000f3512	Label	DEFAULT
000f356c	LAB_000f356c	Label	DEFAULT
000f3574	LAB_000f3574	Label	DEFAULT
000f35bc	LAB_000f35bc	Label	DEFAULT
000f35cc	LAB_000f35cc	Label	DEFAULT
000f35ce	LAB_000f35ce	Label	DEFAULT
000f3612	LAB_000f3612	Label	DEFAULT
000f3616	LAB_000f3616	Label	DEFAULT
000f3642	LAB_000f3642	Label	DEFAULT
000f3658	SUB_000f3658	Label	DEFAULT
000f369e	LAB_000f369e	Label	DEFAULT
000f36a8	LAB_000f36a8	Label	DEFAULT
000f36b6	LAB_000f36b6	Label	DEFAULT
000f36bc	SUB_000f36bc	Label	DEFAULT
000f36d6	LAB_000f36d6	Label	DEFAULT
000f36ec	LAB_000f36ec	Label	DEFAULT
000f36f4	SUB_000f36f4	Label	DEFAULT
000f372e	LAB_000f372e	Label	DEFAULT
000f3732	LAB_000f3732	Label	DEFAULT
000f373a	LAB_000f373a	Label	DEFAULT
000f3768	LAB_000f3768	Label	DEFAULT
000f3770	LAB_000f3770	Label	DEFAULT
000f377e	LAB_000f377e	Label	DEFAULT
000f37d0	LAB_000f37d0	Label	DEFAULT
000f37e6	SUB_000f37e6	Label	DEFAULT
000f383c	SUB_000f383c	Label	DEFAULT
000f387c	LAB_000f387c	Label	DEFAULT
000f3892	SUB_000f3892	Label	DEFAULT
000f38d2	LAB_000f38d2	Label	DEFAULT
000f3b68	SUB_000f3b68	Label	DEFAULT
000f3b94	LAB_000f3b94	Label	DEFAULT
000f3bbc	LAB_000f3bbc	Label	DEFAULT
000f3bc2	LAB_000f3bc2	Label	DEFAULT
000f3bc8	SUB_000f3bc8	Label	DEFAULT
000f3bfc	LAB_000f3bfc	Label	DEFAULT
000f3c06	SUB_000f3c06	Label	DEFAULT
000f3c2c	LAB_000f3c2c	Label	DEFAULT
000f3c40	LAB_000f3c40	Label	DEFAULT
000f3c4e	LAB_000f3c4e	Label	DEFAULT
000f3c58	LAB_000f3c58	Label	DEFAULT
000f3c76	SUB_000f3c76	Label	DEFAULT
000f3c82	LAB_000f3c82	Label	DEFAULT
000f3c86	LAB_000f3c86	Label	DEFAULT
000f3c98	LAB_000f3c98	Label	DEFAULT
000f3cac	LAB_000f3cac	Label	DEFAULT
000f3cae	LAB_000f3cae	Label	DEFAULT
000f3cd0	LAB_000f3cd0	Label	DEFAULT
000f3cee	SUB_000f3cee	Label	DEFAULT
000f3d3e	LAB_000f3d3e	Label	DEFAULT
000f3d46	LAB_000f3d46	Label	DEFAULT
000f3d50	SUB_000f3d50	Label	DEFAULT
000f3d64	LAB_000f3d64	Label	DEFAULT
000f3d7a	LAB_000f3d7a	Label	DEFAULT
000f3d86	LAB_000f3d86	Label	DEFAULT
000f3da2	LAB_000f3da2	Label	DEFAULT
000f3db4	LAB_000f3db4	Label	DEFAULT
000f3dba	SUB_000f3dba	Label	DEFAULT
000f3dca	LAB_000f3dca	Label	DEFAULT
000f3dd0	LAB_000f3dd0	Label	DEFAULT
000f3e0a	LAB_000f3e0a	Label	DEFAULT
000f3e36	LAB_000f3e36	Label	DEFAULT
000f3e54	LAB_000f3e54	Label	DEFAULT
000f3e58	LAB_000f3e58	Label	DEFAULT
000f3e88	LAB_000f3e88	Label	DEFAULT
000f3eb6	LAB_000f3eb6	Label	DEFAULT
000f3eba	LAB_000f3eba	Label	DEFAULT
000f3ec6	SUB_000f3ec6	Label	DEFAULT
000f3f00	LAB_000f3f00	Label	DEFAULT
000f3f3c	LAB_000f3f3c	Label	DEFAULT
000f3f5a	LAB_000f3f5a	Label	DEFAULT
000f3f68	LAB_000f3f68	Label	DEFAULT
000f3f72	SUB_000f3f72	Label	DEFAULT
000f3fb2	LAB_000f3fb2	Label	DEFAULT
000f3fc6	LAB_000f3fc6	Label	DEFAULT
000f3fe6	LAB_000f3fe6	Label	DEFAULT
000f3fea	LAB_000f3fea	Label	DEFAULT
000f3fee	LAB_000f3fee	Label	DEFAULT
000f3ffe	LAB_000f3ffe	Label	DEFAULT
000f4014	SUB_000f4014	Label	DEFAULT
000f4034	LAB_000f4034	Label	DEFAULT
000f4040	LAB_000f4040	Label	DEFAULT
000f4056	SUB_000f4056	Label	DEFAULT
000f40d2	LAB_000f40d2	Label	DEFAULT
000f40e2	LAB_000f40e2	Label	DEFAULT
000f40f8	SUB_000f40f8	Label	DEFAULT
000f4126	LAB_000f4126	Label	DEFAULT
000f4132	SUB_000f4132	Label	DEFAULT
000f4146	LAB_000f4146	Label	DEFAULT
000f415e	LAB_000f415e	Label	DEFAULT
000f4164	LAB_000f4164	Label	DEFAULT
000f417c	LAB_000f417c	Label	DEFAULT
000f4180	LAB_000f4180	Label	DEFAULT
000f4188	LAB_000f4188	Label	DEFAULT
000f41d4	SUB_000f41d4	Label	DEFAULT
000f421e	LAB_000f421e	Label	DEFAULT
000f4246	LAB_000f4246	Label	DEFAULT
000f425c	LAB_000f425c	Label	DEFAULT
000f4266	LAB_000f4266	Label	DEFAULT
000f4278	LAB_000f4278	Label	DEFAULT
000f427e	LAB_000f427e	Label	DEFAULT
000f42a0	LAB_000f42a0	Label	DEFAULT
000f42da	LAB_000f42da	Label	DEFAULT
000f42e2	LAB_000f42e2	Label	DEFAULT
000f42f0	SUB_000f42f0	Label	DEFAULT
000f430a	LAB_000f430a	Label	DEFAULT
000f4314	LAB_000f4314	Label	DEFAULT
000f4322	LAB_000f4322	Label	DEFAULT
000f4340	SUB_000f4340	Label	DEFAULT
000f4394	LAB_000f4394	Label	DEFAULT
000f43a0	SUB_000f43a0	Label	DEFAULT
000f43ba	LAB_000f43ba	Label	DEFAULT
000f43ce	LAB_000f43ce	Label	DEFAULT
000f43d4	LAB_000f43d4	Label	DEFAULT
000f43da	SUB_000f43da	Label	DEFAULT
000f4424	LAB_000f4424	Label	DEFAULT
000f444c	LAB_000f444c	Label	DEFAULT
000f4468	LAB_000f4468	Label	DEFAULT
000f446a	LAB_000f446a	Label	DEFAULT
000f4484	LAB_000f4484	Label	DEFAULT
000f4492	LAB_000f4492	Label	DEFAULT
000f4494	LAB_000f4494	Label	DEFAULT
000f44a6	LAB_000f44a6	Label	DEFAULT
000f44b4	LAB_000f44b4	Label	DEFAULT
000f44c2	LAB_000f44c2	Label	DEFAULT
000f44d0	SUB_000f44d0	Label	DEFAULT
000f44ee	LAB_000f44ee	Label	DEFAULT
000f4532	LAB_000f4532	Label	DEFAULT
000f4548	LAB_000f4548	Label	DEFAULT
000f458c	LAB_000f458c	Label	DEFAULT
000f4592	LAB_000f4592	Label	DEFAULT
000f45c2	LAB_000f45c2	Label	DEFAULT
000f45c6	LAB_000f45c6	Label	DEFAULT
000f45d6	SUB_000f45d6	Label	DEFAULT
000f4604	LAB_000f4604	Label	DEFAULT
000f4608	LAB_000f4608	Label	DEFAULT
000f4614	SUB_000f4614	Label	DEFAULT
000f4656	LAB_000f4656	Label	DEFAULT
000f465a	LAB_000f465a	Label	DEFAULT
000f465c	LAB_000f465c	Label	DEFAULT
000f465e	LAB_000f465e	Label	DEFAULT
000f466c	LAB_000f466c	Label	DEFAULT
000f4672	LAB_000f4672	Label	DEFAULT
000f46c0	LAB_000f46c0	Label	DEFAULT
000f46c8	LAB_000f46c8	Label	DEFAULT
000f46ea	LAB_000f46ea	Label	DEFAULT
000f4708	LAB_000f4708	Label	DEFAULT
000f470c	LAB_000f470c	Label	DEFAULT
000f472c	LAB_000f472c	Label	DEFAULT
000f474e	SUB_000f474e	Label	DEFAULT
000f4766	LAB_000f4766	Label	DEFAULT
000f477c	LAB_000f477c	Label	DEFAULT
000f4780	LAB_000f4780	Label	DEFAULT
000f478a	LAB_000f478a	Label	DEFAULT
000f4792	SUB_000f4792	Label	DEFAULT
000f479e	SUB_000f479e	Label	DEFAULT
000f47b8	LAB_000f47b8	Label	DEFAULT
000f47c6	LAB_000f47c6	Label	DEFAULT
000f47cc	LAB_000f47cc	Label	DEFAULT
000f47e6	LAB_000f47e6	Label	DEFAULT
000f48de	SUB_000f48de	Label	DEFAULT
000f4984	LAB_000f4984	Label	DEFAULT
000f49e8	LAB_000f49e8	Label	DEFAULT
000f49ee	LAB_000f49ee	Label	DEFAULT
000f4a04	LAB_000f4a04	Label	DEFAULT
000f4a0e	SUB_000f4a0e	Label	DEFAULT
000f4a4e	SUB_000f4a4e	Label	DEFAULT
000f4a8a	SUB_000f4a8a	Label	DEFAULT
000f4a94	LAB_000f4a94	Label	DEFAULT
000f4a9e	SUB_000f4a9e	Label	DEFAULT
000f4b72	LAB_000f4b72	Label	DEFAULT
000f4b82	LAB_000f4b82	Label	DEFAULT
000f4b86	SUB_000f4b86	Label	DEFAULT
000f4bac	SUB_000f4bac	Label	DEFAULT
000f4bdc	LAB_000f4bdc	Label	DEFAULT
000f4bea	SUB_000f4bea	Label	DEFAULT
000f4c1a	LAB_000f4c1a	Label	DEFAULT
000f4c3a	LAB_000f4c3a	Label	DEFAULT
000f4c44	SUB_000f4c44	Label	DEFAULT
000f4c74	SUB_000f4c74	Label	DEFAULT
000f4c84	LAB_000f4c84	Label	DEFAULT
000f4c92	LAB_000f4c92	Label	DEFAULT
000f4ca4	SUB_000f4ca4	Label	DEFAULT
000f4cba	SUB_000f4cba	Label	DEFAULT
000f4cd0	LAB_000f4cd0	Label	DEFAULT
000f4cde	LAB_000f4cde	Label	DEFAULT
000f4cf6	LAB_000f4cf6	Label	DEFAULT
000f4cfa	LAB_000f4cfa	Label	DEFAULT
000f4d12	LAB_000f4d12	Label	DEFAULT
000f4d16	LAB_000f4d16	Label	DEFAULT
000f4d54	LAB_000f4d54	Label	DEFAULT
000f4d58	LAB_000f4d58	Label	DEFAULT
000f4d62	LAB_000f4d62	Label	DEFAULT
000f4d8a	LAB_000f4d8a	Label	DEFAULT
000f4d96	LAB_000f4d96	Label	DEFAULT
000f4d9c	SUB_000f4d9c	Label	DEFAULT
000f4df6	LAB_000f4df6	Label	DEFAULT
000f4e10	SUB_000f4e10	Label	DEFAULT
000f4e98	LAB_000f4e98	Label	DEFAULT
000f4ecc	LAB_000f4ecc	Label	DEFAULT
000f4f32	LAB_000f4f32	Label	DEFAULT
000f4f76	LAB_000f4f76	Label	DEFAULT
000f4f88	SUB_000f4f88	Label	DEFAULT
000f4fea	SUB_000f4fea	Label	DEFAULT
000f5034	SUB_000f5034	Label	DEFAULT
000f5066	LAB_000f5066	Label	DEFAULT
000f5072	LAB_000f5072	Label	DEFAULT
000f5076	LAB_000f5076	Label	DEFAULT
000f509c	LAB_000f509c	Label	DEFAULT
000f514c	LAB_000f514c	Label	DEFAULT
000f5178	LAB_000f5178	Label	DEFAULT
000f517c	LAB_000f517c	Label	DEFAULT
000f51d6	LAB_000f51d6	Label	DEFAULT
000f51ea	LAB_000f51ea	Label	DEFAULT
000f51f2	LAB_000f51f2	Label	DEFAULT
000f521e	LAB_000f521e	Label	DEFAULT
000f523a	LAB_000f523a	Label	DEFAULT
000f5246	SUB_000f5246	Label	DEFAULT
000f5272	LAB_000f5272	Label	DEFAULT
000f5280	LAB_000f5280	Label	DEFAULT
000f5282	LAB_000f5282	Label	DEFAULT
000f528a	LAB_000f528a	Label	DEFAULT
000f52a2	SUB_000f52a2	Label	DEFAULT
000f52e4	LAB_000f52e4	Label	DEFAULT
000f52f8	LAB_000f52f8	Label	DEFAULT
000f5306	LAB_000f5306	Label	DEFAULT
000f5350	LAB_000f5350	Label	DEFAULT
000f536c	LAB_000f536c	Label	DEFAULT
000f5384	LAB_000f5384	Label	DEFAULT
000f5390	LAB_000f5390	Label	DEFAULT
000f5394	LAB_000f5394	Label	DEFAULT
000f53b8	LAB_000f53b8	Label	DEFAULT
000f53fa	SUB_000f53fa	Label	DEFAULT
000f540e	SUB_000f540e	Label	DEFAULT
000f542c	SUB_000f542c	Label	DEFAULT
000f5476	LAB_000f5476	Label	DEFAULT
000f5480	LAB_000f5480	Label	DEFAULT
000f54ce	LAB_000f54ce	Label	DEFAULT
000f54d8	SUB_000f54d8	Label	DEFAULT
000f54f2	LAB_000f54f2	Label	DEFAULT
000f54fc	LAB_000f54fc	Label	DEFAULT
000f5500	LAB_000f5500	Label	DEFAULT
000f550e	LAB_000f550e	Label	DEFAULT
000f5518	LAB_000f5518	Label	DEFAULT
000f551c	SUB_000f551c	Label	DEFAULT
000f5534	LAB_000f5534	Label	DEFAULT
000f553a	LAB_000f553a	Label	DEFAULT
000f5540	LAB_000f5540	Label	DEFAULT
000f554a	LAB_000f554a	Label	DEFAULT
000f5554	LAB_000f5554	Label	DEFAULT
000f5558	SUB_000f5558	Label	DEFAULT
000f5580	LAB_000f5580	Label	DEFAULT
000f55b4	SUB_000f55b4	Label	DEFAULT
000f55d4	LAB_000f55d4	Label	DEFAULT
000f55e6	LAB_000f55e6	Label	DEFAULT
000f55ec	SUB_000f55ec	Label	DEFAULT
000f561e	LAB_000f561e	Label	DEFAULT
000f5622	LAB_000f5622	Label	DEFAULT
000f563a	LAB_000f563a	Label	DEFAULT
000f563e	LAB_000f563e	Label	DEFAULT
000f56c4	LAB_000f56c4	Label	DEFAULT
000f56c8	LAB_000f56c8	Label	DEFAULT
000f56ee	SUB_000f56ee	Label	DEFAULT
000f5714	LAB_000f5714	Label	DEFAULT
000f5728	LAB_000f5728	Label	DEFAULT
000f5740	LAB_000f5740	Label	DEFAULT
000f5746	SUB_000f5746	Label	DEFAULT
000f5784	LAB_000f5784	Label	DEFAULT
000f5792	SUB_000f5792	Label	DEFAULT
000f57a8	LAB_000f57a8	Label	DEFAULT
000f57b2	SUB_000f57b2	Label	DEFAULT
000f57d6	LAB_000f57d6	Label	DEFAULT
000f580a	LAB_000f580a	Label	DEFAULT
000f5886	LAB_000f5886	Label	DEFAULT
000f58cc	LAB_000f58cc	Label	DEFAULT
000f58d4	LAB_000f58d4	Label	DEFAULT
000f58da	LAB_000f58da	Label	DEFAULT
000f58e0	LAB_000f58e0	Label	DEFAULT
000f58e6	LAB_000f58e6	Label	DEFAULT
000f5a10	SUB_000f5a10	Label	DEFAULT
000f5a3c	LAB_000f5a3c	Label	DEFAULT
000f5a88	LAB_000f5a88	Label	DEFAULT
000f5aa8	LAB_000f5aa8	Label	DEFAULT
000f5aac	LAB_000f5aac	Label	DEFAULT
000f5ab6	LAB_000f5ab6	Label	DEFAULT
000f5adc	LAB_000f5adc	Label	DEFAULT
000f5aea	LAB_000f5aea	Label	DEFAULT
000f5b12	SUB_000f5b12	Label	DEFAULT
000f5b22	LAB_000f5b22	Label	DEFAULT
000f5b30	LAB_000f5b30	Label	DEFAULT
000f5b3c	LAB_000f5b3c	Label	DEFAULT
000f5b44	LAB_000f5b44	Label	DEFAULT
000f5b4e	SUB_000f5b4e	Label	DEFAULT
000f5b8e	LAB_000f5b8e	Label	DEFAULT
000f5bbe	LAB_000f5bbe	Label	DEFAULT
000f5bcc	LAB_000f5bcc	Label	DEFAULT
000f5bfe	LAB_000f5bfe	Label	DEFAULT
000f5c06	SUB_000f5c06	Label	DEFAULT
000f5c40	LAB_000f5c40	Label	DEFAULT
000f5c6c	LAB_000f5c6c	Label	DEFAULT
000f5c7c	LAB_000f5c7c	Label	DEFAULT
000f5c84	LAB_000f5c84	Label	DEFAULT
000f5c92	SUB_000f5c92	Label	DEFAULT
000f5cb4	LAB_000f5cb4	Label	DEFAULT
000f5cc6	LAB_000f5cc6	Label	DEFAULT
000f5cd2	LAB_000f5cd2	Label	DEFAULT
000f5cd8	LAB_000f5cd8	Label	DEFAULT
000f5ee2	SUB_000f5ee2	Label	DEFAULT
000f5f00	LAB_000f5f00	Label	DEFAULT
000f5f06	LAB_000f5f06	Label	DEFAULT
000f5f16	LAB_000f5f16	Label	DEFAULT
000f5f1e	LAB_000f5f1e	Label	DEFAULT
000f5f2c	LAB_000f5f2c	Label	DEFAULT
000f5f3e	LAB_000f5f3e	Label	DEFAULT
000f5f54	LAB_000f5f54	Label	DEFAULT
000f5f6a	LAB_000f5f6a	Label	DEFAULT
000f5f6c	LAB_000f5f6c	Label	DEFAULT
000f5f82	LAB_000f5f82	Label	DEFAULT
000f5f9a	LAB_000f5f9a	Label	DEFAULT
000f5fa0	LAB_000f5fa0	Label	DEFAULT
000f5fa6	LAB_000f5fa6	Label	DEFAULT
000f5fb4	LAB_000f5fb4	Label	DEFAULT
000f5fe0	LAB_000f5fe0	Label	DEFAULT
000f5ff0	LAB_000f5ff0	Label	DEFAULT
000f5ffe	LAB_000f5ffe	Label	DEFAULT
000f600a	SUB_000f600a	Label	DEFAULT
000f6046	LAB_000f6046	Label	DEFAULT
000f6052	LAB_000f6052	Label	DEFAULT
000f6144	SUB_000f6144	Label	DEFAULT
000f6150	SUB_000f6150	Label	DEFAULT
000f6160	SUB_000f6160	Label	DEFAULT
000f6166	SUB_000f6166	Label	DEFAULT
000f619a	LAB_000f619a	Label	DEFAULT
000f61ce	LAB_000f61ce	Label	DEFAULT
000f61d0	LAB_000f61d0	Label	DEFAULT
000f61e0	LAB_000f61e0	Label	DEFAULT
000f61e2	LAB_000f61e2	Label	DEFAULT
000f61ee	LAB_000f61ee	Label	DEFAULT
000f61fe	LAB_000f61fe	Label	DEFAULT
000f6200	LAB_000f6200	Label	DEFAULT
000f623e	LAB_000f623e	Label	DEFAULT
000f627e	SUB_000f627e	Label	DEFAULT
000f62ae	LAB_000f62ae	Label	DEFAULT
000f62c4	LAB_000f62c4	Label	DEFAULT
000f62dc	LAB_000f62dc	Label	DEFAULT
000f62e4	SUB_000f62e4	Label	DEFAULT
000f62e6	LAB_000f62e6	Label	DEFAULT
000f62e8	LAB_000f62e8	Label	DEFAULT
000f62ea	LAB_000f62ea	Label	DEFAULT
000f62ec	LAB_000f62ec	Label	DEFAULT
000f6306	LAB_000f6306	Label	DEFAULT
000f630e	SUB_000f630e	Label	DEFAULT
000f6324	SUB_000f6324	Label	DEFAULT
000f633a	SUB_000f633a	Label	DEFAULT
000f63b2	LAB_000f63b2	Label	DEFAULT
000f63c2	SUB_000f63c2	Label	DEFAULT
000f6400	LAB_000f6400	Label	DEFAULT
000f6410	LAB_000f6410	Label	DEFAULT
000f642a	LAB_000f642a	Label	DEFAULT
000f6432	LAB_000f6432	Label	DEFAULT
000f644e	LAB_000f644e	Label	DEFAULT
000f645a	LAB_000f645a	Label	DEFAULT
000f6474	LAB_000f6474	Label	DEFAULT
000f6476	LAB_000f6476	Label	DEFAULT
000f6486	LAB_000f6486	Label	DEFAULT
000f64ba	SUB_000f64ba	Label	DEFAULT
000f64fc	LAB_000f64fc	Label	DEFAULT
000f651e	LAB_000f651e	Label	DEFAULT
000f652c	LAB_000f652c	Label	DEFAULT
000f6562	LAB_000f6562	Label	DEFAULT
000f6564	DAT_000f6564	Label	DEFAULT
000f656c	SUB_000f656c	Label	DEFAULT
000f657e	LAB_000f657e	Label	DEFAULT
000f6584	LAB_000f6584	Label	DEFAULT
000f6594	LAB_000f6594	Label	DEFAULT
000f659a	SUB_000f659a	Label	DEFAULT
000f65ec	LAB_000f65ec	Label	DEFAULT
000f65ee	LAB_000f65ee	Label	DEFAULT
000f65f2	LAB_000f65f2	Label	DEFAULT
000f65f4	LAB_000f65f4	Label	DEFAULT
000f65f8	SUB_000f65f8	Label	DEFAULT
000f662e	LAB_000f662e	Label	DEFAULT
000f663a	LAB_000f663a	Label	DEFAULT
000f6644	SUB_000f6644	Label	DEFAULT
000f664a	SUB_000f664a	Label	DEFAULT
000f6650	LAB_000f6650	Label	DEFAULT
000f6684	LAB_000f6684	Label	DEFAULT
000f66a0	SUB_000f66a0	Label	DEFAULT
000f66a6	LAB_000f66a6	Label	DEFAULT
000f66c2	SUB_000f66c2	Label	DEFAULT
000f66e4	LAB_000f66e4	Label	DEFAULT
000f66f6	LAB_000f66f6	Label	DEFAULT
000f6712	LAB_000f6712	Label	DEFAULT
000f671c	SUB_000f671c	Label	DEFAULT
000f6738	LAB_000f6738	Label	DEFAULT
000f6744	LAB_000f6744	Label	DEFAULT
000f676e	LAB_000f676e	Label	DEFAULT
000f677c	SUB_000f677c	Label	DEFAULT
000f67da	SUB_000f67da	Label	DEFAULT
000f67ee	SUB_000f67ee	Label	DEFAULT
000f67fe	LAB_000f67fe	Label	DEFAULT
000f680c	LAB_000f680c	Label	DEFAULT
000f6812	PTR_vCheckLoad_000f6812	Label	DEFAULT
000f6820	SUB_000f6820	Label	DEFAULT
000f6836	SUB_000f6836	Label	DEFAULT
000f6852	SUB_000f6852	Label	DEFAULT
000f686e	SUB_000f686e	Label	DEFAULT
000f6884	SUB_000f6884	Label	DEFAULT
000f68a4	SUB_000f68a4	Label	DEFAULT
000f68c8	SUB_000f68c8	Label	DEFAULT
000f6910	LAB_000f6910	Label	DEFAULT
000f693c	LAB_000f693c	Label	DEFAULT
000f6942	LAB_000f6942	Label	DEFAULT
000f6956	LAB_000f6956	Label	DEFAULT
000f6966	LAB_000f6966	Label	DEFAULT
000f6980	LAB_000f6980	Label	DEFAULT
000f6984	LAB_000f6984	Label	DEFAULT
000f698c	LAB_000f698c	Label	DEFAULT
000f6994	DAT_000f6994	Label	DEFAULT
000f69a0	LAB_000f69a0	Label	DEFAULT
000f69aa	SUB_000f69aa	Label	DEFAULT
000f69c4	LAB_000f69c4	Label	DEFAULT
000f69d0	SUB_000f69d0	Label	DEFAULT
000f6ba2	DAT_000f6ba2	Label	DEFAULT
000f8ddc	PTR_DAT_000f8ddc	Label	DEFAULT
000f8de4	DAT_000f8de4	Label	DEFAULT
000f97c8	PTR_LAB_000f97c8	Label	DEFAULT
000f97dc	PTR_PTR_000f97dc	Label	DEFAULT
000f992c	DAT_000f992c	Label	DEFAULT
000f993c	DAT_000f993c	Label	DEFAULT
000f9964	DAT_000f9964	Label	DEFAULT
000f9968	DAT_000f9968	Label	DEFAULT
000f9ac8	DAT_000f9ac8	Label	DEFAULT
000f9af4	DAT_000f9af4	Label	DEFAULT
000f9b00	DAT_000f9b00	Label	DEFAULT
000f9b0c	PTR_Close_000f9b0c	Label	DEFAULT
000f9b18	DAT_000f9b18	Label	DEFAULT
000f9b24	PTR_GetVolInfo_000f9b24	Label	DEFAULT
000f9b30	DAT_000f9b30	Label	DEFAULT
000f9b3c	PTR_LAB_000f9b3c	Label	DEFAULT
000f9b48	PTR_LAB_000f9b48	Label	DEFAULT
000f9b54	PTR_LAB_000f9b54	Label	DEFAULT
000f9b60	PTR_PMoveHHi_000f9b60	Label	DEFAULT
000f9cb0	DAT_000f9cb0	Label	DEFAULT
000f9cec	DAT_000f9cec	Label	DEFAULT
000f9da4	DAT_000f9da4	Label	DEFAULT
000f9f96	DAT_000f9f96	Label	DEFAULT
000f9ff0	^ProcessMgrGlobals	Label	USER_DEFINED
000fa12a	LAB_000fa12a	Label	DEFAULT
000fa232	OpenDeskAcc	Label	USER_DEFINED
000fa23a	LAB_000fa23a	Label	DEFAULT
000fa242	LAB_000fa242	Label	DEFAULT
000fa24a	LAB_000fa24a	Label	DEFAULT
000fa25a	LAB_000fa25a	Label	DEFAULT
000fa262	LAB_000fa262	Label	DEFAULT
000fa26a	LAB_000fa26a	Label	DEFAULT
000fa272	LAB_000fa272	Label	DEFAULT
000fa27a	LAB_000fa27a	Label	DEFAULT
000fa282	LAB_000fa282	Label	DEFAULT
000fa28a	WaitNextEvent	Label	USER_DEFINED
000fa2a2	LAB_000fa2a2	Label	DEFAULT
000fa2aa	LAB_000fa2aa	Label	DEFAULT
000fa2b2	LAB_000fa2b2	Label	DEFAULT
000fa2ba	LAB_000fa2ba	Label	DEFAULT
000fa2c2	LAB_000fa2c2	Label	DEFAULT
000fa2ca	LAB_000fa2ca	Label	DEFAULT
000fa2ea	SetCursor	Label	USER_DEFINED
000fa312	ExitToShell	Label	USER_DEFINED
000fa322	^JInstallRDrivers	Label	USER_DEFINED
000fa342	InitWindows	Label	USER_DEFINED
000fa34a	LAB_000fa34a	Label	DEFAULT
000fa352	LAB_000fa352	Label	DEFAULT
000fa35a	LAB_000fa35a	Label	DEFAULT
000fa362	LAB_000fa362	Label	DEFAULT
000fa36a	LAB_000fa36a	Label	DEFAULT
000fa372	LAB_000fa372	Label	DEFAULT
000fa37a	LAB_000fa37a	Label	DEFAULT
000fa382	LAB_000fa382	Label	DEFAULT
000fa38a	LAB_000fa38a	Label	DEFAULT
000fa39a	NewWindow	Label	USER_DEFINED
000fa3a2	LAB_000fa3a2	Label	DEFAULT
000fa3da	SUB_000fa3da	Label	DEFAULT
000fa3e2	SUB_000fa3e2	Label	DEFAULT
000fa402	LAB_000fa402	Label	DEFAULT
000fa40a	LAB_000fa40a	Label	DEFAULT
000fa412	LAB_000fa412	Label	DEFAULT
000fa41a	LAB_000fa41a	Label	DEFAULT
000fa422	DivideByZeroHandler	Label	USER_DEFINED
000fa42a	LAB_000fa42a	Label	DEFAULT
000fa44a	SetTrapAddressTrap	Label	USER_DEFINED
000fa452	LAB_000fa452	Label	DEFAULT
000fa458	DAT_000fa458	Label	DEFAULT
000fa45a	LAB_000fa45a	Label	DEFAULT
000fa462	LAB_000fa462	Label	DEFAULT
000fa472	LAB_000fa472	Label	DEFAULT
000fa47a	LAB_000fa47a	Label	DEFAULT
000fa482	LAB_000fa482	Label	DEFAULT
000fa48a	LAB_000fa48a	Label	DEFAULT
000fa492	LAB_000fa492	Label	DEFAULT
000fa49a	LAB_000fa49a	Label	DEFAULT
000fa4a2	LAB_000fa4a2	Label	DEFAULT
000fa4aa	LAB_000fa4aa	Label	DEFAULT
000fa4b2	Launch	Label	USER_DEFINED
000fa4da	^JCheckLoad	Label	USER_DEFINED
000fa4ea	LAB_000fa4ea	Label	DEFAULT
000fa4f2	LAB_000fa4f2	Label	DEFAULT
000fa4fa	LAB_000fa4fa	Label	DEFAULT
000fa502	LAB_000fa502	Label	DEFAULT
000fa50a	LAB_000fa50a	Label	DEFAULT
000fa512	LAB_000fa512	Label	DEFAULT
000fa51a	LAB_000fa51a	Label	DEFAULT
000fa522	SetGrowZone	Label	USER_DEFINED
000fa6c8	PTR_DAT_000fa6c8	Label	DEFAULT
000fa6cc	PTR_LAB_000fa6cc	Label	DEFAULT
000fa6d0	PTR_DAT_000fa6d0	Label	DEFAULT
000fa6d4	PTR_LAB_000fa6d4	Label	DEFAULT
000fa6d8	DAT_000fa6d8	Label	DEFAULT
000fa6dc	PTR_DAT_000fa6dc	Label	DEFAULT
000fa6e0	DAT_000fa6e0	Label	DEFAULT
000fa6e4	PTR_DAT_000fa6e4	Label	DEFAULT
000fa6e8	PTR_DAT_000fa6e8	Label	DEFAULT
000fa6ec	PTR_DAT_000fa6ec	Label	DEFAULT
000fa6f0	PTR_DAT_000fa6f0	Label	DEFAULT
000fa6f4	PTR_DAT_000fa6f4	Label	DEFAULT
000fa6f8	DAT_000fa6f8	Label	DEFAULT
000fa6fa	DAT_000fa6f8+2	Label	DEFAULT
000fa6fc	PTR_DAT_000fa6fc	Label	DEFAULT
000fa700	^BufPtr	Label	USER_DEFINED
000fa704	DAT_000fa704	Label	DEFAULT
000fa708	DAT_000fa708	Label	DEFAULT
000fbca4	^CrsrAddr	Label	USER_DEFINED
000fbce4	DAT_000fbce4	Label	DEFAULT
000ffd00	^SoundBase	Label	USER_DEFINED
000ffd01	^PWMBuf1	Label	USER_DEFINED
000ffd40	DAT_000ffd40	Label	DEFAULT
000ffd42	DAT_000ffd42	Label	DEFAULT
000ffd8c	DAT_000ffd8c	Label	DEFAULT
000ffd8e	DAT_000ffd8e	Label	DEFAULT
000ffe72	DAT_000ffe72	Label	DEFAULT
000ffe74	DAT_000ffe74	Label	DEFAULT
000fffe4	DAT_000fffe4	Label	DEFAULT
003fa700	ScreenLow	Label	USER_DEFINED
003fa704	DAT_003fa704	Label	DEFAULT
003fcb5e	DAT_003fcb5e	Label	DEFAULT
003fccdf	DAT_003fccdf	Label	DEFAULT
003fcce0	DAT_003fcce0	Label	DEFAULT
003fcd1f	DAT_003fcd1f	Label	DEFAULT
003fcd20	DAT_003fcd20	Label	DEFAULT
003fcf1f	DAT_003fcf1f	Label	DEFAULT
003fcf20	DAT_003fcf20	Label	DEFAULT
003fcf5f	DAT_003fcf5f	Label	DEFAULT
003fcf60	DAT_003fcf60	Label	DEFAULT
003fd2de	DAT_003fd2de	Label	DEFAULT
003fd31e	DAT_003fd31e	Label	DEFAULT
003fd3dd	DAT_003fd3dd	Label	DEFAULT
003fd41d	DAT_003fd41d	Label	DEFAULT
003fd45d	DAT_003fd45d	Label	DEFAULT
003fd49d	DAT_003fd49d	Label	DEFAULT
003fd5df	DAT_003fd5df	Label	DEFAULT
003fd5e0	DAT_003fd5e0	Label	DEFAULT
003ffc80	SEVars	Label	USER_DEFINED
003ffc84	DAT_003ffc84	Label	DEFAULT
003ffc88	DAT_003ffc88	Label	DEFAULT
003ffc8c	DAT_003ffc8c	Label	DEFAULT
003ffc90	DAT_003ffc90	Label	DEFAULT
003ffc94	DAT_003ffc94	Label	DEFAULT
003ffc98	DAT_003ffc98	Label	DEFAULT
003ffc9c	DAT_003ffc9c	Label	DEFAULT
003ffca0	SEA0	Label	USER_DEFINED
003ffca4	DAT_003ffca4	Label	DEFAULT
003ffca8	DAT_003ffca8	Label	DEFAULT
003ffcac	DAT_003ffcac	Label	DEFAULT
003ffcb0	DAT_003ffcb0	Label	DEFAULT
003ffcb4	DAT_003ffcb4	Label	DEFAULT
003ffcb8	DAT_003ffcb8	Label	DEFAULT
003ffcba	DAT_003ffcba	Label	DEFAULT
003ffcbc	SEA7	Label	USER_DEFINED
003ffcc0	SEPC	Label	USER_DEFINED
003ffcc2	DAT_003ffcc2	Label	DEFAULT
003ffcc4	SESR	Label	USER_DEFINED
003ffcc6	DAT_003ffcc6	Label	DEFAULT
003ffcca	SECmdSize	Label	USER_DEFINED
003ffccc	DAT_003ffccc	Label	DEFAULT
003ffcd0	DAT_003ffcd0	Label	DEFAULT
003ffcd4	DAT_003ffcd4	Label	DEFAULT
003ffcda	DAT_003ffcda	Label	DEFAULT
003ffcde	DAT_003ffcde	Label	DEFAULT
003ffce0	DAT_003ffce0	Label	DEFAULT
003ffcf2	DAT_003ffcf2	Label	DEFAULT
003ffcf3	DAT_003ffcf3	Label	DEFAULT
003ffcf4	DAT_003ffcf4	Label	DEFAULT
003ffcf6	MBSign	Label	USER_DEFINED
003ffcf8	MBdotAddr	Label	USER_DEFINED
003ffcfc	MBlocAddr	Label	USER_DEFINED
003ffd00	^SoundBase	Label	USER_DEFINED
003ffd02	DAT_003ffd02	Label	DEFAULT
003ffd04	DAT_003ffd04	Label	DEFAULT
003ffd92	DAT_003ffd92	Label	DEFAULT
003ffd94	DAT_003ffd94	Label	DEFAULT
003ffd96	DAT_003ffd96	Label	DEFAULT
003ffd98	DAT_003ffd98	Label	DEFAULT
00400000	Checksum	Label	USER_DEFINED
00400004	StartPC	Label	USER_DEFINED
00400006	StartPC+2	Label	DEFAULT
00400008	Machine	Label	USER_DEFINED
00400009	ROMVersion	Label	USER_DEFINED
0040000a	StBoot	Label	USER_DEFINED
0040000e	BadDisk	Label	USER_DEFINED
00400012	DoPhaseRead	Label	USER_DEFINED
0040001a	RomRsrc?	Label	USER_DEFINED
0040001e	DoEject	Label	USER_DEFINED
00400020	DoEject+2	Label	DEFAULT
0040002a	ResetEntry	Label	USER_DEFINED
0040002e	LAB_0040002e	Label	DEFAULT
00400030	LAB_00400030	Label	DEFAULT
00400038	LAB_00400038	Label	DEFAULT
00400042	CheckDiagROM	Label	USER_DEFINED
00400058	DoPhaseRead	Label	USER_DEFINED
00400062	StartBoot	Label	USER_DEFINED
0040006c	FinishPhaseRead	Label	USER_DEFINED
00400086	LAB_00400086	Label	DEFAULT
004000a8	LAB_004000a8	Label	DEFAULT
004000b2	LAB_004000b2	Label	DEFAULT
004000bc	LAB_004000bc	Label	DEFAULT
004000ee	LAB_004000ee	Label	DEFAULT
004000f8	LAB_004000f8	Label	DEFAULT
00400104	LAB_00400104	Label	DEFAULT
00400126	LAB_00400126	Label	DEFAULT
00400132	LAB_00400132	Label	DEFAULT
00400136	TestManager??	Label	USER_DEFINED
00400152	LAB_00400152	Label	DEFAULT
0040015c	LAB_0040015c	Label	DEFAULT
0040016a	LAB_0040016a	Label	DEFAULT
0040017e	LAB_0040017e	Label	DEFAULT
004001ac	LAB_004001ac	Label	DEFAULT
004001ba	MYSTERIOUS_DATA_TWO	Label	USER_DEFINED
004001bb	DAT_004001bb	Label	DEFAULT
004001ea	ClearScreen	Label	USER_DEFINED
004001f0	@1	Label	USER_DEFINED
004001f8	ClkNoMem	Label	USER_DEFINED
00400220	@0	Label	USER_DEFINED
00400226	@1	Label	USER_DEFINED
00400228	LAB_00400228	Label	DEFAULT
00400232	LAB_00400232	Label	DEFAULT
0040023c	LAB_0040023c	Label	DEFAULT
0040023e	LAB_0040023e	Label	DEFAULT
00400246	LAB_00400246	Label	DEFAULT
0040024e	LAB_0040024e	Label	DEFAULT
00400254	WriteRTCByte	Label	USER_DEFINED
00400256	LAB_00400256	Label	DEFAULT
00400266	LAB_00400266	Label	DEFAULT
00400274	LAB_00400274	Label	DEFAULT
0040028a	BootBeeep	Label	USER_DEFINED
004002a4	LAB_004002a4	Label	DEFAULT
004002ac	LAB_004002ac	Label	DEFAULT
004002ae	LAB_004002ae	Label	DEFAULT
004002be	LAB_004002be	Label	DEFAULT
004002c2	LAB_004002c2	Label	DEFAULT
004002c8	LAB_004002c8	Label	DEFAULT
004002ce	LAB_004002ce	Label	DEFAULT
004002d0	LAB_004002d0	Label	DEFAULT
004002e8	LAB_004002e8	Label	DEFAULT
004002f0	LAB_004002f0	Label	DEFAULT
00400310	LAB_00400310	Label	DEFAULT
0040031a	LAB_0040031a	Label	DEFAULT
00400324	LAB_00400324	Label	DEFAULT
0040032c	LAB_0040032c	Label	DEFAULT
0040033c	LAB_0040033c	Label	DEFAULT
00400348	LAB_00400348	Label	DEFAULT
00400352	ContinueBoot	Label	USER_DEFINED
0040035a	LAB_0040035a	Label	DEFAULT
00400368	LAB_00400368	Label	DEFAULT
0040037e	LAB_0040037e	Label	DEFAULT
004003a8	BootRetry?	Label	USER_DEFINED
004003f8	LAB_004003f8	Label	DEFAULT
00400466	@ZeroLoop	Label	USER_DEFINED
004004c8	LAB_004004c8	Label	DEFAULT
00400522	LAB_00400522	Label	DEFAULT
00400530	LAB_00400530	Label	DEFAULT
00400548	LAB_00400548	Label	DEFAULT
00400550	LAB_00400550	Label	DEFAULT
00400556	LAB_00400556	Label	DEFAULT
0040055a	LAB_0040055a	Label	DEFAULT
00400568	LAB_00400568	Label	DEFAULT
00400572	LAB_00400572	Label	DEFAULT
00400580	LAB_00400580	Label	DEFAULT
0040059a	LAB_0040059a	Label	DEFAULT
004005a6	LAB_004005a6	Label	DEFAULT
004005b8	LAB_004005b8	Label	DEFAULT
0040063e	LAB_0040063e	Label	DEFAULT
0040066a	LAB_0040066a	Label	DEFAULT
00400672	OurSwitch	Label	USER_DEFINED
00400692	LAB_00400692	Label	DEFAULT
004006e8	LAB_004006e8	Label	DEFAULT
004006f4	LAB_004006f4	Label	DEFAULT
0040074c	LAB_0040074c	Label	DEFAULT
00400754	LAB_00400754	Label	DEFAULT
00400760	LAB_00400760	Label	DEFAULT
00400762	EjectMe?	Label	USER_DEFINED
00400772	LAB_00400772	Label	DEFAULT
0040077c	FindSCSIBootDevice?	Label	USER_DEFINED
0040078c	LAB_0040078c	Label	DEFAULT
0040079e	LAB_0040079e	Label	DEFAULT
004007a6	LAB_004007a6	Label	DEFAULT
004007b0	LAB_004007b0	Label	DEFAULT
004007ba	LAB_004007ba	Label	DEFAULT
004007ca	LAB_004007ca	Label	DEFAULT
004007ce	SUB_004007ce	Label	DEFAULT
004007d4	LAB_004007d4	Label	DEFAULT
004007ec	LAB_004007ec	Label	DEFAULT
00400802	LAB_00400802	Label	DEFAULT
00400806	Debugger	Label	USER_DEFINED
00400806	ScrnSize	Label	USER_DEFINED
00400806	SetAppBase	Label	USER_DEFINED
00400806	ScrnAddress	Label	USER_DEFINED
0040080c	InitSCCData	Label	USER_DEFINED
0040082c	SUB_0040082c	Label	DEFAULT
0040084e	WriteSCC	Label	USER_DEFINED
00400852	@1	Label	USER_DEFINED
00400858	@2	Label	USER_DEFINED
0040085e	JmpTblInit?	Label	USER_DEFINED
00400860	JmpTbl2	Label	USER_DEFINED
0040086e	DiskName	Label	USER_DEFINED
00400874	SndName	Label	USER_DEFINED
0040087c	LoadDrivers	Label	USER_DEFINED
004008d0	@exitDrivers	Label	USER_DEFINED
004008d2	GNEFilter	Label	USER_DEFINED
00400926	LAB_00400926	Label	DEFAULT
00400944	@done	Label	USER_DEFINED
00400946	InitialMaskPtr	Label	USER_DEFINED
00400948	InitialMaskPtr+2	Label	DEFAULT
0040094a	InitialMinStack	Label	USER_DEFINED
0040094e	InitialDefltStack	Label	USER_DEFINED
00400962	SUB_00400962	Label	DEFAULT
0040096c	LAB_0040096c	Label	DEFAULT
00400986	SUB_00400986	Label	DEFAULT
00400992	LAB_00400992	Label	DEFAULT
004009a2	LAB_004009a2	Label	DEFAULT
004009b2	LAB_004009b2	Label	DEFAULT
004009f2	LAB_004009f2	Label	DEFAULT
00400a36	LAB_00400a36	Label	DEFAULT
00400a44	ContinueBootAfterInitResources	Label	USER_DEFINED
00400a5c	LAB_00400a5c	Label	DEFAULT
00400a76	LAB_00400a76	Label	DEFAULT
00400a7a	LAB_00400a7a	Label	DEFAULT
00400aa8	LAB_00400aa8	Label	DEFAULT
00400ab8	LAB_00400ab8	Label	DEFAULT
00400ad0	LAB_00400ad0	Label	DEFAULT
00400af6	LAB_00400af6	Label	DEFAULT
00400b4e	LAB_00400b4e	Label	DEFAULT
00400b5e	LAB_00400b5e	Label	DEFAULT
00400b76	LAB_00400b76	Label	DEFAULT
00400b7c	LAB_00400b7c	Label	DEFAULT
00400b82	ReBoot	Label	USER_DEFINED
00400ba8	LAB_00400ba8	Label	DEFAULT
00400bac	LAB_00400bac	Label	DEFAULT
00400bb2	SUB_00400bb2	Label	DEFAULT
00400bb8	LAB_00400bb8	Label	DEFAULT
00400bba	LAB_00400bba	Label	DEFAULT
00400bc6	SUB_00400bc6	Label	DEFAULT
00400bda	LoadBelowBufPtr	Label	USER_DEFINED
00400bdc	LoadBelowBufPtrCommon	Label	USER_DEFINED
00400c12	LAB_00400c12	Label	DEFAULT
00400c2c	@close	Label	USER_DEFINED
00400c32	@fail	Label	USER_DEFINED
00400c36	LAB_00400c36	Label	DEFAULT
00400c40	LAB_00400c40	Label	DEFAULT
00400c4c	FindBlessedFolder?	Label	USER_DEFINED
00400c74	@exit	Label	USER_DEFINED
00400c76	FSInitErr	Label	USER_DEFINED
00400c7a	InitFS	Label	USER_DEFINED
00400c8e	@1	Label	USER_DEFINED
00400ca4	@2	Label	USER_DEFINED
00400d1c	LAB_00400d1c	Label	DEFAULT
00400d34	LAB_00400d34	Label	DEFAULT
00400d48	FSInitOK	Label	USER_DEFINED
00400d4c	InitEvents	Label	USER_DEFINED
00400d66	@InitEvLoop	Label	USER_DEFINED
00400d76	StartUpROMTest	Label	USER_DEFINED
00400d8a	ROMLoop	Label	USER_DEFINED
00400da8	LAB_00400da8	Label	DEFAULT
00400dbe	LAB_00400dbe	Label	DEFAULT
00400dc2	LAB_00400dc2	Label	DEFAULT
00400dd4	LAB_00400dd4	Label	DEFAULT
00400dd6	LAB_00400dd6	Label	DEFAULT
00400de6	LAB_00400de6	Label	DEFAULT
00400dfc	LAB_00400dfc	Label	DEFAULT
00400e18	LAB_00400e18	Label	DEFAULT
00400e22	LAB_00400e22	Label	DEFAULT
00400e2c	LAB_00400e2c	Label	DEFAULT
00400e36	LAB_00400e36	Label	DEFAULT
00400e3c	LAB_00400e3c	Label	DEFAULT
00400e82	LAB_00400e82	Label	DEFAULT
00400e96	LAB_00400e96	Label	DEFAULT
00400eac	DAT_00400eac	Label	DEFAULT
00400eae	DAT_00400eac+2	Label	DEFAULT
00400eb0	DAT_00400eb0	Label	DEFAULT
00400eb2	DAT_00400eb0+2	Label	DEFAULT
00400eb4	DAT_00400eb4	Label	DEFAULT
00400eb6	DAT_00400eb4+2	Label	DEFAULT
00400eb8	DAT_00400eb8	Label	DEFAULT
00400eba	DAT_00400eb8+2	Label	DEFAULT
00400ebc	DAT_00400ebc	Label	DEFAULT
00400ebe	DAT_00400ebc+2	Label	DEFAULT
00400ec0	DAT_00400ec0	Label	DEFAULT
00400ec4	PutIcon	Label	USER_DEFINED
00400eca	UILOOP	Label	USER_DEFINED
00400ed0	MLOOP	Label	USER_DEFINED
00400eda	IBLACK	Label	USER_DEFINED
00400edc	CHECK	Label	USER_DEFINED
00400ee8	DONE	Label	USER_DEFINED
00400ef0	XLOOP	Label	USER_DEFINED
00400f00	SUB_00400f00	Label	DEFAULT
00400f04	SUB_00400f04	Label	DEFAULT
00400f16	LAB_00400f16	Label	DEFAULT
00400f26	LAB_00400f26	Label	DEFAULT
00400f28	SUB_00400f28	Label	DEFAULT
00400f2e	SUB_00400f2e	Label	DEFAULT
00400f30	LAB_00400f30	Label	DEFAULT
00400f3e	Icon	Label	USER_DEFINED
00400fa2	AnotherIcon?	Label	USER_DEFINED
00400fd2	HappyMac	Label	USER_DEFINED
00400fe6	DAT_00400fe6	Label	DEFAULT
00400ffa	DAT_00400ffa	Label	DEFAULT
00401018	DAT_00401018	Label	DEFAULT
00401036	SysErrInit	Label	USER_DEFINED
00401040	@0	Label	USER_DEFINED
0040104a	@1	Label	USER_DEFINED
00401056	@2	Label	USER_DEFINED
0040105e	@3	Label	USER_DEFINED
0040106c	@4	Label	USER_DEFINED
00401082	Debugger(!)	Label	USER_DEFINED
004010ac	DebugErr	Label	USER_DEFINED
004010ae	DebugAdios	Label	USER_DEFINED
004010ca	DebugProlog	Label	USER_DEFINED
004010dc	ToDeepShit	Label	USER_DEFINED
004010ee	@0	Label	USER_DEFINED
00401110	@1	Label	USER_DEFINED
00401124	@3	Label	USER_DEFINED
00401126	LAB_00401126	Label	DEFAULT
00401128	GenExcps	Label	USER_DEFINED
0040112a	^AddrVector	Label	USER_DEFINED
0040112c	^IlglVector	Label	USER_DEFINED
0040112e	^ZeroVector	Label	USER_DEFINED
00401130	^ChckVector	Label	USER_DEFINED
00401132	^TrapVector	Label	USER_DEFINED
00401134	^PrivVector	Label	USER_DEFINED
00401136	^TrceVector	Label	USER_DEFINED
0040113a	^Line1111	Label	USER_DEFINED
0040113c	^DebugVector	Label	USER_DEFINED
00401140	IRQException	Label	USER_DEFINED
00401142	SysError	Label	USER_DEFINED
0040114a	&ROMSysErr3	Label	USER_DEFINED
0040115e	SysErr2	Label	USER_DEFINED
0040116a	@0	Label	USER_DEFINED
0040117c	Call2DS	Label	USER_DEFINED
00401186	CallDS	Label	USER_DEFINED
0040118a	CallDB	Label	USER_DEFINED
004011ac	AllocFakeRgns	Label	USER_DEFINED
004011c4	OpenClip	Label	USER_DEFINED
004011d2	FakeRgn	Label	USER_DEFINED
004011dc	SysBeep	Label	USER_DEFINED
004011ec	@flash	Label	USER_DEFINED
00401200	@makeSound	Label	USER_DEFINED
0040120c	@done	Label	USER_DEFINED
00401216	ClipBox	Label	USER_DEFINED
00401234	DSErrorHandler	Label	USER_DEFINED
00401278	LAB_00401278	Label	DEFAULT
00401288	@SkipDBox	Label	USER_DEFINED
00401294	@GotAlert	Label	USER_DEFINED
004012b0	@NoIcon	Label	USER_DEFINED
004012ba	@NoProc	Label	USER_DEFINED
004012c6	@NoRestart	Label	USER_DEFINED
004012cc	RTS2SysErr	Label	USER_DEFINED
004012dc	@NoSemantics	Label	USER_DEFINED
004012e4	FindObject	Label	USER_DEFINED
004012ea	@NextObject	Label	USER_DEFINED
004012f0	@GoFindIt	Label	USER_DEFINED
004012fa	@FoundObj	Label	USER_DEFINED
00401300	DrawText	Label	USER_DEFINED
0040130c	LAB_0040130c	Label	DEFAULT
00401316	LAB_00401316	Label	DEFAULT
00401338	LAB_00401338	Label	DEFAULT
0040133a	DrawBox	Label	USER_DEFINED
0040134a	LAB_0040134a	Label	DEFAULT
00401356	DrawSysErr	Label	USER_DEFINED
0040136e	DrawSysAlert	Label	USER_DEFINED
00401378	DrawBox2	Label	USER_DEFINED
004013a2	NoButtons	Label	USER_DEFINED
004013a4	DoButtons	Label	USER_DEFINED
004013b0	@DrawBtnLp	Label	USER_DEFINED
004013f2	@Wait4Click	Label	USER_DEFINED
00401402	@FindBtnHit	Label	USER_DEFINED
00401410	@TrackBtn	Label	USER_DEFINED
00401414	@TrackLoop	Label	USER_DEFINED
00401420	@NoChange	Label	USER_DEFINED
00401438	myPtInRect	Label	USER_DEFINED
00401446	InvertBut	Label	USER_DEFINED
00401452	MicroBug	Label	USER_DEFINED
0040147a	CmdReset	Label	USER_DEFINED
0040148e	@0	Label	USER_DEFINED
004014aa	CmdLoop	Label	USER_DEFINED
004014c4	@0	Label	USER_DEFINED
00401508	RegChar	Label	USER_DEFINED
00401516	GotCommand	Label	USER_DEFINED
0040151c	@0	Label	USER_DEFINED
00401522	@1	Label	USER_DEFINED
0040153c	@2	Label	USER_DEFINED
00401548	@3	Label	USER_DEFINED
0040154c	MBcmds	Label	USER_DEFINED
0040154e	GCmd-MBcmds	Label	USER_DEFINED
00401550	s_DM_00401550	Label	DEFAULT
0040156e	GCmd	Label	USER_DEFINED
0040157c	GotResume	Label	USER_DEFINED
00401588	MBDoErase	Label	USER_DEFINED
00401592	DMCmd	Label	USER_DEFINED
004015b0	@1	Label	USER_DEFINED
004015c4	@2	Label	USER_DEFINED
004015e2	Print6Hx	Label	USER_DEFINED
004015e8	Print4Hx	Label	USER_DEFINED
004015f0	Print2Hx	Label	USER_DEFINED
004015f6	@1	Label	USER_DEFINED
004015f8	PUTHEX	Label	USER_DEFINED
00401608	@0	Label	USER_DEFINED
00401612	SMCmd	Label	USER_DEFINED
00401626	@1	Label	USER_DEFINED
00401630	@2	Label	USER_DEFINED
0040163e	TDCmd	Label	USER_DEFINED
0040164c	DCmd	Label	USER_DEFINED
00401672	SetR	Label	USER_DEFINED
00401678	SetR0	Label	USER_DEFINED
00401680	SetR2	Label	USER_DEFINED
00401682	SetR1	Label	USER_DEFINED
004016a2	@0	Label	USER_DEFINED
004016a8	GetHex	Label	USER_DEFINED
004016b6	@0	Label	USER_DEFINED
004016bc	ReadXToken	Label	USER_DEFINED
004016c6	@0	Label	USER_DEFINED
004016c8	ReadToken	Label	USER_DEFINED
004016cc	ReadMore	Label	USER_DEFINED
004016da	blanks	Label	USER_DEFINED
004016e0	leadSP	Label	USER_DEFINED
004016f2	@0	Label	USER_DEFINED
00401706	getBase	Label	USER_DEFINED
00401712	getNumber	Label	USER_DEFINED
00401726	ReadExit	Label	USER_DEFINED
0040172c	@0	Label	USER_DEFINED
00401738	@1	Label	USER_DEFINED
00401742	@2	Label	USER_DEFINED
00401750	@3	Label	USER_DEFINED
00401756	@4	Label	USER_DEFINED
00401762	@5	Label	USER_DEFINED
00401768	@6	Label	USER_DEFINED
0040176e	getLabel	Label	USER_DEFINED
0040177c	goLabel	Label	USER_DEFINED
0040177e	cleanExit	Label	USER_DEFINED
00401786	notDot	Label	USER_DEFINED
0040179c	notPC	Label	USER_DEFINED
004017b0	doReg	Label	USER_DEFINED
004017d0	notAs	Label	USER_DEFINED
004017e0	^MacJmp	Label	USER_DEFINED
004017f8	LAB_004017f8	Label	DEFAULT
004017fc	SUB_004017fc	Label	DEFAULT
0040180a	LAB_0040180a	Label	DEFAULT
0040181c	LAB_0040181c	Label	DEFAULT
00401828	LAB_00401828	Label	DEFAULT
0040182c	LAB_0040182c	Label	DEFAULT
00401832	LAB_00401832	Label	DEFAULT
00401846	DAT_00401846	Label	DEFAULT
00401870	LAB_00401870	Label	DEFAULT
0040187c	LAB_0040187c	Label	DEFAULT
0040188a	LAB_0040188a	Label	DEFAULT
00401896	LAB_00401896	Label	DEFAULT
004018b8	DAT_004018b8	Label	DEFAULT
004018c8	SUB_004018c8	Label	DEFAULT
004018d8	LAB_004018d8	Label	DEFAULT
004018e6	LAB_004018e6	Label	DEFAULT
004018fc	LAB_004018fc	Label	DEFAULT
00401900	LAB_00401900	Label	DEFAULT
00401914	LAB_00401914	Label	DEFAULT
00401924	SUB_00401924	Label	DEFAULT
0040192e	SUB_0040192e	Label	DEFAULT
00401936	SUB_00401936	Label	DEFAULT
0040193c	LAB_0040193c	Label	DEFAULT
0040194a	SUB_0040194a	Label	DEFAULT
00401960	LAB_00401960	Label	DEFAULT
00401962	SUB_00401962	Label	DEFAULT
0040196a	SUB_0040196a	Label	DEFAULT
00401970	SUB_00401970	Label	DEFAULT
00401972	LAB_00401972	Label	DEFAULT
0040197e	LAB_0040197e	Label	DEFAULT
00401986	LAB_00401986	Label	DEFAULT
0040199c	LAB_0040199c	Label	DEFAULT
004019a0	LAB_004019a0	Label	DEFAULT
004019be	LAB_004019be	Label	DEFAULT
004019ca	Enqueue	Label	USER_DEFINED
004019de	DOQINSERT	Label	USER_DEFINED
004019ea	ENQDONE	Label	USER_DEFINED
004019f0	Dequeue	Label	USER_DEFINED
00401a00	QDELSRCH	Label	USER_DEFINED
00401a12	GODEL	Label	USER_DEFINED
00401a20	QDELDONE	Label	USER_DEFINED
00401a22	QDONE1	Label	USER_DEFINED
00401a2a	QUNLINK	Label	USER_DEFINED
00401a38	InitQueue	Label	USER_DEFINED
00401a42	LAB_00401a42	Label	DEFAULT
00401a60	SUB_00401a60	Label	DEFAULT
00401a74	LAB_00401a74	Label	DEFAULT
00401a7e	LAB_00401a7e	Label	DEFAULT
00401a84	SccDecode	Label	USER_DEFINED
00401aa8	@GoLvl2	Label	USER_DEFINED
00401ab4	@Exit	Label	USER_DEFINED
00401ab6	LAB_00401ab6	Label	DEFAULT
00401ac2	LAB_00401ac2	Label	DEFAULT
00401acc	LAB_00401acc	Label	DEFAULT
00401ae0	LAB_00401ae0	Label	DEFAULT
00401ae8	OneSecInt	Label	USER_DEFINED
00401b10	@done	Label	USER_DEFINED
00401b12	VBLInt?	Label	USER_DEFINED
00401b38	@CheckStack	Label	USER_DEFINED
00401b46	@StackOk	Label	USER_DEFINED
00401b62	LAB_00401b62	Label	DEFAULT
00401b92	LAB_00401b92	Label	DEFAULT
00401ba6	LAB_00401ba6	Label	DEFAULT
00401bac	LAB_00401bac	Label	DEFAULT
00401bcc	LAB_00401bcc	Label	DEFAULT
00401bd0	LAB_00401bd0	Label	DEFAULT
00401bd8	LAB_00401bd8	Label	DEFAULT
00401bf4	LAB_00401bf4	Label	DEFAULT
00401c00	LAB_00401c00	Label	DEFAULT
00401c1e	LAB_00401c1e	Label	DEFAULT
00401c2a	VInstall	Label	USER_DEFINED
00401c32	LAB_00401c32	Label	DEFAULT
00401c36	LAB_00401c36	Label	DEFAULT
00401c62	LAB_00401c62	Label	DEFAULT
00401c68	LAB_00401c68	Label	DEFAULT
00401c74	VRemove	Label	USER_DEFINED
00401c8a	InitCrTable	Label	USER_DEFINED
00401c9a	CrsrObscure	Label	USER_DEFINED
00401ca8	HideCursor	Label	USER_DEFINED
00401cd2	ERASLP	Label	USER_DEFINED
00401cda	DRKXLPLYTKC	Label	USER_DEFINED
00401ce2	NOHIDE	Label	USER_DEFINED
00401ce6	DoneHide	Label	USER_DEFINED
00401cec	InitCrsr	Label	USER_DEFINED
00401cfa	ShowCursor	Label	USER_DEFINED
00401d46	LAB_00401d46	Label	DEFAULT
00401d56	LAB_00401d56	Label	DEFAULT
00401d6c	LAB_00401d6c	Label	DEFAULT
00401d78	LAB_00401d78	Label	DEFAULT
00401d9e	@5	Label	USER_DEFINED
00401db4	@6	Label	USER_DEFINED
00401dc8	ShieldCursor	Label	USER_DEFINED
00401df6	LAB_00401df6	Label	DEFAULT
00401dfc	LAB_00401dfc	Label	DEFAULT
00401e00	LAB_00401e00	Label	DEFAULT
00401e0a	SetCrsr	Label	USER_DEFINED
00401e16	LAB_00401e16	Label	DEFAULT
00401e1e	LAB_00401e1e	Label	DEFAULT
00401e30	LAB_00401e30	Label	DEFAULT
00401e38	LAB_00401e38	Label	DEFAULT
00401e46	@3	Label	USER_DEFINED
00401e52	@2	Label	USER_DEFINED
00401e5a	ScrnAddr	Label	USER_DEFINED
00401e62	ScrnSize	Label	USER_DEFINED
00401e6c	ScrnCmn	Label	USER_DEFINED
00401e72	ScrnBitMap	Label	USER_DEFINED
00401e86	CrsrVBLTask	Label	USER_DEFINED
00401ea6	AbslXl	Label	USER_DEFINED
00401eb4	LAB_00401eb4	Label	DEFAULT
00401eb6	LAB_00401eb6	Label	DEFAULT
00401ec6	DoPin	Label	USER_DEFINED
00401eee	SkipPin	Label	USER_DEFINED
00401ef2	Repaint	Label	USER_DEFINED
00401efc	Unpainted	Label	USER_DEFINED
00401f08	TrackDone	Label	USER_DEFINED
00401f0a	PinGuts	Label	USER_DEFINED
00401f14	@1	Label	USER_DEFINED
00401f20	@2	Label	USER_DEFINED
00401f28	@3	Label	USER_DEFINED
00401f34	@4	Label	USER_DEFINED
00401f38	PinRect	Label	USER_DEFINED
00401f4a	Dispatch	Label	USER_DEFINED
00401f52	EMT1010	Label	USER_DEFINED
00401f54	LAB_00401f54	Label	DEFAULT
00401f86	LAB_00401f86	Label	DEFAULT
00401f88	@OSTrap	Label	USER_DEFINED
00401fa2	LAB_00401fa2	Label	DEFAULT
00401fac	LAB_00401fac	Label	DEFAULT
00401fba	SetTrapAddress	Label	USER_DEFINED
00401fd6	LAB_00401fd6	Label	DEFAULT
00401fe0	LAB_00401fe0	Label	DEFAULT
00401fe4	SUB_00401fe4	Label	DEFAULT
00402000	LAB_00402000	Label	DEFAULT
00402004	LAB_00402004	Label	DEFAULT
00402006	LAB_00402006	Label	DEFAULT
0040200a	GetTrapAddress	Label	USER_DEFINED
00402026	@done	Label	USER_DEFINED
00402030	FSIODneTbl	Label	USER_DEFINED
00402036	Fetch	Label	USER_DEFINED
0040203a	FetchStash	Label	USER_DEFINED
0040205a	StashOne	Label	USER_DEFINED
0040205e	FinishFS	Label	USER_DEFINED
0040206e	FSDone	Label	USER_DEFINED
00402076	IOCoreErr	Label	USER_DEFINED
0040207a	Stash	Label	USER_DEFINED
00402080	IOOK	Label	USER_DEFINED
00402082	IODone	Label	USER_DEFINED
004020a2	DeActDrvr	Label	USER_DEFINED
004020a8	DeActImed	Label	USER_DEFINED
004020c2	IORTS7	Label	USER_DEFINED
004020c4	PostCompletion	Label	USER_DEFINED
004020da	LAB_004020da	Label	DEFAULT
004020e6	LAB_004020e6	Label	DEFAULT
004020f6	LAB_004020f6	Label	DEFAULT
004020f8	DoAsyncIO	Label	USER_DEFINED
0040210a	GoIO	Label	USER_DEFINED
00402118	@1	Label	USER_DEFINED
0040211e	DoImedIO	Label	USER_DEFINED
0040214c	@1	Label	USER_DEFINED
00402150	@2	Label	USER_DEFINED
00402152	GoDriver	Label	USER_DEFINED
0040215e	LAB_0040215e	Label	DEFAULT
00402186	LAB_00402186	Label	DEFAULT
00402190	LAB_00402190	Label	DEFAULT
0040219c	LAB_0040219c	Label	DEFAULT
004021a0	LAB_004021a0	Label	DEFAULT
004021a8	SUB_004021a8	Label	DEFAULT
004021ca	LAB_004021ca	Label	DEFAULT
004021d8	LAB_004021d8	Label	DEFAULT
004021ee	LAB_004021ee	Label	DEFAULT
004021f4	Open	Label	USER_DEFINED
00402216	LAB_00402216	Label	DEFAULT
00402220	LAB_00402220	Label	DEFAULT
0040223c	LAB_0040223c	Label	DEFAULT
00402254	LAB_00402254	Label	DEFAULT
00402288	LAB_00402288	Label	DEFAULT
004022bc	LAB_004022bc	Label	DEFAULT
004022be	LAB_004022be	Label	DEFAULT
004022c2	LAB_004022c2	Label	DEFAULT
004022e6	LAB_004022e6	Label	DEFAULT
004022f8	LAB_004022f8	Label	DEFAULT
00402310	LAB_00402310	Label	DEFAULT
00402314	LAB_00402314	Label	DEFAULT
0040233e	LAB_0040233e	Label	DEFAULT
00402354	LAB_00402354	Label	DEFAULT
0040235c	LAB_0040235c	Label	DEFAULT
00402376	LAB_00402376	Label	DEFAULT
0040237c	LAB_0040237c	Label	DEFAULT
00402382	LAB_00402382	Label	DEFAULT
00402386	Close	Label	USER_DEFINED
00402390	LAB_00402390	Label	DEFAULT
004023a2	LAB_004023a2	Label	DEFAULT
004023be	Read	Label	USER_DEFINED
004023c8	LAB_004023c8	Label	DEFAULT
004023d0	LAB_004023d0	Label	DEFAULT
004023e0	LAB_004023e0	Label	DEFAULT
00402420	LAB_00402420	Label	DEFAULT
00402428	LAB_00402428	Label	DEFAULT
0040242e	Write	Label	USER_DEFINED
00402438	LAB_00402438	Label	DEFAULT
00402442	Control	Label	USER_DEFINED
00402450	Status	Label	USER_DEFINED
0040246a	LAB_0040246a	Label	DEFAULT
00402476	KillIO	Label	USER_DEFINED
004024ac	LAB_004024ac	Label	DEFAULT
004024be	LAB_004024be	Label	DEFAULT
004024c4	LAB_004024c4	Label	DEFAULT
004024ca	DrvrInstall	Label	USER_DEFINED
004024e2	LAB_004024e2	Label	DEFAULT
004024e8	ClearDCE	Label	USER_DEFINED
004024ec	LAB_004024ec	Label	DEFAULT
00402500	LAB_00402500	Label	DEFAULT
00402502	DInstRTS	Label	USER_DEFINED
00402508	MpUnitNum	Label	USER_DEFINED
00402524	LAB_00402524	Label	DEFAULT
00402528	DrvrRemove	Label	USER_DEFINED
0040254c	LAB_0040254c	Label	DEFAULT
00402554	LAB_00402554	Label	DEFAULT
00402558	AddDrive	Label	USER_DEFINED
00402568	SUB_00402568	Label	DEFAULT
00402590	SUB_00402590	Label	DEFAULT
004025a4	LAB_004025a4	Label	DEFAULT
004025e4	AnotherInt??	Label	USER_DEFINED
004025fe	LAB_004025fe	Label	DEFAULT
0040260e	LAB_0040260e	Label	DEFAULT
0040262e	LAB_0040262e	Label	DEFAULT
0040263c	LAB_0040263c	Label	DEFAULT
0040263e	LAB_0040263e	Label	DEFAULT
00402642	LAB_00402642	Label	DEFAULT
00402652	LAB_00402652	Label	DEFAULT
00402664	LAB_00402664	Label	DEFAULT
0040267c	LAB_0040267c	Label	DEFAULT
00402694	LAB_00402694	Label	DEFAULT
0040269c	SUB_0040269c	Label	DEFAULT
004026ae	LAB_004026ae	Label	DEFAULT
004026c0	LAB_004026c0	Label	DEFAULT
004026ca	LAB_004026ca	Label	DEFAULT
004026cc	LAB_004026cc	Label	DEFAULT
004026da	SUB_004026da	Label	DEFAULT
004026e0	LAB_004026e0	Label	DEFAULT
004026e6	LAB_004026e6	Label	DEFAULT
004026ec	PostEvent	Label	USER_DEFINED
004026fa	LAB_004026fa	Label	DEFAULT
00402714	LAB_00402714	Label	DEFAULT
0040272c	LAB_0040272c	Label	DEFAULT
00402746	SUB_00402746	Label	DEFAULT
00402764	OSEventAvail	Label	USER_DEFINED
00402774	LAB_00402774	Label	DEFAULT
00402782	LAB_00402782	Label	DEFAULT
004027c6	LAB_004027c6	Label	DEFAULT
004027d0	LAB_004027d0	Label	DEFAULT
004027dc	LAB_004027dc	Label	DEFAULT
004027ec	GetOSEvent	Label	USER_DEFINED
004027fc	LAB_004027fc	Label	DEFAULT
004027fe	SUB_004027fe	Label	DEFAULT
0040280a	FlushEvents	Label	USER_DEFINED
0040280a	Trap1_32	Label	USER_DEFINED
0040282e	LAB_0040282e	Label	DEFAULT
00402840	LAB_00402840	Label	DEFAULT
00402844	LAB_00402844	Label	DEFAULT
00402846	LAB_00402846	Label	DEFAULT
00402852	TFSDispatch	Label	USER_DEFINED
0040285c	LAB_0040285c	Label	DEFAULT
00402864	LAB_00402864	Label	DEFAULT
00402870	switchD_00402870::switchD	Label	ANALYSIS
00402872	switchD_00402870::switchdataD_00402872	Label	ANALYSIS
0040287c	USHORT_0040287c	Label	DEFAULT
00402880	USHORT_00402880	Label	DEFAULT
00402884	USHORT_00402884	Label	DEFAULT
00402886	USHORT_00402886	Label	DEFAULT
00402890	USHORT_00402890	Label	DEFAULT
00402892	USHORT_00402892	Label	DEFAULT
00402896	switchD_00402870::caseD_0	Label	ANALYSIS
00402898	LAB_00402898	Label	DEFAULT
004028a6	FSQueueSync	Label	USER_DEFINED
004028aa	FSQueue	Label	USER_DEFINED
004028b4	@0	Label	USER_DEFINED
004028ce	@2	Label	USER_DEFINED
004028e6	@3	Label	USER_DEFINED
004028ea	@4	Label	USER_DEFINED
004028f0	SyncWait	Label	USER_DEFINED
00402910	LAB_00402910	Label	DEFAULT
00402912	FSAsync	Label	USER_DEFINED
00402920	LAB_00402920	Label	DEFAULT
0040292e	LAB_0040292e	Label	DEFAULT
0040295a	toDSFSErr	Label	USER_DEFINED
0040295e	CmdDone	Label	USER_DEFINED
0040296c	@0	Label	USER_DEFINED
0040298c	@2	Label	USER_DEFINED
004029a8	LAB_004029a8	Label	DEFAULT
004029b4	SUB_004029b4	Label	DEFAULT
004029c0	LAB_004029c0	Label	DEFAULT
004029e0	LAB_004029e0	Label	DEFAULT
004029e2	cd_CkExtFs	Label	USER_DEFINED
004029f2	LAB_004029f2	Label	DEFAULT
00402a24	LAB_00402a24	Label	DEFAULT
00402a26	LAB_00402a26	Label	DEFAULT
00402a48	LAB_00402a48	Label	DEFAULT
00402a5a	FInitQueue	Label	USER_DEFINED
00402a6c	InitQueue	Label	USER_DEFINED
00402a80	LAB_00402a80	Label	DEFAULT
00402a86	DSHook	Label	USER_DEFINED
00402ab6	TellUser	Label	USER_DEFINED
00402b2c	LAB_00402b2c	Label	DEFAULT
00402b34	@0	Label	USER_DEFINED
00402b42	@1	Label	USER_DEFINED
00402b52	@2	Label	USER_DEFINED
00402b54	EjectMtDisk	Label	USER_DEFINED
00402b5a	WaitForDsk	Label	USER_DEFINED
00402b5e	@0	Label	USER_DEFINED
00402b9e	LAB_00402b9e	Label	DEFAULT
00402ba6	LAB_00402ba6	Label	DEFAULT
00402bba	LAB_00402bba	Label	DEFAULT
00402bdc	LAB_00402bdc	Label	DEFAULT
00402be4	LAB_00402be4	Label	DEFAULT
00402be8	DSExit	Label	USER_DEFINED
00402bfe	@1	Label	USER_DEFINED
00402c08	TFSAgain	Label	USER_DEFINED
00402c1c	DoEject	Label	USER_DEFINED
00402c40	@1	Label	USER_DEFINED
00402c4a	@2	Label	USER_DEFINED
00402c50	DivUp	Label	USER_DEFINED
00402c60	LAB_00402c60	Label	DEFAULT
00402c62	LAB_00402c62	Label	DEFAULT
00402c64	RoundAlloc	Label	USER_DEFINED
00402c86	QWordSearch	Label	USER_DEFINED
00402c8c	LAB_00402c8c	Label	DEFAULT
00402c9a	LAB_00402c9a	Label	DEFAULT
00402c9c	LAB_00402c9c	Label	DEFAULT
00402ca2	LAB_00402ca2	Label	DEFAULT
00402ca6	SUB_00402ca6	Label	DEFAULT
00402cb6	LAB_00402cb6	Label	DEFAULT
00402cbc	LAB_00402cbc	Label	DEFAULT
00402cc0	SUB_00402cc0	Label	DEFAULT
00402cce	LAB_00402cce	Label	DEFAULT
00402ce4	LAB_00402ce4	Label	DEFAULT
00402ce8	LAB_00402ce8	Label	DEFAULT
00402cea	LAB_00402cea	Label	DEFAULT
00402cf0	LAB_00402cf0	Label	DEFAULT
00402cf4	SUB_00402cf4	Label	DEFAULT
00402d16	LAB_00402d16	Label	DEFAULT
00402d1e	MarkVCB	Label	USER_DEFINED
00402d20	MarkVCB	Label	USER_DEFINED
00402d28	MarkVCBDirty	Label	USER_DEFINED
00402d2e	FlushMDB	Label	USER_DEFINED
00402ddc	LAB_00402ddc	Label	DEFAULT
00402de6	MakeStkPB	Label	USER_DEFINED
00402dea	LAB_00402dea	Label	DEFAULT
00402df8	MountVol	Label	USER_DEFINED
00402e14	LAB_00402e14	Label	DEFAULT
00402e18	LAB_00402e18	Label	DEFAULT
00402e1c	LAB_00402e1c	Label	DEFAULT
00402e2c	LAB_00402e2c	Label	DEFAULT
00402e30	LAB_00402e30	Label	DEFAULT
00402e44	LAB_00402e44	Label	DEFAULT
00402e48	SUB_00402e48	Label	DEFAULT
00402e50	LAB_00402e50	Label	DEFAULT
00402e68	LAB_00402e68	Label	DEFAULT
00402e6c	LAB_00402e6c	Label	DEFAULT
00402ea6	LAB_00402ea6	Label	DEFAULT
00402ebe	LAB_00402ebe	Label	DEFAULT
00402edc	LAB_00402edc	Label	DEFAULT
00402f00	LAB_00402f00	Label	DEFAULT
00403008	LAB_00403008	Label	DEFAULT
0040300c	LAB_0040300c	Label	DEFAULT
00403010	LAB_00403010	Label	DEFAULT
00403034	LAB_00403034	Label	DEFAULT
00403040	LAB_00403040	Label	DEFAULT
00403044	LAB_00403044	Label	DEFAULT
00403048	LAB_00403048	Label	DEFAULT
00403068	LAB_00403068	Label	DEFAULT
00403078	LAB_00403078	Label	DEFAULT
00403088	LAB_00403088	Label	DEFAULT
00403096	LAB_00403096	Label	DEFAULT
004030d2	LAB_004030d2	Label	DEFAULT
004030d8	LAB_004030d8	Label	DEFAULT
004030fc	LAB_004030fc	Label	DEFAULT
0040311c	LAB_0040311c	Label	DEFAULT
00403138	MtVolOK	Label	USER_DEFINED
0040313a	MtVolDone	Label	USER_DEFINED
00403154	@1	Label	USER_DEFINED
00403158	LAB_00403158	Label	DEFAULT
0040315e	LAB_0040315e	Label	DEFAULT
00403162	LAB_00403162	Label	DEFAULT
00403166	LAB_00403166	Label	DEFAULT
00403170	LAB_00403170	Label	DEFAULT
0040317e	LAB_0040317e	Label	DEFAULT
00403190	&MtCheck	Label	USER_DEFINED
004031be	&FromMtRename	Label	USER_DEFINED
004031c0	LAB_004031c0	Label	DEFAULT
00403206	LAB_00403206	Label	DEFAULT
00403236	LAB_00403236	Label	DEFAULT
00403242	LAB_00403242	Label	DEFAULT
00403256	LAB_00403256	Label	DEFAULT
00403260	LAB_00403260	Label	DEFAULT
00403272	LAB_00403272	Label	DEFAULT
0040328e	LAB_0040328e	Label	DEFAULT
004032a0	LAB_004032a0	Label	DEFAULT
004032b2	LAB_004032b2	Label	DEFAULT
004032c4	LAB_004032c4	Label	DEFAULT
004032d8	LAB_004032d8	Label	DEFAULT
0040330a	LAB_0040330a	Label	DEFAULT
00403322	LAB_00403322	Label	DEFAULT
00403332	SUB_00403332	Label	DEFAULT
00403348	LAB_00403348	Label	DEFAULT
0040334c	SUB_0040334c	Label	DEFAULT
0040335e	LAB_0040335e	Label	DEFAULT
00403368	LAB_00403368	Label	DEFAULT
0040336e	DsposVBlks	Label	USER_DEFINED
00403374	LAB_00403374	Label	DEFAULT
00403384	LAB_00403384	Label	DEFAULT
0040339c	LAB_0040339c	Label	DEFAULT
004033a2	DsposVCB	Label	USER_DEFINED
004033c0	SUB_004033c0	Label	DEFAULT
004033c6	LAB_004033c6	Label	DEFAULT
004033d6	LAB_004033d6	Label	DEFAULT
004033de	LAB_004033de	Label	DEFAULT
004033e0	SUB_004033e0	Label	DEFAULT
00403414	FindDrive	Label	USER_DEFINED
00403432	@1	Label	USER_DEFINED
00403436	@2	Label	USER_DEFINED
0040343a	Offline	Label	USER_DEFINED
00403442	DumpCaches	Label	USER_DEFINED
0040344e	FlushBuffers	Label	USER_DEFINED
00403470	@1	Label	USER_DEFINED
0040348c	@2	Label	USER_DEFINED
004034a0	flVCaches	Label	USER_DEFINED
004034d4	flBufOK	Label	USER_DEFINED
004034d6	flBufExit	Label	USER_DEFINED
004034e0	Eject	Label	USER_DEFINED
004034e4	Eject1	Label	USER_DEFINED
004034f6	@1	Label	USER_DEFINED
004034fa	ejectDrvNum	Label	USER_DEFINED
00403508	EjectDone	Label	USER_DEFINED
0040350c	ejectMnted	Label	USER_DEFINED
00403528	@0	Label	USER_DEFINED
0040354e	@5	Label	USER_DEFINED
00403564	@10	Label	USER_DEFINED
00403570	ejectMark	Label	USER_DEFINED
0040357a	@1	Label	USER_DEFINED
00403598	EjectIt	Label	USER_DEFINED
004035b4	UnmountVol	Label	USER_DEFINED
004035be	FlushVFiles	Label	USER_DEFINED
004035c8	LAB_004035c8	Label	DEFAULT
004035e4	LAB_004035e4	Label	DEFAULT
004035ea	LAB_004035ea	Label	DEFAULT
004035f2	LAB_004035f2	Label	DEFAULT
004035fc	FlushVol	Label	USER_DEFINED
00403604	LAB_00403604	Label	DEFAULT
00403606	&toUnmount	Label	USER_DEFINED
0040361c	LAB_0040361c	Label	DEFAULT
00403628	LAB_00403628	Label	DEFAULT
00403632	LAB_00403632	Label	DEFAULT
00403634	LAB_00403634	Label	DEFAULT
00403638	CkExtFS	Label	USER_DEFINED
00403640	LAB_00403640	Label	DEFAULT
00403642	DtrmV3	Label	USER_DEFINED
00403650	DtrmV1	Label	USER_DEFINED
00403656	vDtrmV1	Label	USER_DEFINED
00403668	LAB_00403668	Label	DEFAULT
00403674	LAB_00403674	Label	DEFAULT
00403678	LAB_00403678	Label	DEFAULT
0040367a	LAB_0040367a	Label	DEFAULT
0040367e	LAB_0040367e	Label	DEFAULT
0040368c	LAB_0040368c	Label	DEFAULT
004036a2	LAB_004036a2	Label	DEFAULT
004036ac	LAB_004036ac	Label	DEFAULT
004036b4	LAB_004036b4	Label	DEFAULT
004036b8	LAB_004036b8	Label	DEFAULT
004036c6	LAB_004036c6	Label	DEFAULT
004036e4	LAB_004036e4	Label	DEFAULT
004036e6	LAB_004036e6	Label	DEFAULT
0040370c	LAB_0040370c	Label	DEFAULT
00403718	LAB_00403718	Label	DEFAULT
0040372c	LAB_0040372c	Label	DEFAULT
00403750	LAB_00403750	Label	DEFAULT
00403756	SUB_00403756	Label	DEFAULT
0040375a	LAB_0040375a	Label	DEFAULT
0040376a	LAB_0040376a	Label	DEFAULT
00403770	LAB_00403770	Label	DEFAULT
00403772	LAB_00403772	Label	DEFAULT
00403782	LAB_00403782	Label	DEFAULT
00403784	LAB_00403784	Label	DEFAULT
00403788	DtrmV2	Label	USER_DEFINED
0040379c	LAB_0040379c	Label	DEFAULT
004037ae	LAB_004037ae	Label	DEFAULT
004037c0	LAB_004037c0	Label	DEFAULT
004037c4	LAB_004037c4	Label	DEFAULT
004037cc	LAB_004037cc	Label	DEFAULT
004037d0	LAB_004037d0	Label	DEFAULT
004037d4	LAB_004037d4	Label	DEFAULT
004037ee	LAB_004037ee	Label	DEFAULT
004037f2	LAB_004037f2	Label	DEFAULT
004037f6	switchD_00402870::caseD_c	Label	ANALYSIS
00403808	LAB_00403808	Label	DEFAULT
0040381e	LAB_0040381e	Label	DEFAULT
00403824	GetVolInfo	Label	USER_DEFINED
00403836	@1	Label	USER_DEFINED
0040383a	@2	Label	USER_DEFINED
00403840	@3	Label	USER_DEFINED
0040384a	@4	Label	USER_DEFINED
00403858	RetVolInfo	Label	USER_DEFINED
0040385a	@4	Label	USER_DEFINED
0040386e	@0	Label	USER_DEFINED
00403888	@1	Label	USER_DEFINED
00403894	@2	Label	USER_DEFINED
004038a6	@3	Label	USER_DEFINED
004038be	@5	Label	USER_DEFINED
004038c8	@7	Label	USER_DEFINED
00403902	LAB_00403902	Label	DEFAULT
00403906	retVRef	Label	USER_DEFINED
00403910	LAB_00403910	Label	DEFAULT
00403916	LAB_00403916	Label	DEFAULT
00403930	LAB_00403930	Label	DEFAULT
00403950	LAB_00403950	Label	DEFAULT
00403952	LAB_00403952	Label	DEFAULT
004039b8	LAB_004039b8	Label	DEFAULT
004039c8	LAB_004039c8	Label	DEFAULT
004039ca	TGVIDone	Label	USER_DEFINED
004039ce	switchD_00402870::caseD_b	Label	ANALYSIS
00403a2e	LAB_00403a2e	Label	DEFAULT
00403a38	LAB_00403a38	Label	DEFAULT
00403a3e	LAB_00403a3e	Label	DEFAULT
00403a42	SUB_00403a42	Label	DEFAULT
00403a4c	LAB_00403a4c	Label	DEFAULT
00403a68	LAB_00403a68	Label	DEFAULT
00403a76	CVFlgs	Label	USER_DEFINED
00403a88	LAB_00403a88	Label	DEFAULT
00403a8a	GetVol	Label	USER_DEFINED
00403aa6	GetVolDone	Label	USER_DEFINED
00403aaa	NSVErrXit	Label	USER_DEFINED
00403aae	XferVName	Label	USER_DEFINED
00403acc	@2	Label	USER_DEFINED
00403ad2	@3	Label	USER_DEFINED
00403ada	SetVol	Label	USER_DEFINED
00403afe	@3	Label	USER_DEFINED
00403b02	@5	Label	USER_DEFINED
00403b10	@10	Label	USER_DEFINED
00403b16	@20	Label	USER_DEFINED
00403b1a	SetDir	Label	USER_DEFINED
00403b32	@0	Label	USER_DEFINED
00403b3e	SetDefDir	Label	USER_DEFINED
00403b4a	SetDirExit	Label	USER_DEFINED
00403b4e	GetDir	Label	USER_DEFINED
00403b6e	@1	Label	USER_DEFINED
00403b72	OpenWD	Label	USER_DEFINED
00403b88	@1	Label	USER_DEFINED
00403ba2	@2	Label	USER_DEFINED
00403baa	opnWDExit	Label	USER_DEFINED
00403bae	SetDefWDCB	Label	USER_DEFINED
00403bb4	FillWDCB	Label	USER_DEFINED
00403bd2	PickWDCB	Label	USER_DEFINED
00403be0	LAB_00403be0	Label	DEFAULT
00403bf4	LAB_00403bf4	Label	DEFAULT
00403c0c	LAB_00403c0c	Label	DEFAULT
00403c12	LAB_00403c12	Label	DEFAULT
00403c1a	LAB_00403c1a	Label	DEFAULT
00403c1e	switchD_00402870::caseD_2	Label	ANALYSIS
00403c36	LAB_00403c36	Label	DEFAULT
00403c4e	LAB_00403c4e	Label	DEFAULT
00403c52	LAB_00403c52	Label	DEFAULT
00403c54	LAB_00403c54	Label	DEFAULT
00403c58	switchD_00402870::caseD_7	Label	ANALYSIS
00403c70	LAB_00403c70	Label	DEFAULT
00403c74	SUB_00403c74	Label	DEFAULT
00403ca4	LAB_00403ca4	Label	DEFAULT
00403cb2	LAB_00403cb2	Label	DEFAULT
00403cc4	LAB_00403cc4	Label	DEFAULT
00403cd6	LAB_00403cd6	Label	DEFAULT
00403cec	LAB_00403cec	Label	DEFAULT
00403cf6	LAB_00403cf6	Label	DEFAULT
00403cfa	LAB_00403cfa	Label	DEFAULT
00403cfc	LAB_00403cfc	Label	DEFAULT
00403d00	LAB_00403d00	Label	DEFAULT
00403d04	switchD_00402870::caseD_f	Label	ANALYSIS
00403d1a	SUB_00403d1a	Label	DEFAULT
00403d20	RetDefInfo	Label	USER_DEFINED
00403d3c	SUB_00403d3c	Label	DEFAULT
00403d5a	LAB_00403d5a	Label	DEFAULT
00403d60	switchD_00402870::caseD_d	Label	ANALYSIS
00403d7e	LAB_00403d7e	Label	DEFAULT
00403d80	LAB_00403d80	Label	DEFAULT
00403d8a	switchD_00402870::caseD_e	Label	ANALYSIS
00403daa	LAB_00403daa	Label	DEFAULT
00403dce	LAB_00403dce	Label	DEFAULT
00403dea	LAB_00403dea	Label	DEFAULT
00403dee	LAB_00403dee	Label	DEFAULT
00403df0	LAB_00403df0	Label	DEFAULT
00403df6	MDspsMap	Label	USER_DEFINED
00403e0a	CkMFSMap?	Label	USER_DEFINED
00403e0e	LAB_00403e0e	Label	DEFAULT
00403e16	LAB_00403e16	Label	DEFAULT
00403e20	LAB_00403e20	Label	DEFAULT
00403e26	LAB_00403e26	Label	DEFAULT
00403e32	LAB_00403e32	Label	DEFAULT
00403e42	LAB_00403e42	Label	DEFAULT
00403e44	LAB_00403e44	Label	DEFAULT
00403e56	LAB_00403e56	Label	DEFAULT
00403e6c	LAB_00403e6c	Label	DEFAULT
00403e88	LAB_00403e88	Label	DEFAULT
00403e94	LAB_00403e94	Label	DEFAULT
00403ea2	LAB_00403ea2	Label	DEFAULT
00403eaa	SUB_00403eaa	Label	DEFAULT
00403ebc	LAB_00403ebc	Label	DEFAULT
00403ed0	LAB_00403ed0	Label	DEFAULT
00403ee0	LAB_00403ee0	Label	DEFAULT
00403ee6	LAB_00403ee6	Label	DEFAULT
00403ef8	LAB_00403ef8	Label	DEFAULT
00403efa	LAB_00403efa	Label	DEFAULT
00403f00	MFSFlush	Label	USER_DEFINED
00403f32	@1	Label	USER_DEFINED
00403f42	mvMpOut	Label	USER_DEFINED
00403f62	mpTblOut	Label	USER_DEFINED
00403f70	MFSFlCaches	Label	USER_DEFINED
00403f76	MFSFlDone	Label	USER_DEFINED
00403f8a	@1	Label	USER_DEFINED
00403f8e	MFSFlOK	Label	USER_DEFINED
00403f90	MFSFlExit	Label	USER_DEFINED
00403f9a	GetMFSVolInfo?	Label	USER_DEFINED
00403fac	@1	Label	USER_DEFINED
00403fb0	@2	Label	USER_DEFINED
00403fb4	@3	Label	USER_DEFINED
00403fb8	@4	Label	USER_DEFINED
00403fc6	RetMFSVolInfo	Label	USER_DEFINED
00403fce	@1	Label	USER_DEFINED
00403fde	@2	Label	USER_DEFINED
00403fe0	@3	Label	USER_DEFINED
00403fee	GMVIDone	Label	USER_DEFINED
00403ff2	Gt1stFCB	Label	USER_DEFINED
00403ffa	GtNxtFCB	Label	USER_DEFINED
00404002	Gt1stMatch	Label	USER_DEFINED
00404004	GNMLoop	Label	USER_DEFINED
00404010	GtNxtMatch	Label	USER_DEFINED
00404018	GNMRTS	Label	USER_DEFINED
0040401a	OpenRF	Label	USER_DEFINED
00404024	FileOpen	Label	USER_DEFINED
0040402a	vFileOpen	Label	USER_DEFINED
00404032	FOpen1	Label	USER_DEFINED
00404034	@1	Label	USER_DEFINED
00404040	OpnErrExit	Label	USER_DEFINED
00404044	OpnExit	Label	USER_DEFINED
00404048	ChkVol	Label	USER_DEFINED
0040405a	@1	Label	USER_DEFINED
00404098	@3	Label	USER_DEFINED
004040a2	@4	Label	USER_DEFINED
004040ba	@5	Label	USER_DEFINED
004040e2	@10	Label	USER_DEFINED
004040fe	@30	Label	USER_DEFINED
00404104	@50	Label	USER_DEFINED
0040410e	SetupFCB	Label	USER_DEFINED
00404130	@1	Label	USER_DEFINED
00404146	@5	Label	USER_DEFINED
00404156	@6	Label	USER_DEFINED
0040415e	@7	Label	USER_DEFINED
00404166	@8	Label	USER_DEFINED
0040416c	PermssnChk	Label	USER_DEFINED
00404172	vPermssnChk	Label	USER_DEFINED
0040418e	@2	Label	USER_DEFINED
0040419a	@3	Label	USER_DEFINED
0040419c	okToRead	Label	USER_DEFINED
004041a2	pcheckRTS	Label	USER_DEFINED
004041a4	FCBScan	Label	USER_DEFINED
004041a8	@1	Label	USER_DEFINED
004041c4	@3	Label	USER_DEFINED
004041ca	@5	Label	USER_DEFINED
004041d2	FCBScnOK	Label	USER_DEFINED
004041d4	FCBScnExit	Label	USER_DEFINED
004041d6	CreateDir	Label	USER_DEFINED
004041e2	FileCreate	Label	USER_DEFINED
004041ec	CreateCN	Label	USER_DEFINED
004041f0	&CreateCall	Label	USER_DEFINED
004041f6	@0	Label	USER_DEFINED
00404210	@1	Label	USER_DEFINED
00404226	CrFile	Label	USER_DEFINED
00404246	@5	Label	USER_DEFINED
00404252	@10	Label	USER_DEFINED
00404254	CrExit	Label	USER_DEFINED
00404258	PushCName	Label	USER_DEFINED
00404282	@90	Label	USER_DEFINED
00404288	PopCName	Label	USER_DEFINED
00404292	@90	Label	USER_DEFINED
00404294	MFSOpen	Label	USER_DEFINED
004042aa	LAB_004042aa	Label	DEFAULT
004042cc	LAB_004042cc	Label	DEFAULT
004042d6	???	Label	USER_DEFINED
004042da	LAB_004042da	Label	DEFAULT
004042de	MFSCreate	Label	USER_DEFINED
004042e4	LAB_004042e4	Label	DEFAULT
004042f0	LAB_004042f0	Label	DEFAULT
004042f2	LAB_004042f2	Label	DEFAULT
004042f6	LAB_004042f6	Label	DEFAULT
00404304	LAB_00404304	Label	DEFAULT
0040432c	LAB_0040432c	Label	DEFAULT
00404332	LAB_00404332	Label	DEFAULT
00404340	MFSCtlFlush	Label	USER_DEFINED
0040434e	SUB_0040434e	Label	DEFAULT
0040435e	LAB_0040435e	Label	DEFAULT
00404362	LAB_00404362	Label	DEFAULT
00404366	LAB_00404366	Label	DEFAULT
00404370	LAB_00404370	Label	DEFAULT
00404388	LAB_00404388	Label	DEFAULT
0040438a	GtNxEntry	Label	USER_DEFINED
004043a0	Gt1stWDCB	Label	USER_DEFINED
004043a8	GtNxtWDCB	Label	USER_DEFINED
004043b0	SUB_004043b0	Label	DEFAULT
004043b2	LAB_004043b2	Label	DEFAULT
004043b8	SUB_004043b8	Label	DEFAULT
004043c0	LAB_004043c0	Label	DEFAULT
004043c2	SUB_004043c2	Label	DEFAULT
004043cc	LAB_004043cc	Label	DEFAULT
004043d8	LAB_004043d8	Label	DEFAULT
004043da	LAB_004043da	Label	DEFAULT
004043e0	LAB_004043e0	Label	DEFAULT
004043e8	SUB_004043e8	Label	DEFAULT
004043f8	LAB_004043f8	Label	DEFAULT
00404400	LAB_00404400	Label	DEFAULT
00404404	LAB_00404404	Label	DEFAULT
0040440c	Delete	Label	USER_DEFINED
0040443c	LAB_0040443c	Label	DEFAULT
0040444a	LAB_0040444a	Label	DEFAULT
0040444c	LAB_0040444c	Label	DEFAULT
0040446a	LAB_0040446a	Label	DEFAULT
0040447e	LAB_0040447e	Label	DEFAULT
00404482	Rename	Label	USER_DEFINED
00404498	&?InRename	Label	USER_DEFINED
004044b0	BadNewNam	Label	USER_DEFINED
004044b2	RNmExit	Label	USER_DEFINED
004044ba	@5	Label	USER_DEFINED
004044be	NmOK	Label	USER_DEFINED
0040452a	@5	Label	USER_DEFINED
0040452c	@10	Label	USER_DEFINED
00404538	@30	Label	USER_DEFINED
00404574	@checkName	Label	USER_DEFINED
0040457c	LAB_0040457c	Label	DEFAULT
004045cc	@100	Label	USER_DEFINED
004045e8	RNmEx1	Label	USER_DEFINED
004045ec	RNmVol	Label	USER_DEFINED
004045f8	RNmVol1	Label	USER_DEFINED
0040460e	SUB_0040460e	Label	DEFAULT
00404630	switchD_00402870::caseD_5	Label	ANALYSIS
00404658	LAB_00404658	Label	DEFAULT
0040465a	LAB_0040465a	Label	DEFAULT
0040465e	LAB_0040465e	Label	DEFAULT
00404684	LAB_00404684	Label	DEFAULT
004046c6	LAB_004046c6	Label	DEFAULT
004046d2	LAB_004046d2	Label	DEFAULT
00404708	LAB_00404708	Label	DEFAULT
0040470c	LAB_0040470c	Label	DEFAULT
00404718	LAB_00404718	Label	DEFAULT
00404726	LAB_00404726	Label	DEFAULT
0040472c	LAB_0040472c	Label	DEFAULT
00404762	LAB_00404762	Label	DEFAULT
00404766	SUB_00404766	Label	DEFAULT
00404776	SUB_00404776	Label	DEFAULT
0040478e	LAB_0040478e	Label	DEFAULT
00404796	LAB_00404796	Label	DEFAULT
004047a2	MFSRename	Label	USER_DEFINED
004047c2	LAB_004047c2	Label	DEFAULT
004047c8	LAB_004047c8	Label	DEFAULT
004047dc	LAB_004047dc	Label	DEFAULT
004047f4	LAB_004047f4	Label	DEFAULT
00404804	LAB_00404804	Label	DEFAULT
00404816	LAB_00404816	Label	DEFAULT
0040481a	LAB_0040481a	Label	DEFAULT
0040482a	LAB_0040482a	Label	DEFAULT
0040482c	LAB_0040482c	Label	DEFAULT
00404838	SUB_00404838	Label	DEFAULT
00404846	LAB_00404846	Label	DEFAULT
00404850	LAB_00404850	Label	DEFAULT
00404852	SetFilType	Label	USER_DEFINED
00404874	@1	Label	USER_DEFINED
00404886	@2	Label	USER_DEFINED
0040488a	SetFilLock	Label	USER_DEFINED
00404894	RstFilLock	Label	USER_DEFINED
0040489c	SRFLck	Label	USER_DEFINED
004048c0	@1	Label	USER_DEFINED
004048c8	SRFLXit1	Label	USER_DEFINED
004048d0	SRFLXit2	Label	USER_DEFINED
004048d2	SRFLXit3	Label	USER_DEFINED
004048d6	SetFileInfo	Label	USER_DEFINED
00404908	SetCatInfo	Label	USER_DEFINED
00404948	@10	Label	USER_DEFINED
00404974	@90	Label	USER_DEFINED
00404976	SetCatIExit	Label	USER_DEFINED
0040497a	CkFilMod	Label	USER_DEFINED
0040498a	@1	Label	USER_DEFINED
00404990	FndFilName	Label	USER_DEFINED
00404996	vFndFilName	Label	USER_DEFINED
0040499c	FndFNRTS	Label	USER_DEFINED
0040499e	FndWDChk	Label	USER_DEFINED
004049ac	@2	Label	USER_DEFINED
004049b8	@3	Label	USER_DEFINED
004049ca	FndFN2	Label	USER_DEFINED
004049e2	@1	Label	USER_DEFINED
004049e6	@2	Label	USER_DEFINED
00404a00	@25	Label	USER_DEFINED
00404a04	@3	Label	USER_DEFINED
00404a18	@5	Label	USER_DEFINED
00404a1a	@6	Label	USER_DEFINED
00404a7e	@8	Label	USER_DEFINED
00404a98	@10	Label	USER_DEFINED
00404aa2	@20	Label	USER_DEFINED
00404aaa	@40	Label	USER_DEFINED
00404ab0	FNDFNErr	Label	USER_DEFINED
00404aba	ExtOffLinCk	Label	USER_DEFINED
00404ac8	@1	Label	USER_DEFINED
00404ad0	GetCatInfo	Label	USER_DEFINED
00404ae2	GetFileInfo	Label	USER_DEFINED
00404aec	FndCatEntry	Label	USER_DEFINED
00404b08	@1	Label	USER_DEFINED
00404b1c	GetDirInfo	Label	USER_DEFINED
00404b1e	GFIByIndx	Label	USER_DEFINED
00404b40	@3	Label	USER_DEFINED
00404b54	@10	Label	USER_DEFINED
00404b6c	fakeRoot	Label	USER_DEFINED
00404b72	@0	Label	USER_DEFINED
00404bb8	GFIOK	Label	USER_DEFINED
00404bbe	retDirInfo	Label	USER_DEFINED
00404bdc	@13	Label	USER_DEFINED
00404c02	@15	Label	USER_DEFINED
00404c0a	@19	Label	USER_DEFINED
00404c0e	@20	Label	USER_DEFINED
00404c2a	LookupErr	Label	USER_DEFINED
00404c34	GFInfErr	Label	USER_DEFINED
00404c36	GFIExit	Label	USER_DEFINED
00404c3a	GetCatOff	Label	USER_DEFINED
00404c48	LAB_00404c48	Label	DEFAULT
00404c4a	GotIndFile	Label	USER_DEFINED
00404c62	@1	Label	USER_DEFINED
00404c68	XferFInfo	Label	USER_DEFINED
00404c80	@1	Label	USER_DEFINED
00404c8c	CkFilStatus	Label	USER_DEFINED
00404ca4	@0	Label	USER_DEFINED
00404caa	@1	Label	USER_DEFINED
00404cba	@3	Label	USER_DEFINED
00404cc0	@5	Label	USER_DEFINED
00404ccc	@7	Label	USER_DEFINED
00404cda	@10	Label	USER_DEFINED
00404ce0	XferCInfo	Label	USER_DEFINED
00404cf0	@1	Label	USER_DEFINED
00404d12	@50	Label	USER_DEFINED
00404d66	SetMFlType	Label	USER_DEFINED
00404d6e	ChgMFlLock	Label	USER_DEFINED
00404d7c	@1	Label	USER_DEFINED
00404d82	SRMFXit1	Label	USER_DEFINED
00404d8c	SRMFXit2	Label	USER_DEFINED
00404d92	SetMFlInfo	Label	USER_DEFINED
00404dac	FndMFSFile	Label	USER_DEFINED
00404db6	@10	Label	USER_DEFINED
00404dc0	mfFNLoop	Label	USER_DEFINED
00404dc8	MFNFound	Label	USER_DEFINED
00404dcc	scn4MNam	Label	USER_DEFINED
00404dd0	@1	Label	USER_DEFINED
00404df6	@2	Label	USER_DEFINED
00404e02	@3	Label	USER_DEFINED
00404e08	@4	Label	USER_DEFINED
00404e0e	mfFNExit	Label	USER_DEFINED
00404e10	GtMFlIBI	Label	USER_DEFINED
00404e30	@0	Label	USER_DEFINED
00404e32	@1	Label	USER_DEFINED
00404e46	@2	Label	USER_DEFINED
00404e5a	@3	Label	USER_DEFINED
00404e5e	GMFINFErr	Label	USER_DEFINED
00404e64	GotMIndFile	Label	USER_DEFINED
00404e76	@1	Label	USER_DEFINED
00404e7c	GetMFlInfo	Label	USER_DEFINED
00404e7c	XferMFInfo	Label	USER_DEFINED
00404e84	@1	Label	USER_DEFINED
00404eac	@2	Label	USER_DEFINED
00404eb4	@3	Label	USER_DEFINED
00404eb8	TFSBitTst	Label	USER_DEFINED
00404ec2	TFSVolTst	Label	USER_DEFINED
00404ec6	TFSVCBTst	Label	USER_DEFINED
00404ece	Seek	Label	USER_DEFINED
00404ef2	PM3	Label	USER_DEFINED
00404ef6	PM01	Label	USER_DEFINED
00404efa	SkExit	Label	USER_DEFINED
00404f00	@1	Label	USER_DEFINED
00404f08	@2	Label	USER_DEFINED
00404f0e	SkExitRTS	Label	USER_DEFINED
00404f10	GetFPos	Label	USER_DEFINED
00404f14	SetFPosTrap	Label	USER_DEFINED
00404f14	SetFPos	Label	USER_DEFINED
00404f18	FileRead	Label	USER_DEFINED
00404f32	@1	Label	USER_DEFINED
00404f5a	@2	Label	USER_DEFINED
00404f62	RdPart	Label	USER_DEFINED
00404f76	RdMain	Label	USER_DEFINED
00404f8e	FRdOK	Label	USER_DEFINED
00404f90	FRdExit	Label	USER_DEFINED
00404f9e	FRdEOFXit	Label	USER_DEFINED
00404fa0	FRdExit0	Label	USER_DEFINED
00404fa8	FRdExit1	Label	USER_DEFINED
00404fac	FRNewLine	Label	USER_DEFINED
00404fbe	@10	Label	USER_DEFINED
00404fda	@20	Label	USER_DEFINED
00404fe4	PreRdFileBlk	Label	USER_DEFINED
00404fee	RdFileBlk	Label	USER_DEFINED
00404ffa	RdFileB1	Label	USER_DEFINED
00405006	ReadBlock	Label	USER_DEFINED
0040502a	FileWrite	Label	USER_DEFINED
00405040	@1	Label	USER_DEFINED
00405060	@2	Label	USER_DEFINED
00405062	@3	Label	USER_DEFINED
0040506a	SameLen	Label	USER_DEFINED
00405072	WrPart	Label	USER_DEFINED
00405080	WrMain	Label	USER_DEFINED
00405096	FWrOK	Label	USER_DEFINED
00405098	FWrExit	Label	USER_DEFINED
004050a0	FWrExit0	Label	USER_DEFINED
004050a6	FWrExit1	Label	USER_DEFINED
004050aa	UpdteCntPos	Label	USER_DEFINED
004050b4	DoPart	Label	USER_DEFINED
004050c2	@1	Label	USER_DEFINED
004050de	@2	Label	USER_DEFINED
004050e6	@3	Label	USER_DEFINED
004050e8	@4	Label	USER_DEFINED
004050ee	@5	Label	USER_DEFINED
004050f2	@6	Label	USER_DEFINED
004050fc	MFSRd1stDB	Label	USER_DEFINED
0040510c	MFSRdNxtDB	Label	USER_DEFINED
0040511c	MFSDirRead	Label	USER_DEFINED
0040512a	MFSVolRead	Label	USER_DEFINED
00405130	MFSMapRead	Label	USER_DEFINED
00405136	MFSMapR1	Label	USER_DEFINED
0040513a	MFSMapR2	Label	USER_DEFINED
00405144	FlushFile	Label	USER_DEFINED
0040514e	DoClosePop	Label	USER_DEFINED
00405156	FlCls1	Label	USER_DEFINED
00405162	@1	Label	USER_DEFINED
00405164	ClsExit	Label	USER_DEFINED
00405168	FClose	Label	USER_DEFINED
0040518a	@1	Label	USER_DEFINED
0040518e	@2	Label	USER_DEFINED
00405192	ResetAEOF	Label	USER_DEFINED
004051e4	@1	Label	USER_DEFINED
004051ec	updFlCat	Label	USER_DEFINED
0040521c	@1	Label	USER_DEFINED
004052a4	@2	Label	USER_DEFINED
004052a8	FlFilBuf	Label	USER_DEFINED
004052aa	FlFilBErr	Label	USER_DEFINED
004052ba	@1	Label	USER_DEFINED
004052cc	@2	Label	USER_DEFINED
004052d0	FlDone	Label	USER_DEFINED
004052dc	@1	Label	USER_DEFINED
004052e2	fClsDn	Label	USER_DEFINED
004052ec	MFSClose	Label	USER_DEFINED
00405304	@1	Label	USER_DEFINED
00405314	@2	Label	USER_DEFINED
00405326	UpDatFlNtry	Label	USER_DEFINED
00405336	@1	Label	USER_DEFINED
00405340	GetEOF	Label	USER_DEFINED
0040534e	@1	Label	USER_DEFINED
00405352	RfNCall	Label	USER_DEFINED
00405358	vRfNCall	Label	USER_DEFINED
00405376	@1	Label	USER_DEFINED
0040537a	CkFileRfn	Label	USER_DEFINED
00405398	@2	Label	USER_DEFINED
0040539c	TstMod	Label	USER_DEFINED
004053ae	TMExit	Label	USER_DEFINED
004053b2	GetFCBInfo	Label	USER_DEFINED
004053f8	@80	Label	USER_DEFINED
00405402	@95	Label	USER_DEFINED
00405406	FndFCB?	Label	USER_DEFINED
0040542a	LAB_0040542a	Label	DEFAULT
0040542e	LAB_0040542e	Label	DEFAULT
00405446	LAB_00405446	Label	DEFAULT
00405450	LAB_00405450	Label	DEFAULT
00405454	LAB_00405454	Label	DEFAULT
0040545e	LAB_0040545e	Label	DEFAULT
00405462	LAB_00405462	Label	DEFAULT
00405466	switchD_00402870::caseD_10	Label	ANALYSIS
00405466	switchD_00402870::caseD_11	Label	ANALYSIS
00405472	LAB_00405472	Label	DEFAULT
00405476	SUB_00405476	Label	DEFAULT
00405488	LAB_00405488	Label	DEFAULT
0040548e	Allocate	Label	USER_DEFINED
004054a8	&FAllocCall	Label	USER_DEFINED
004054aa	LAB_004054aa	Label	DEFAULT
004054bc	LAB_004054bc	Label	DEFAULT
004054c0	SetEOF	Label	USER_DEFINED
004054d8	LAB_004054d8	Label	DEFAULT
004054e4	LAB_004054e4	Label	DEFAULT
004054f2	LAB_004054f2	Label	DEFAULT
004054f8	LAB_004054f8	Label	DEFAULT
004054fc	LAB_004054fc	Label	DEFAULT
00405512	LAB_00405512	Label	DEFAULT
00405528	LAB_00405528	Label	DEFAULT
00405530	AdjEOF	Label	USER_DEFINED
00405536	vAdjEOF	Label	USER_DEFINED
00405558	LAB_00405558	Label	DEFAULT
00405572	LAB_00405572	Label	DEFAULT
00405578	LAB_00405578	Label	DEFAULT
0040557e	LAB_0040557e	Label	DEFAULT
00405592	LAB_00405592	Label	DEFAULT
00405594	LAB_00405594	Label	DEFAULT
004055b0	LAB_004055b0	Label	DEFAULT
004055be	Alloc	Label	USER_DEFINED
004055ce	LAB_004055ce	Label	DEFAULT
004055d4	LAB_004055d4	Label	DEFAULT
004055e0	Lg2Phys	Label	USER_DEFINED
004055e6	vLg2Phys	Label	USER_DEFINED
004055f0	@0	Label	USER_DEFINED
0040560e	@1	Label	USER_DEFINED
00405616	@2	Label	USER_DEFINED
00405628	L2PPrt2	Label	USER_DEFINED
0040563c	@0	Label	USER_DEFINED
00405660	@1	Label	USER_DEFINED
00405664	@2	Label	USER_DEFINED
0040566e	GtNxBlk	Label	USER_DEFINED
0040569a	MFSAlloc	Label	USER_DEFINED
0040569c	AllocSt	Label	USER_DEFINED
004056b0	@1	Label	USER_DEFINED
004056b6	AllocXit	Label	USER_DEFINED
004056bc	FigEndBlk	Label	USER_DEFINED
004056d8	LAB_004056d8	Label	DEFAULT
004056da	@2	Label	USER_DEFINED
004056e2	LAB_004056e2	Label	DEFAULT
004056f6	LAB_004056f6	Label	DEFAULT
00405700	LAB_00405700	Label	DEFAULT
00405718	LAB_00405718	Label	DEFAULT
0040571c	GetFreeBk	Label	USER_DEFINED
0040572c	@1	Label	USER_DEFINED
00405742	Scan4Free	Label	USER_DEFINED
00405752	@1	Label	USER_DEFINED
00405758	@2	Label	USER_DEFINED
00405768	@3	Label	USER_DEFINED
0040576c	NotFree	Label	USER_DEFINED
00405772	NF1	Label	USER_DEFINED
00405776	GtFreeXit	Label	USER_DEFINED
0040577e	SubMrk	Label	USER_DEFINED
004057b6	DAlBlks	Label	USER_DEFINED
004057ba	@1	Label	USER_DEFINED
004057d4	DAlDone	Label	USER_DEFINED
004057d6	BlkAlloc	Label	USER_DEFINED
004057dc	vBlkAlloc	Label	USER_DEFINED
004057fa	@1	Label	USER_DEFINED
00405804	blkLoop	Label	USER_DEFINED
00405812	@1	Label	USER_DEFINED
0040582a	@2	Label	USER_DEFINED
0040583a	bkAlFree	Label	USER_DEFINED
0040585c	@1	Label	USER_DEFINED
00405876	@2	Label	USER_DEFINED
0040588a	@3	Label	USER_DEFINED
0040589e	@4	Label	USER_DEFINED
004058a8	LAB_004058a8	Label	DEFAULT
004058ba	bkAllocDoIt	Label	USER_DEFINED
004058d0	@1	Label	USER_DEFINED
00405900	BkAllocOK	Label	USER_DEFINED
00405910	@1	Label	USER_DEFINED
00405914	@2	Label	USER_DEFINED
00405922	bkAllocExit	Label	USER_DEFINED
0040592c	bkAllocFull	Label	USER_DEFINED
00405932	BlkDeAlloc	Label	USER_DEFINED
00405938	vBlkDeAlloc	Label	USER_DEFINED
00405948	@10	Label	USER_DEFINED
00405966	@90	Label	USER_DEFINED
0040596e	@95	Label	USER_DEFINED
00405978	BlkChk	Label	USER_DEFINED
00405984	@5	Label	USER_DEFINED
00405994	@10	Label	USER_DEFINED
004059a0	@30	Label	USER_DEFINED
004059b0	@50	Label	USER_DEFINED
004059ba	@60	Label	USER_DEFINED
004059c6	@90	Label	USER_DEFINED
004059c8	@95	Label	USER_DEFINED
004059d2	UpdateFree	Label	USER_DEFINED
004059e4	@1	Label	USER_DEFINED
004059ee	@2	Label	USER_DEFINED
004059f8	@3	Label	USER_DEFINED
004059fc	@9	Label	USER_DEFINED
00405a04	ReadBM	Label	USER_DEFINED
00405a24	@10	Label	USER_DEFINED
00405a30	@99	Label	USER_DEFINED
00405a34	NextBit	Label	USER_DEFINED
00405a3e	NxtBitRTS	Label	USER_DEFINED
00405a42	FrBitScan	Label	USER_DEFINED
00405a48	@0	Label	USER_DEFINED
00405a58	@10	Label	USER_DEFINED
00405a5c	NextWord	Label	USER_DEFINED
00405a76	LAB_00405a76	Label	DEFAULT
00405a78	LAB_00405a78	Label	DEFAULT
00405a7e	LAB_00405a7e	Label	DEFAULT
00405a82	GetBMBlk	Label	USER_DEFINED
00405aa8	DeallocFile	Label	USER_DEFINED
00405aae	vDeallocFile	Label	USER_DEFINED
00405abe	DFFkLoop	Label	USER_DEFINED
00405ada	@1	Label	USER_DEFINED
00405af0	@2	Label	USER_DEFINED
00405af6	DFRecLoop	Label	USER_DEFINED
00405b1e	DFCopyRec	Label	USER_DEFINED
00405b24	@1	Label	USER_DEFINED
00405b30	DFRelExt	Label	USER_DEFINED
00405b4a	DFDelRec	Label	USER_DEFINED
00405b5e	@1	Label	USER_DEFINED
00405b62	DFNxtFork	Label	USER_DEFINED
00405b6e	DFExit1	Label	USER_DEFINED
00405b7c	ExtendFile	Label	USER_DEFINED
00405b82	vExtendFile	Label	USER_DEFINED
00405b98	@1	Label	USER_DEFINED
00405bc8	@2	Label	USER_DEFINED
00405bec	EFAddSpace	Label	USER_DEFINED
00405bf4	@1	Label	USER_DEFINED
00405c1c	EFExtExt	Label	USER_DEFINED
00405c26	EFAddExt	Label	USER_DEFINED
00405c34	@1	Label	USER_DEFINED
00405c3c	EFUpdExt	Label	USER_DEFINED
00405c4a	EFNewRec	Label	USER_DEFINED
00405c58	@1	Label	USER_DEFINED
00405c7e	@2	Label	USER_DEFINED
00405ca8	EFUpdFCB	Label	USER_DEFINED
00405cc2	EFExit	Label	USER_DEFINED
00405cc8	EFExit1	Label	USER_DEFINED
00405cde	FXMKeyCmp	Label	USER_DEFINED
00405d0a	KCIsLT	Label	USER_DEFINED
00405d10	KCIsGT	Label	USER_DEFINED
00405d14	KCExit	Label	USER_DEFINED
00405d1c	MapFBlock	Label	USER_DEFINED
00405d4c	@1	Label	USER_DEFINED
00405d78	&ContinueMapFBlock	Label	USER_DEFINED
00405d88	mFBlockOK	Label	USER_DEFINED
00405d8a	MFExit	Label	USER_DEFINED
00405d98	TruncateFile	Label	USER_DEFINED
00405d9e	vTruncateFile	Label	USER_DEFINED
00405de0	@1	Label	USER_DEFINED
00405e04	TFTrunPEOF	Label	USER_DEFINED
00405e24	@1	Label	USER_DEFINED
00405e36	TFLoop	Label	USER_DEFINED
00405e5e	@1	Label	USER_DEFINED
00405e66	@2	Label	USER_DEFINED
00405e74	TFRelExt	Label	USER_DEFINED
00405e76	TFRelNxt	Label	USER_DEFINED
00405e8c	TFRelRExt	Label	USER_DEFINED
00405e94	TFUpdRec	Label	USER_DEFINED
00405ea2	@1	Label	USER_DEFINED
00405eb0	@2	Label	USER_DEFINED
00405eb4	TFExit	Label	USER_DEFINED
00405eb8	TFExit1	Label	USER_DEFINED
00405ec6	FXSetUp	Label	USER_DEFINED
00405ed0	XFFlush	Label	USER_DEFINED
00405ef8	FFExit	Label	USER_DEFINED
00405efa	FFExit1	Label	USER_DEFINED
00405f04	XFSearch	Label	USER_DEFINED
00405f82	@1	Label	USER_DEFINED
00405f8e	FSMissed	Label	USER_DEFINED
00405f9e	FSCopyRec	Label	USER_DEFINED
00405fa6	@1	Label	USER_DEFINED
00405fb4	@2	Label	USER_DEFINED
00405fce	FSExit	Label	USER_DEFINED
00405fd0	FSExit1	Label	USER_DEFINED
00405fda	XRSearch	Label	USER_DEFINED
00405fe0	@1	Label	USER_DEFINED
00405ff4	@2	Label	USER_DEFINED
00405ffa	@3	Label	USER_DEFINED
00405ffe	RSExit	Label	USER_DEFINED
00406000	RSExit1	Label	USER_DEFINED
00406006	XRUpdate	Label	USER_DEFINED
00406018	RUUpdFile	Label	USER_DEFINED
00406028	@2	Label	USER_DEFINED
00406038	RUExit	Label	USER_DEFINED
0040603a	RUExit1	Label	USER_DEFINED
00406044	CMCreateCN	Label	USER_DEFINED
00406078	@2	Label	USER_DEFINED
004060a2	@3	Label	USER_DEFINED
004060be	CCAddRec	Label	USER_DEFINED
004060d8	@1	Label	USER_DEFINED
004060da	CCBldThd	Label	USER_DEFINED
004060f2	@1	Label	USER_DEFINED
00406144	CCUpdPar	Label	USER_DEFINED
0040617c	CCExit1	Label	USER_DEFINED
0040618a	CMDeleteCN	Label	USER_DEFINED
004061c4	@1	Label	USER_DEFINED
004061ce	DCDelete	Label	USER_DEFINED
004061f6	DCUpdPar	Label	USER_DEFINED
0040622a	DCExit1	Label	USER_DEFINED
00406238	CMGetCN	Label	USER_DEFINED
00406258	CMGetOff	Label	USER_DEFINED
00406270	@1	Label	USER_DEFINED
00406286	GOGetOff	Label	USER_DEFINED
0040629c	@1	Label	USER_DEFINED
0040629e	@2	Label	USER_DEFINED
004062a4	@3	Label	USER_DEFINED
004062ae	GOExit	Label	USER_DEFINED
004062bc	CMMoveCN	Label	USER_DEFINED
004062e8	LAB_004062e8	Label	DEFAULT
00406304	LAB_00406304	Label	DEFAULT
00406318	LAB_00406318	Label	DEFAULT
00406336	LAB_00406336	Label	DEFAULT
0040633e	LAB_0040633e	Label	DEFAULT
00406358	LAB_00406358	Label	DEFAULT
0040638c	LAB_0040638c	Label	DEFAULT
004063a4	LAB_004063a4	Label	DEFAULT
0040641a	LAB_0040641a	Label	DEFAULT
00406448	LAB_00406448	Label	DEFAULT
00406454	MCExit1	Label	USER_DEFINED
00406462	CMRenameCN	Label	USER_DEFINED
004064e6	@1	Label	USER_DEFINED
004064f0	@2	Label	USER_DEFINED
004064f4	RCReplace	Label	USER_DEFINED
0040650a	RCDelOld	Label	USER_DEFINED
00406528	RCUpdThd	Label	USER_DEFINED
00406552	RCUpdDThd	Label	USER_DEFINED
0040655e	RCExit1	Label	USER_DEFINED
0040656c	CMUpdateCN	Label	USER_DEFINED
0040658a	UCExit	Label	USER_DEFINED
00406592	UCExit1	Label	USER_DEFINED
004065a0	CMSetUp	Label	USER_DEFINED
004065a6	vCMSetUp	Label	USER_DEFINED
004065ae	UpdVCnts	Label	USER_DEFINED
004065ba	@1	Label	USER_DEFINED
004065be	UpdRtCnts	Label	USER_DEFINED
004065d2	@1	Label	USER_DEFINED
004065d6	@2	Label	USER_DEFINED
004065d8	BuildKey	Label	USER_DEFINED
00406600	BKExit	Label	USER_DEFINED
00406606	CMFlush	Label	USER_DEFINED
0040662e	CFExit	Label	USER_DEFINED
00406630	CFExit1	Label	USER_DEFINED
0040663a	CMKeyCmp	Label	USER_DEFINED
00406666	LAB_00406666	Label	DEFAULT
0040666a	LAB_0040666a	Label	DEFAULT
0040666e	LAB_0040666e	Label	DEFAULT
00406670	KCExit	Label	USER_DEFINED
00406678	LocCNode	Label	USER_DEFINED
00406692	LAB_00406692	Label	DEFAULT
00406698	LocCRec	Label	USER_DEFINED
004066a6	LAB_004066a6	Label	DEFAULT
004066bc	LAB_004066bc	Label	DEFAULT
004066c2	UpdCName	Label	USER_DEFINED
004066d2	LAB_004066d2	Label	DEFAULT
004066dc	BTClose	Label	USER_DEFINED
004066e2	vBTClose	Label	USER_DEFINED
00406712	LAB_00406712	Label	DEFAULT
0040671c	BTDelete	Label	USER_DEFINED
00406722	vBTDelete	Label	USER_DEFINED
00406740	LAB_00406740	Label	DEFAULT
00406758	LAB_00406758	Label	DEFAULT
00406764	LAB_00406764	Label	DEFAULT
00406784	LAB_00406784	Label	DEFAULT
004067a0	LAB_004067a0	Label	DEFAULT
004067b2	LAB_004067b2	Label	DEFAULT
004067bc	LAB_004067bc	Label	DEFAULT
004067e4	LAB_004067e4	Label	DEFAULT
004067fa	LAB_004067fa	Label	DEFAULT
0040680a	&BDGetParent	Label	USER_DEFINED
0040683c	LAB_0040683c	Label	DEFAULT
00406852	LAB_00406852	Label	DEFAULT
0040685a	LAB_0040685a	Label	DEFAULT
00406868	BDUpdDepth	Label	USER_DEFINED
004068a2	BDExit	Label	USER_DEFINED
004068a8	BDExit1	Label	USER_DEFINED
004068c2	BTFlush	Label	USER_DEFINED
004068c8	vBTFlush	Label	USER_DEFINED
00406900	LAB_00406900	Label	DEFAULT
00406910	LAB_00406910	Label	DEFAULT
0040691e	LAB_0040691e	Label	DEFAULT
00406928	BTGetRecord	Label	USER_DEFINED
0040692e	vBTGetRecord	Label	USER_DEFINED
0040694a	LAB_0040694a	Label	DEFAULT
0040694c	LAB_0040694c	Label	DEFAULT
00406952	LAB_00406952	Label	DEFAULT
00406968	LAB_00406968	Label	DEFAULT
0040696e	LAB_0040696e	Label	DEFAULT
00406982	LAB_00406982	Label	DEFAULT
00406984	LAB_00406984	Label	DEFAULT
00406992	LAB_00406992	Label	DEFAULT
004069a4	LAB_004069a4	Label	DEFAULT
004069c0	SUB_004069c0	Label	DEFAULT
004069d2	LAB_004069d2	Label	DEFAULT
004069d8	SUB_004069d8	Label	DEFAULT
004069ea	BTInsert	Label	USER_DEFINED
004069f0	vBTInsert	Label	USER_DEFINED
00406a0c	LAB_00406a0c	Label	DEFAULT
00406a1a	LAB_00406a1a	Label	DEFAULT
00406a5e	LAB_00406a5e	Label	DEFAULT
00406aa8	LAB_00406aa8	Label	DEFAULT
00406ac0	LAB_00406ac0	Label	DEFAULT
00406ae0	LAB_00406ae0	Label	DEFAULT
00406af2	LAB_00406af2	Label	DEFAULT
00406af6	LAB_00406af6	Label	DEFAULT
00406b02	LAB_00406b02	Label	DEFAULT
00406b28	LAB_00406b28	Label	DEFAULT
00406b2c	LAB_00406b2c	Label	DEFAULT
00406b3a	LAB_00406b3a	Label	DEFAULT
00406b8e	LAB_00406b8e	Label	DEFAULT
00406ba8	LAB_00406ba8	Label	DEFAULT
00406bd4	LAB_00406bd4	Label	DEFAULT
00406c54	LAB_00406c54	Label	DEFAULT
00406c5a	LAB_00406c5a	Label	DEFAULT
00406c80	LAB_00406c80	Label	DEFAULT
00406c8a	SUB_00406c8a	Label	DEFAULT
00406c90	vBTOpen	Label	USER_DEFINED
00406d16	LAB_00406d16	Label	DEFAULT
00406d1a	LAB_00406d1a	Label	DEFAULT
00406d26	LAB_00406d26	Label	DEFAULT
00406d2e	LAB_00406d2e	Label	DEFAULT
00406d3e	LAB_00406d3e	Label	DEFAULT
00406d40	LAB_00406d40	Label	DEFAULT
00406d4a	BTSearch	Label	USER_DEFINED
00406d50	vBTSEARCH	Label	USER_DEFINED
00406d84	LAB_00406d84	Label	DEFAULT
00406d8e	LAB_00406d8e	Label	DEFAULT
00406d9e	LAB_00406d9e	Label	DEFAULT
00406db6	LAB_00406db6	Label	DEFAULT
00406dc8	LAB_00406dc8	Label	DEFAULT
00406dd6	BTUpdate	Label	USER_DEFINED
00406ddc	vBTUpdate	Label	USER_DEFINED
00406df8	LAB_00406df8	Label	DEFAULT
00406e02	SUB_00406e02	Label	DEFAULT
00406e10	SUB_00406e10	Label	DEFAULT
00406e2e	SUB_00406e2e	Label	DEFAULT
00406e38	SUB_00406e38	Label	DEFAULT
00406e3e	AllocNode	Label	USER_DEFINED
00406e48	LAB_00406e48	Label	DEFAULT
00406e58	LAB_00406e58	Label	DEFAULT
00406e60	LAB_00406e60	Label	DEFAULT
00406e76	LAB_00406e76	Label	DEFAULT
00406e7a	LAB_00406e7a	Label	DEFAULT
00406e82	LAB_00406e82	Label	DEFAULT
00406eae	LAB_00406eae	Label	DEFAULT
00406ec4	LAB_00406ec4	Label	DEFAULT
00406ece	SUB_00406ece	Label	DEFAULT
00406ed4	ExtBTFile	Label	USER_DEFINED
00406ef0	&ExtBTCall	Label	USER_DEFINED
00406f00	LAB_00406f00	Label	DEFAULT
00406f1e	LAB_00406f1e	Label	DEFAULT
00406f36	LAB_00406f36	Label	DEFAULT
00406f56	LAB_00406f56	Label	DEFAULT
00406f94	LAB_00406f94	Label	DEFAULT
00406f9a	LAB_00406f9a	Label	DEFAULT
00406faa	LAB_00406faa	Label	DEFAULT
00406fb4	SUB_00406fb4	Label	DEFAULT
00406fba	FreeNode	Label	USER_DEFINED
00406fc4	LAB_00406fc4	Label	DEFAULT
00406ffc	LAB_00406ffc	Label	DEFAULT
00407006	SUB_00407006	Label	DEFAULT
0040701e	LAB_0040701e	Label	DEFAULT
00407034	LAB_00407034	Label	DEFAULT
0040704c	LAB_0040704c	Label	DEFAULT
00407052	SUB_00407052	Label	DEFAULT
0040706c	SUB_0040706c	Label	DEFAULT
00407096	LAB_00407096	Label	DEFAULT
0040709e	LAB_0040709e	Label	DEFAULT
004070aa	LAB_004070aa	Label	DEFAULT
004070b0	LAB_004070b0	Label	DEFAULT
004070ca	LAB_004070ca	Label	DEFAULT
004070d6	LAB_004070d6	Label	DEFAULT
004070de	LAB_004070de	Label	DEFAULT
004070e8	LAB_004070e8	Label	DEFAULT
00407100	LAB_00407100	Label	DEFAULT
00407104	LAB_00407104	Label	DEFAULT
0040711e	LAB_0040711e	Label	DEFAULT
00407128	LAB_00407128	Label	DEFAULT
00407130	LAB_00407130	Label	DEFAULT
0040714a	LAB_0040714a	Label	DEFAULT
0040714e	LAB_0040714e	Label	DEFAULT
00407154	LAB_00407154	Label	DEFAULT
0040715c	SUB_0040715c	Label	DEFAULT
0040718e	LAB_0040718e	Label	DEFAULT
004071c8	LAB_004071c8	Label	DEFAULT
004071d6	LAB_004071d6	Label	DEFAULT
004071da	LAB_004071da	Label	DEFAULT
004071e4	SUB_004071e4	Label	DEFAULT
00407202	LAB_00407202	Label	DEFAULT
00407208	LAB_00407208	Label	DEFAULT
00407236	LAB_00407236	Label	DEFAULT
00407258	LAB_00407258	Label	DEFAULT
00407262	LAB_00407262	Label	DEFAULT
0040726c	SUB_0040726c	Label	DEFAULT
00407290	LAB_00407290	Label	DEFAULT
00407298	LAB_00407298	Label	DEFAULT
004072a0	SUB_004072a0	Label	DEFAULT
004072c2	SUB_004072c2	Label	DEFAULT
00407322	LAB_00407322	Label	DEFAULT
00407340	LAB_00407340	Label	DEFAULT
00407344	LAB_00407344	Label	DEFAULT
00407346	LAB_00407346	Label	DEFAULT
0040734e	SUB_0040734e	Label	DEFAULT
0040735e	LAB_0040735e	Label	DEFAULT
0040736a	SUB_0040736a	Label	DEFAULT
004073ba	SUB_004073ba	Label	DEFAULT
004073c4	SUB_004073c4	Label	DEFAULT
004073cc	LAB_004073cc	Label	DEFAULT
004073d6	LAB_004073d6	Label	DEFAULT
004073d8	LAB_004073d8	Label	DEFAULT
004073de	LAB_004073de	Label	DEFAULT
004073ea	LAB_004073ea	Label	DEFAULT
004073ec	LAB_004073ec	Label	DEFAULT
004073f6	SUB_004073f6	Label	DEFAULT
00407402	GetNode	Label	USER_DEFINED
00407408	GetNode	Label	USER_DEFINED
00407432	LAB_00407432	Label	DEFAULT
0040743c	SUB_0040743c	Label	DEFAULT
00407454	SUB_00407454	Label	DEFAULT
0040745c	SUB_0040745c	Label	DEFAULT
0040746e	SUB_0040746e	Label	DEFAULT
0040748a	SUB_0040748a	Label	DEFAULT
004074b2	LAB_004074b2	Label	DEFAULT
004074bc	SUB_004074bc	Label	DEFAULT
004074f0	LAB_004074f0	Label	DEFAULT
00407526	LAB_00407526	Label	DEFAULT
0040752e	SUB_0040752e	Label	DEFAULT
00407538	SUB_00407538	Label	DEFAULT
0040756a	SUB_0040756a	Label	DEFAULT
0040757a	SUB_0040757a	Label	DEFAULT
0040757e	LAB_0040757e	Label	DEFAULT
0040758a	SUB_0040758a	Label	DEFAULT
00407590	LAB_00407590	Label	DEFAULT
0040759a	LAB_0040759a	Label	DEFAULT
004075a0	SUB_004075a0	Label	DEFAULT
004075aa	LAB_004075aa	Label	DEFAULT
004075b0	LAB_004075b0	Label	DEFAULT
004075b6	SUB_004075b6	Label	DEFAULT
004075c4	LAB_004075c4	Label	DEFAULT
004075ca	LAB_004075ca	Label	DEFAULT
004075d0	RelNode	Label	USER_DEFINED
004075d6	vRelNode	Label	USER_DEFINED
004075e2	RNExit	Label	USER_DEFINED
004075ea	SUB_004075ea	Label	DEFAULT
00407602	LAB_00407602	Label	DEFAULT
0040762c	LAB_0040762c	Label	DEFAULT
00407630	LAB_00407630	Label	DEFAULT
00407638	LAB_00407638	Label	DEFAULT
0040763c	LAB_0040763c	Label	DEFAULT
00407646	SUB_00407646	Label	DEFAULT
0040765c	LAB_0040765c	Label	DEFAULT
0040765e	LAB_0040765e	Label	DEFAULT
00407662	LAB_00407662	Label	DEFAULT
00407668	SUB_00407668	Label	DEFAULT
00407682	LAB_00407682	Label	DEFAULT
00407684	LAB_00407684	Label	DEFAULT
0040768e	LAB_0040768e	Label	DEFAULT
00407690	LAB_00407690	Label	DEFAULT
00407694	LAB_00407694	Label	DEFAULT
0040769a	SUB_0040769a	Label	DEFAULT
004076a6	LAB_004076a6	Label	DEFAULT
004076a8	SUB_004076a8	Label	DEFAULT
004076c4	LAB_004076c4	Label	DEFAULT
004076c6	FlushCache	Label	USER_DEFINED
004076cc	vFlushCache	Label	USER_DEFINED
004076e4	LAB_004076e4	Label	DEFAULT
00407702	LAB_00407702	Label	DEFAULT
00407706	LAB_00407706	Label	DEFAULT
00407712	LAB_00407712	Label	DEFAULT
00407730	LAB_00407730	Label	DEFAULT
00407732	LAB_00407732	Label	DEFAULT
00407736	LAB_00407736	Label	DEFAULT
00407748	LAB_00407748	Label	DEFAULT
00407766	LAB_00407766	Label	DEFAULT
00407770	LAB_00407770	Label	DEFAULT
0040777e	LAB_0040777e	Label	DEFAULT
00407790	LAB_00407790	Label	DEFAULT
004077a4	LAB_004077a4	Label	DEFAULT
004077b0	GetBlock	Label	USER_DEFINED
004077b6	vGetBlock	Label	USER_DEFINED
004077dc	LAB_004077dc	Label	DEFAULT
00407806	LAB_00407806	Label	DEFAULT
0040781c	LAB_0040781c	Label	DEFAULT
00407864	LAB_00407864	Label	DEFAULT
0040786c	LAB_0040786c	Label	DEFAULT
00407874	LAB_00407874	Label	DEFAULT
00407886	LAB_00407886	Label	DEFAULT
00407898	LAB_00407898	Label	DEFAULT
004078ac	LAB_004078ac	Label	DEFAULT
004078b0	LAB_004078b0	Label	DEFAULT
004078bc	LAB_004078bc	Label	DEFAULT
004078d4	LAB_004078d4	Label	DEFAULT
004078f2	LAB_004078f2	Label	DEFAULT
00407908	LAB_00407908	Label	DEFAULT
00407938	LAB_00407938	Label	DEFAULT
00407958	LAB_00407958	Label	DEFAULT
00407962	LAB_00407962	Label	DEFAULT
0040796e	LAB_0040796e	Label	DEFAULT
00407974	LAB_00407974	Label	DEFAULT
0040798a	LAB_0040798a	Label	DEFAULT
00407990	LAB_00407990	Label	DEFAULT
0040799a	SUB_0040799a	Label	DEFAULT
004079ce	LAB_004079ce	Label	DEFAULT
004079de	LAB_004079de	Label	DEFAULT
004079e8	SUB_004079e8	Label	DEFAULT
004079f4	MarkBlock	Label	USER_DEFINED
004079fa	vMarkBlock	Label	USER_DEFINED
00407a02	MarkA5Block	Label	USER_DEFINED
00407a0a	RelBlock	Label	USER_DEFINED
00407a10	vRelBlock	Label	USER_DEFINED
00407a30	@1	Label	USER_DEFINED
00407a3c	@2	Label	USER_DEFINED
00407a50	RBExit	Label	USER_DEFINED
00407a52	RBExit1	Label	USER_DEFINED
00407a5c	SUB_00407a5c	Label	DEFAULT
00407a62	vTrashVBlks	Label	USER_DEFINED
00407a6a	LAB_00407a6a	Label	DEFAULT
00407a84	LAB_00407a84	Label	DEFAULT
00407a8a	SUB_00407a8a	Label	DEFAULT
00407a94	Trashblocks	Label	USER_DEFINED
00407aaa	LAB_00407aaa	Label	DEFAULT
00407ae2	LAB_00407ae2	Label	DEFAULT
00407ae8	vTrashBlocks	Label	USER_DEFINED
00407aee	LAB_00407aee	Label	DEFAULT
00407b1e	LAB_00407b1e	Label	DEFAULT
00407b24	LAB_00407b24	Label	DEFAULT
00407b2a	CacheRdIP	Label	USER_DEFINED
00407b30	vCacheRdIP	Label	USER_DEFINED
00407b54	LAB_00407b54	Label	DEFAULT
00407b56	CacheWrIP	Label	USER_DEFINED
00407b5c	vCacheWrIP	Label	USER_DEFINED
00407b7c	wrIPExit	Label	USER_DEFINED
00407b84	SUB_00407b84	Label	DEFAULT
00407b9a	SUB_00407b9a	Label	DEFAULT
00407bae	SUB_00407bae	Label	DEFAULT
00407bb8	SUB_00407bb8	Label	DEFAULT
00407bc0	WriteBlock	Label	USER_DEFINED
00407bd4	LAB_00407bd4	Label	DEFAULT
00407be2	RWSetUp	Label	USER_DEFINED
00407c14	LAB_00407c14	Label	DEFAULT
00407c1a	vBasicIO	Label	USER_DEFINED
00407c2c	@3	Label	USER_DEFINED
00407c30	rwAsync	Label	USER_DEFINED
00407c46	@1	Label	USER_DEFINED
00407c48	@2	Label	USER_DEFINED
00407c50	@3	Label	USER_DEFINED
00407c58	RWRTS	Label	USER_DEFINED
00407c5a	RWIOComp	Label	USER_DEFINED
00407c62	RWCont	Label	USER_DEFINED
00407c6a	RWCont1	Label	USER_DEFINED
00407c84	@1	Label	USER_DEFINED
00407c86	RWCont2	Label	USER_DEFINED
00407c8c	RdBlocks	Label	USER_DEFINED
00407c92	vRdBlocks	Label	USER_DEFINED
00407c94	LAB_00407c94	Label	DEFAULT
00407cda	WrBlocks	Label	USER_DEFINED
00407ce0	vWrBlocks	Label	USER_DEFINED
00407cec	SetUpTags?	Label	USER_DEFINED
00407cf2	vSetUpTags	Label	USER_DEFINED
00407d12	@1	Label	USER_DEFINED
00407d24	LAB_00407d24	Label	DEFAULT
00407d38	@4	Label	USER_DEFINED
00407d40	SCSILoad	Label	USER_DEFINED
00407d50	CheckNext	Label	USER_DEFINED
00407d58	@1	Label	USER_DEFINED
00407d60	LAB_00407d60	Label	DEFAULT
00407d62	OpenIt	Label	USER_DEFINED
00407d8c	NextDD	Label	USER_DEFINED
00407d9c	FoundDD	Label	USER_DEFINED
00407dc6	Exit	Label	USER_DEFINED
00407dcc	SRead	Label	USER_DEFINED
00407e4e	RdErr	Label	USER_DEFINED
00407e58	MYSTERIOUS_DATA	Label	USER_DEFINED
00407e59	DAT_00407e59	Label	DEFAULT
00407e5a	DAT_00407e5a	Label	DEFAULT
004082c6	InitCursor	Label	USER_DEFINED
004082d6	SetCursor	Label	USER_DEFINED
004082f2	HideCursor	Label	USER_DEFINED
004082f8	ShowCursor	Label	USER_DEFINED
004082fe	ShieldCursor	Label	USER_DEFINED
0040832e	ObscureCursor	Label	USER_DEFINED
00408334	BitNot	Label	USER_DEFINED
0040833c	BitAnd	Label	USER_DEFINED
00408344	BitXOr	Label	USER_DEFINED
00408344	BitXor	Label	USER_DEFINED
0040834e	BitOr	Label	USER_DEFINED
00408356	BitShift	Label	USER_DEFINED
00408364	SHLEFT	Label	USER_DEFINED
00408368	DONE	Label	USER_DEFINED
0040836c	BitTst	Label	USER_DEFINED
0040837a	BitSet	Label	USER_DEFINED
00408384	BitClr	Label	USER_DEFINED
0040838e	SHARE	Label	USER_DEFINED
0040839c	Random	Label	USER_DEFINED
004083dc	LAB_004083dc	Label	DEFAULT
004083e8	LAB_004083e8	Label	DEFAULT
004083ee	ForeColor	Label	USER_DEFINED
004083f2	BackColor	Label	USER_DEFINED
004083f4	PortLong	Label	USER_DEFINED
00408400	ColorBit	Label	USER_DEFINED
00408402	LAB_00408402	Label	DEFAULT
0040840e	GetMaskTab	Label	USER_DEFINED
0040840e	GetMaskTable	Label	USER_DEFINED
00408414	LEFTMASK	Label	USER_DEFINED
00408420	RIGHTMASK	Label	USER_DEFINED
0040842c	???	Label	USER_DEFINED
00408438	DAT_00408438	Label	DEFAULT
00408458	DAT_00408458	Label	DEFAULT
00408478	16BitMasks	Label	USER_DEFINED
00408498	PATEXPAND	Label	USER_DEFINED
004084be	LAB_004084be	Label	DEFAULT
004084d8	LAB_004084d8	Label	DEFAULT
004084f2	LAB_004084f2	Label	DEFAULT
004084f4	LAB_004084f4	Label	DEFAULT
00408518	LAB_00408518	Label	DEFAULT
0040851a	LAB_0040851a	Label	DEFAULT
0040853a	LAB_0040853a	Label	DEFAULT
00408540	PTR_DAT_00408540	Label	DEFAULT
00408550	PTR_DAT_00408550	Label	DEFAULT
00408560	SUB_00408560	Label	DEFAULT
0040858e	LAB_0040858e	Label	DEFAULT
00408598	LAB_00408598	Label	DEFAULT
004085a0	LAB_004085a0	Label	DEFAULT
004085b2	LAB_004085b2	Label	DEFAULT
004085be	LAB_004085be	Label	DEFAULT
004085c6	LAB_004085c6	Label	DEFAULT
004085ca	LAB_004085ca	Label	DEFAULT
004085ce	LAB_004085ce	Label	DEFAULT
004085d4	GetPixel	Label	USER_DEFINED
00408608	StuffHex	Label	USER_DEFINED
0040861e	LAB_0040861e	Label	DEFAULT
0040862e	LAB_0040862e	Label	DEFAULT
00408630	SUB_00408630	Label	DEFAULT
0040863c	LAB_0040863c	Label	DEFAULT
00408642	SUB_00408642	Label	DEFAULT
00408674	LAB_00408674	Label	DEFAULT
00408678	LAB_00408678	Label	DEFAULT
0040867a	LAB_0040867a	Label	DEFAULT
00408682	LAB_00408682	Label	DEFAULT
00408686	SUB_00408686	Label	DEFAULT
00408690	LAB_00408690	Label	DEFAULT
0040869a	LAB_0040869a	Label	DEFAULT
004086c2	LAB_004086c2	Label	DEFAULT
004086c4	LAB_004086c4	Label	DEFAULT
004086c6	LAB_004086c6	Label	DEFAULT
004086de	LAB_004086de	Label	DEFAULT
004086e0	LAB_004086e0	Label	DEFAULT
004086f0	LAB_004086f0	Label	DEFAULT
004086f2	LAB_004086f2	Label	DEFAULT
00408702	LAB_00408702	Label	DEFAULT
00408704	LAB_00408704	Label	DEFAULT
00408716	SUB_00408716	Label	DEFAULT
00408726	DAT_00408726	Label	DEFAULT
00408734	LAB_00408734	Label	DEFAULT
0040873a	LAB_0040873a	Label	DEFAULT
0040873c	LAB_0040873c	Label	DEFAULT
00408748	LAB_00408748	Label	DEFAULT
00408750	LAB_00408750	Label	DEFAULT
00408752	LAB_00408752	Label	DEFAULT
00408760	LAB_00408760	Label	DEFAULT
00408768	LAB_00408768	Label	DEFAULT
0040876a	LAB_0040876a	Label	DEFAULT
00408770	SUB_00408770	Label	DEFAULT
00408780	LAB_00408780	Label	DEFAULT
00408784	SUB_00408784	Label	DEFAULT
00408792	LAB_00408792	Label	DEFAULT
00408798	SUB_00408798	Label	DEFAULT
004087a6	InitGraf	Label	USER_DEFINED
004087be	LAB_004087be	Label	DEFAULT
004087f2	LAB_004087f2	Label	DEFAULT
00408800	PTR_DAT_00408800	Label	DEFAULT
00408804	DAT_00408804	Label	DEFAULT
0040886c	OpenPort	Label	USER_DEFINED
00408884	InitPort	Label	USER_DEFINED
00408904	ClosePort	Label	USER_DEFINED
0040891c	SetStdProcs	Label	USER_DEFINED
00408956	LocalToGlobal	Label	USER_DEFINED
0040895e	GlobalToLocal	Label	USER_DEFINED
00408964	LAB_00408964	Label	DEFAULT
0040897c	SUB_0040897c	Label	DEFAULT
00408984	LAB_00408984	Label	DEFAULT
0040898a	AddPt	Label	USER_DEFINED
00408992	SubPt	Label	USER_DEFINED
00408998	LAB_00408998	Label	DEFAULT
004089ac	LAB_004089ac	Label	DEFAULT
004089b0	SetPort	Label	USER_DEFINED
004089b8	GetPort	Label	USER_DEFINED
004089c2	GrafDevice	Label	USER_DEFINED
004089c8	SetPortBits	Label	USER_DEFINED
004089c8	SetPBits	Label	USER_DEFINED
004089d8	LAB_004089d8	Label	DEFAULT
004089e0	BackPat	Label	USER_DEFINED
004089ee	PortSize	Label	USER_DEFINED
00408a0e	MovePortTo	Label	USER_DEFINED
00408a2c	SUB_00408a2c	Label	DEFAULT
00408a30	SUB_00408a30	Label	DEFAULT
00408a3a	SetOrigin	Label	USER_DEFINED
00408a6a	LAB_00408a6a	Label	DEFAULT
00408a6e	ClipRect	Label	USER_DEFINED
00408a80	SetClip	Label	USER_DEFINED
00408a8c	GetClip	Label	USER_DEFINED
00408a9a	LAB_00408a9a	Label	DEFAULT
00408aa0	SetPt	Label	USER_DEFINED
00408aaa	EqualPt	Label	USER_DEFINED
00408ab6	StdText	Label	USER_DEFINED
00408abe	LAB_00408abe	Label	DEFAULT
00408ad0	LAB_00408ad0	Label	DEFAULT
00408afe	LAB_00408afe	Label	DEFAULT
00408b1e	LAB_00408b1e	Label	DEFAULT
00408b3e	LAB_00408b3e	Label	DEFAULT
00408b5c	LAB_00408b5c	Label	DEFAULT
00408b78	LAB_00408b78	Label	DEFAULT
00408b8c	LAB_00408b8c	Label	DEFAULT
00408ba6	LAB_00408ba6	Label	DEFAULT
00408bc4	SUB_00408bc4	Label	DEFAULT
00408bc8	SUB_00408bc8	Label	DEFAULT
00408bcc	LAB_00408bcc	Label	DEFAULT
00408bdc	LAB_00408bdc	Label	DEFAULT
00408be6	LAB_00408be6	Label	DEFAULT
00408bee	LAB_00408bee	Label	DEFAULT
00408bf0	LAB_00408bf0	Label	DEFAULT
00408bf4	LAB_00408bf4	Label	DEFAULT
00408c0e	LAB_00408c0e	Label	DEFAULT
00408c34	LAB_00408c34	Label	DEFAULT
00408c42	SUB_00408c42	Label	DEFAULT
00408c60	LAB_00408c60	Label	DEFAULT
00408c62	TextFace	Label	USER_DEFINED
00408c6e	DrawChar	Label	USER_DEFINED
00408c7c	CharWidth	Label	USER_DEFINED
00408c8e	LAB_00408c8e	Label	DEFAULT
00408c94	TextFont	Label	USER_DEFINED
00408c98	TextMode	Label	USER_DEFINED
00408c9c	TextSize	Label	USER_DEFINED
00408c9e	LAB_00408c9e	Label	DEFAULT
00408ca2	SpaceExtra	Label	USER_DEFINED
00408cae	DrawString	Label	USER_DEFINED
00408cc0	DrawText	Label	USER_DEFINED
00408cd4	LAB_00408cd4	Label	DEFAULT
00408cd8	StringWidth	Label	USER_DEFINED
00408ce8	TextWidth	Label	USER_DEFINED
00408d30	LAB_00408d30	Label	DEFAULT
00408d44	LAB_00408d44	Label	DEFAULT
00408d48	LAB_00408d48	Label	DEFAULT
00408d50	StdTxMeas	Label	USER_DEFINED
00408dd2	LAB_00408dd2	Label	DEFAULT
00408ddc	LAB_00408ddc	Label	DEFAULT
00408df6	MeasureText	Label	USER_DEFINED
00408dfe	UseSwapFont	Label	USER_DEFINED
00408e4a	LAB_00408e4a	Label	DEFAULT
00408e6a	LAB_00408e6a	Label	DEFAULT
00408e76	NoScale	Label	USER_DEFINED
00408e84	GetFontInfo	Label	USER_DEFINED
00408ebc	LAB_00408ebc	Label	DEFAULT
00408ee2	LAB_00408ee2	Label	DEFAULT
00408f08	LAB_00408f08	Label	DEFAULT
00408f0e	SUB_00408f0e	Label	DEFAULT
00408f26	SUB_00408f26	Label	DEFAULT
00408fa2	LAB_00408fa2	Label	DEFAULT
0040901c	LAB_0040901c	Label	DEFAULT
004090a4	LAB_004090a4	Label	DEFAULT
004090ca	LAB_004090ca	Label	DEFAULT
004090e2	LAB_004090e2	Label	DEFAULT
004090f2	LAB_004090f2	Label	DEFAULT
00409122	LAB_00409122	Label	DEFAULT
00409168	LAB_00409168	Label	DEFAULT
004091bc	LAB_004091bc	Label	DEFAULT
004091c4	LAB_004091c4	Label	DEFAULT
004091d0	LAB_004091d0	Label	DEFAULT
00409212	LAB_00409212	Label	DEFAULT
0040924a	LAB_0040924a	Label	DEFAULT
00409252	LAB_00409252	Label	DEFAULT
0040925a	LAB_0040925a	Label	DEFAULT
0040927a	LAB_0040927a	Label	DEFAULT
0040928e	LAB_0040928e	Label	DEFAULT
0040929a	LAB_0040929a	Label	DEFAULT
004092c6	LAB_004092c6	Label	DEFAULT
004092ec	LAB_004092ec	Label	DEFAULT
004092fa	LAB_004092fa	Label	DEFAULT
004092fe	LAB_004092fe	Label	DEFAULT
0040936c	LAB_0040936c	Label	DEFAULT
00409390	LAB_00409390	Label	DEFAULT
004093ac	LAB_004093ac	Label	DEFAULT
004093ae	LAB_004093ae	Label	DEFAULT
004093d4	LAB_004093d4	Label	DEFAULT
004093d6	LAB_004093d6	Label	DEFAULT
004093ee	LAB_004093ee	Label	DEFAULT
00409400	LAB_00409400	Label	DEFAULT
0040941e	LAB_0040941e	Label	DEFAULT
00409428	LAB_00409428	Label	DEFAULT
00409432	LAB_00409432	Label	DEFAULT
00409454	LAB_00409454	Label	DEFAULT
0040946a	LAB_0040946a	Label	DEFAULT
00409476	LAB_00409476	Label	DEFAULT
0040947a	LAB_0040947a	Label	DEFAULT
004094a8	LAB_004094a8	Label	DEFAULT
004094b8	LAB_004094b8	Label	DEFAULT
004094cc	LAB_004094cc	Label	DEFAULT
004094ea	LAB_004094ea	Label	DEFAULT
004094ec	LAB_004094ec	Label	DEFAULT
00409500	LAB_00409500	Label	DEFAULT
00409558	LAB_00409558	Label	DEFAULT
00409568	LAB_00409568	Label	DEFAULT
0040957a	LAB_0040957a	Label	DEFAULT
00409584	LAB_00409584	Label	DEFAULT
00409596	LAB_00409596	Label	DEFAULT
004095a0	LAB_004095a0	Label	DEFAULT
004095f2	LAB_004095f2	Label	DEFAULT
00409624	LAB_00409624	Label	DEFAULT
00409642	LAB_00409642	Label	DEFAULT
00409656	LAB_00409656	Label	DEFAULT
00409668	StdLine	Label	USER_DEFINED
00409690	LAB_00409690	Label	DEFAULT
004096b0	LAB_004096b0	Label	DEFAULT
004096c2	LAB_004096c2	Label	DEFAULT
004096d0	LAB_004096d0	Label	DEFAULT
004096dc	LAB_004096dc	Label	DEFAULT
004096e8	LAB_004096e8	Label	DEFAULT
004096fa	LineTo	Label	USER_DEFINED
0040970e	LAB_0040970e	Label	DEFAULT
00409710	Line	Label	USER_DEFINED
00409728	MoveTo	Label	USER_DEFINED
00409734	Move	Label	USER_DEFINED
00409748	SUB_00409748	Label	DEFAULT
00409772	LAB_00409772	Label	DEFAULT
00409790	LAB_00409790	Label	DEFAULT
00409792	LAB_00409792	Label	DEFAULT
004097ac	LAB_004097ac	Label	DEFAULT
004097c0	HidePen	Label	USER_DEFINED
004097c4	ShowPen	Label	USER_DEFINED
004097c6	LAB_004097c6	Label	DEFAULT
004097d0	GetPenState	Label	USER_DEFINED
004097d4	SetPenState	Label	USER_DEFINED
004097d6	LAB_004097d6	Label	DEFAULT
004097e8	LAB_004097e8	Label	DEFAULT
004097f6	GetPen	Label	USER_DEFINED
00409806	PenSize	Label	USER_DEFINED
00409814	PenMode	Label	USER_DEFINED
0040981a	PenPat	Label	USER_DEFINED
0040982e	PenNormal	Label	USER_DEFINED
0040984c	SUB_0040984c	Label	DEFAULT
00409892	LAB_00409892	Label	DEFAULT
004098b4	LAB_004098b4	Label	DEFAULT
004098ba	LAB_004098ba	Label	DEFAULT
0040991e	LAB_0040991e	Label	DEFAULT
00409936	LAB_00409936	Label	DEFAULT
0040994e	DAT_0040994e	Label	DEFAULT
00409956	LAB_00409956	Label	DEFAULT
00409966	LAB_00409966	Label	DEFAULT
00409978	LAB_00409978	Label	DEFAULT
004099a4	LAB_004099a4	Label	DEFAULT
004099a8	LAB_004099a8	Label	DEFAULT
00409a22	LAB_00409a22	Label	DEFAULT
00409a28	LAB_00409a28	Label	DEFAULT
00409a3a	LAB_00409a3a	Label	DEFAULT
00409a3e	LAB_00409a3e	Label	DEFAULT
00409a68	LAB_00409a68	Label	DEFAULT
00409a90	LAB_00409a90	Label	DEFAULT
00409ab8	LAB_00409ab8	Label	DEFAULT
00409ad6	SUB_00409ad6	Label	DEFAULT
00409ae6	LAB_00409ae6	Label	DEFAULT
00409b04	LAB_00409b04	Label	DEFAULT
00409b62	LAB_00409b62	Label	DEFAULT
00409b82	LAB_00409b82	Label	DEFAULT
00409b98	LAB_00409b98	Label	DEFAULT
00409bce	LAB_00409bce	Label	DEFAULT
00409c08	LAB_00409c08	Label	DEFAULT
00409c10	LAB_00409c10	Label	DEFAULT
00409c20	SUB_00409c20	Label	DEFAULT
00409c30	DAT_00409c30	Label	DEFAULT
00409c7a	LAB_00409c7a	Label	DEFAULT
00409cc2	LAB_00409cc2	Label	DEFAULT
00409cc4	LAB_00409cc4	Label	DEFAULT
00409cc8	LAB_00409cc8	Label	DEFAULT
00409ccc	LAB_00409ccc	Label	DEFAULT
00409cd4	LAB_00409cd4	Label	DEFAULT
00409cea	LAB_00409cea	Label	DEFAULT
00409cec	LAB_00409cec	Label	DEFAULT
00409cf0	LAB_00409cf0	Label	DEFAULT
00409cf4	LAB_00409cf4	Label	DEFAULT
00409cfc	LAB_00409cfc	Label	DEFAULT
00409d12	LAB_00409d12	Label	DEFAULT
00409d14	LAB_00409d14	Label	DEFAULT
00409d18	LAB_00409d18	Label	DEFAULT
00409d1c	LAB_00409d1c	Label	DEFAULT
00409d24	LAB_00409d24	Label	DEFAULT
00409d40	LAB_00409d40	Label	DEFAULT
00409d4c	LAB_00409d4c	Label	DEFAULT
00409d58	LAB_00409d58	Label	DEFAULT
00409d64	SUB_00409d64	Label	DEFAULT
00409d94	SUB_00409d94	Label	DEFAULT
00409dae	LAB_00409dae	Label	DEFAULT
00409dba	LAB_00409dba	Label	DEFAULT
00409dc0	LAB_00409dc0	Label	DEFAULT
00409de8	LAB_00409de8	Label	DEFAULT
00409e02	LAB_00409e02	Label	DEFAULT
00409e08	LAB_00409e08	Label	DEFAULT
00409e38	LAB_00409e38	Label	DEFAULT
00409e42	LAB_00409e42	Label	DEFAULT
00409e44	LAB_00409e44	Label	DEFAULT
00409e54	LAB_00409e54	Label	DEFAULT
00409e6a	LAB_00409e6a	Label	DEFAULT
00409e72	LAB_00409e72	Label	DEFAULT
00409e7e	StdRect	Label	USER_DEFINED
00409ea4	LAB_00409ea4	Label	DEFAULT
00409ec6	LAB_00409ec6	Label	DEFAULT
00409ecc	LAB_00409ecc	Label	DEFAULT
00409ed4	LAB_00409ed4	Label	DEFAULT
00409ee0	PushVerb	Label	USER_DEFINED
00409efa	LAB_00409efa	Label	DEFAULT
00409f00	LAB_00409f00	Label	DEFAULT
00409f08	LAB_00409f08	Label	DEFAULT
00409f10	LAB_00409f10	Label	DEFAULT
00409f12	FillRect	Label	USER_DEFINED
00409f28	FrameRect	Label	USER_DEFINED
00409f2c	PaintRect	Label	USER_DEFINED
00409f30	EraseRect	Label	USER_DEFINED
00409f34	InverRect	Label	USER_DEFINED
00409f38	LAB_00409f38	Label	DEFAULT
00409f56	LAB_00409f56	Label	DEFAULT
00409f58	SUB_00409f58	Label	DEFAULT
00409f8a	LAB_00409f8a	Label	DEFAULT
00409f94	SUB_00409f94	Label	DEFAULT
0040a04e	LAB_0040a04e	Label	DEFAULT
0040a050	SUB_0040a050	Label	DEFAULT
0040a07a	LAB_0040a07a	Label	DEFAULT
0040a07c	LAB_0040a07c	Label	DEFAULT
0040a082	SetRect	Label	USER_DEFINED
0040a090	EqualRect	Label	USER_DEFINED
0040a0a4	LAB_0040a0a4	Label	DEFAULT
0040a0a6	LAB_0040a0a6	Label	DEFAULT
0040a0aa	EmptyRect	Label	USER_DEFINED
0040a0be	LAB_0040a0be	Label	DEFAULT
0040a0c2	LAB_0040a0c2	Label	DEFAULT
0040a0c4	OffsetRect	Label	USER_DEFINED
0040a0d6	InsetRect	Label	USER_DEFINED
0040a0e8	SectRect	Label	USER_DEFINED
0040a110	SUB_0040a110	Label	DEFAULT
0040a12a	LAB_0040a12a	Label	DEFAULT
0040a134	LAB_0040a134	Label	DEFAULT
0040a13c	LAB_0040a13c	Label	DEFAULT
0040a144	LAB_0040a144	Label	DEFAULT
0040a14c	LAB_0040a14c	Label	DEFAULT
0040a15a	LAB_0040a15a	Label	DEFAULT
0040a162	LAB_0040a162	Label	DEFAULT
0040a184	UnionRect	Label	USER_DEFINED
0040a196	LAB_0040a196	Label	DEFAULT
0040a1a2	LAB_0040a1a2	Label	DEFAULT
0040a1ac	LAB_0040a1ac	Label	DEFAULT
0040a1b8	LAB_0040a1b8	Label	DEFAULT
0040a1c2	Pt2Rect	Label	USER_DEFINED
0040a1d4	LAB_0040a1d4	Label	DEFAULT
0040a1ea	LAB_0040a1ea	Label	DEFAULT
0040a1f0	LAB_0040a1f0	Label	DEFAULT
0040a1f8	PtInRect	Label	USER_DEFINED
0040a220	LAB_0040a220	Label	DEFAULT
0040a228	SUB_0040a228	Label	DEFAULT
0040a256	LAB_0040a256	Label	DEFAULT
0040a284	BITBLT	Label	USER_DEFINED
0040a2de	MODEOK	Label	USER_DEFINED
0040a308	DIREC	Label	USER_DEFINED
0040a332	UPSIDE	Label	USER_DEFINED
0040a348	GETSRC	Label	USER_DEFINED
0040a374	NOTSRC	Label	USER_DEFINED
0040a3ce	DIROK	Label	USER_DEFINED
0040a3fc	NOTFAST	Label	USER_DEFINED
0040a410	DOMAIN	Label	USER_DEFINED
0040a418	NEXTROW	Label	USER_DEFINED
0040a41e	ROWLOOP	Label	USER_DEFINED
0040a426	NXTSRC	Label	USER_DEFINED
0040a432	NXTPAT	Label	USER_DEFINED
0040a442	GOHOME	Label	USER_DEFINED
0040a450	MODETAB	Label	USER_DEFINED
0040a452	^MAIN1	Label	USER_DEFINED
0040a454	^MAIN2	Label	USER_DEFINED
0040a456	^MAIN3	Label	USER_DEFINED
0040a458	^SETUP8	Label	USER_DEFINED
0040a45a	^MAIN9	Label	USER_DEFINED
0040a45c	^SETUP10	Label	USER_DEFINED
0040a45e	^MAIN11	Label	USER_DEFINED
0040a460	^END0	Label	USER_DEFINED
0040a462	^END1	Label	USER_DEFINED
0040a464	^END2	Label	USER_DEFINED
0040a466	^END3	Label	USER_DEFINED
0040a468	^WORD8	Label	USER_DEFINED
0040a46a	^END9	Label	USER_DEFINED
0040a46c	^END10	Label	USER_DEFINED
0040a46e	^END11	Label	USER_DEFINED
0040a470	LEFT0	Label	USER_DEFINED
0040a494	LTWO0	Label	USER_DEFINED
0040a496	LONE0	Label	USER_DEFINED
0040a49a	LMORE0	Label	USER_DEFINED
0040a4a4	SETUP0	Label	USER_DEFINED
0040a4b0	FAST0	Label	USER_DEFINED
0040a4c6	END0	Label	USER_DEFINED
0040a4c8	MAIN0	Label	USER_DEFINED
0040a4ea	COPYBIG	Label	USER_DEFINED
0040a4f2	@1	Label	USER_DEFINED
0040a4fc	@2	Label	USER_DEFINED
0040a502	COPY32	Label	USER_DEFINED
0040a524	COPY31	Label	USER_DEFINED
0040a542	COPY1	Label	USER_DEFINED
0040a546	END1	Label	USER_DEFINED
0040a548	MAIN1	Label	USER_DEFINED
0040a564	END2	Label	USER_DEFINED
0040a566	MAIN2	Label	USER_DEFINED
0040a582	END3	Label	USER_DEFINED
0040a584	MAIN3	Label	USER_DEFINED
0040a5a2	WORD8	Label	USER_DEFINED
0040a5a8	WORD8A	Label	USER_DEFINED
0040a5c6	SETUP8	Label	USER_DEFINED
0040a5ce	CALCLP	Label	USER_DEFINED
0040a5e2	@1	Label	USER_DEFINED
0040a5e4	@2	Label	USER_DEFINED
0040a5e6	FAST8	Label	USER_DEFINED
0040a5f8	END8	Label	USER_DEFINED
0040a608	FILLBIG	Label	USER_DEFINED
0040a610	@1	Label	USER_DEFINED
0040a61a	@2	Label	USER_DEFINED
0040a620	FILL32	Label	USER_DEFINED
0040a642	FILL31	Label	USER_DEFINED
0040a664	END9	Label	USER_DEFINED
0040a666	MAIN9	Label	USER_DEFINED
0040a678	SETUP10	Label	USER_DEFINED
0040a684	FAST10	Label	USER_DEFINED
0040a694	END10	Label	USER_DEFINED
0040a69e	XORBIG	Label	USER_DEFINED
0040a6a6	@1	Label	USER_DEFINED
0040a6b0	@2	Label	USER_DEFINED
0040a6b6	XOR32	Label	USER_DEFINED
0040a6d8	XOR31	Label	USER_DEFINED
0040a6fa	END11	Label	USER_DEFINED
0040a6fc	MAIN11	Label	USER_DEFINED
0040a732	SUB_0040a732	Label	DEFAULT
0040a7c0	LAB_0040a7c0	Label	DEFAULT
0040a802	LAB_0040a802	Label	DEFAULT
0040a822	LAB_0040a822	Label	DEFAULT
0040a860	LAB_0040a860	Label	DEFAULT
0040a874	LAB_0040a874	Label	DEFAULT
0040a88a	SUB_0040a88a	Label	DEFAULT
0040a89a	LAB_0040a89a	Label	DEFAULT
0040a8ae	LAB_0040a8ae	Label	DEFAULT
0040a8ba	LAB_0040a8ba	Label	DEFAULT
0040a8c4	LAB_0040a8c4	Label	DEFAULT
0040a8f8	LAB_0040a8f8	Label	DEFAULT
0040a934	LAB_0040a934	Label	DEFAULT
0040a97c	LAB_0040a97c	Label	DEFAULT
0040a99c	LAB_0040a99c	Label	DEFAULT
0040a9e2	LAB_0040a9e2	Label	DEFAULT
0040aa1e	LAB_0040aa1e	Label	DEFAULT
0040aa24	LAB_0040aa24	Label	DEFAULT
0040aa48	LAB_0040aa48	Label	DEFAULT
0040aa52	LAB_0040aa52	Label	DEFAULT
0040aa6c	LAB_0040aa6c	Label	DEFAULT
0040aa74	LAB_0040aa74	Label	DEFAULT
0040aa86	SUB_0040aa86	Label	DEFAULT
0040aa96	DAT_0040aa96	Label	DEFAULT
0040ab66	LAB_0040ab66	Label	DEFAULT
0040ab72	LAB_0040ab72	Label	DEFAULT
0040ab74	DAT_0040ab74	Label	DEFAULT
0040ac70	StdRRect	Label	USER_DEFINED
0040aca8	OVALOK	Label	USER_DEFINED
0040acb6	NOTPIC	Label	USER_DEFINED
0040acde	NOTRGN	Label	USER_DEFINED
0040ace2	DOIT	Label	USER_DEFINED
0040ad02	FrameRoundRect	Label	USER_DEFINED
0040ad06	PaintRoundRect	Label	USER_DEFINED
0040ad0a	EraseRoundRect	Label	USER_DEFINED
0040ad0e	InvertRoundRect	Label	USER_DEFINED
0040ad0e	InverRoundRect	Label	USER_DEFINED
0040ad12	FillRoundRect	Label	USER_DEFINED
0040ad28	CALLRRECT	Label	USER_DEFINED
0040ad4a	USESTD	Label	USER_DEFINED
0040ad4c	StdOval	Label	USER_DEFINED
0040ad72	LAB_0040ad72	Label	DEFAULT
0040adae	LAB_0040adae	Label	DEFAULT
0040adb4	LAB_0040adb4	Label	DEFAULT
0040adb6	LAB_0040adb6	Label	DEFAULT
0040add4	FrameOval	Label	USER_DEFINED
0040add8	PaintOval	Label	USER_DEFINED
0040addc	EraseOval	Label	USER_DEFINED
0040ade0	InvertOval	Label	USER_DEFINED
0040ade4	FillOval	Label	USER_DEFINED
0040adfa	LAB_0040adfa	Label	DEFAULT
0040ae18	LAB_0040ae18	Label	DEFAULT
0040ae1a	PUTOVAL	Label	USER_DEFINED
0040ae8c	LAB_0040ae8c	Label	DEFAULT
0040ae98	LAB_0040ae98	Label	DEFAULT
0040aec6	LAB_0040aec6	Label	DEFAULT
0040aee2	LAB_0040aee2	Label	DEFAULT
0040af10	SUB_0040af10	Label	DEFAULT
0040af3e	LAB_0040af3e	Label	DEFAULT
0040af52	LAB_0040af52	Label	DEFAULT
0040af58	StdArc	Label	USER_DEFINED
0040af8e	NotPic	Label	USER_DEFINED
0040afb4	DoIt	Label	USER_DEFINED
0040afd6	FrameArc	Label	USER_DEFINED
0040afda	PaintArc	Label	USER_DEFINED
0040afde	EraseArc	Label	USER_DEFINED
0040afe2	InvertArc	Label	USER_DEFINED
0040afe6	FillArc	Label	USER_DEFINED
0040affc	LAB_0040affc	Label	DEFAULT
0040b01e	LAB_0040b01e	Label	DEFAULT
0040b020	DrawArc	Label	USER_DEFINED
0040b068	LAB_0040b068	Label	DEFAULT
0040b0b8	LAB_0040b0b8	Label	DEFAULT
0040b0d0	LAB_0040b0d0	Label	DEFAULT
0040b0e8	DAT_0040b0e8	Label	DEFAULT
0040b0f0	LAB_0040b0f0	Label	DEFAULT
0040b108	LAB_0040b108	Label	DEFAULT
0040b128	LAB_0040b128	Label	DEFAULT
0040b13a	LAB_0040b13a	Label	DEFAULT
0040b208	LAB_0040b208	Label	DEFAULT
0040b20e	LAB_0040b20e	Label	DEFAULT
0040b222	LAB_0040b222	Label	DEFAULT
0040b228	LAB_0040b228	Label	DEFAULT
0040b244	LAB_0040b244	Label	DEFAULT
0040b250	LAB_0040b250	Label	DEFAULT
0040b2d2	LAB_0040b2d2	Label	DEFAULT
0040b30e	LAB_0040b30e	Label	DEFAULT
0040b336	LAB_0040b336	Label	DEFAULT
0040b354	SUB_0040b354	Label	DEFAULT
0040b364	LAB_0040b364	Label	DEFAULT
0040b382	LAB_0040b382	Label	DEFAULT
0040b3de	LAB_0040b3de	Label	DEFAULT
0040b3f4	LAB_0040b3f4	Label	DEFAULT
0040b418	LAB_0040b418	Label	DEFAULT
0040b41c	LAB_0040b41c	Label	DEFAULT
0040b428	LAB_0040b428	Label	DEFAULT
0040b440	LAB_0040b440	Label	DEFAULT
0040b470	LAB_0040b470	Label	DEFAULT
0040b47c	LAB_0040b47c	Label	DEFAULT
0040b4a6	LAB_0040b4a6	Label	DEFAULT
0040b4c0	LAB_0040b4c0	Label	DEFAULT
0040b4da	LAB_0040b4da	Label	DEFAULT
0040b4ee	LAB_0040b4ee	Label	DEFAULT
0040b506	LAB_0040b506	Label	DEFAULT
0040b52e	LAB_0040b52e	Label	DEFAULT
0040b546	LAB_0040b546	Label	DEFAULT
0040b560	LAB_0040b560	Label	DEFAULT
0040b582	LAB_0040b582	Label	DEFAULT
0040b594	LAB_0040b594	Label	DEFAULT
0040b596	LAB_0040b596	Label	DEFAULT
0040b5aa	SUB_0040b5aa	Label	DEFAULT
0040b5cc	LAB_0040b5cc	Label	DEFAULT
0040b5f2	LAB_0040b5f2	Label	DEFAULT
0040b608	LAB_0040b608	Label	DEFAULT
0040b610	LAB_0040b610	Label	DEFAULT
0040b612	LAB_0040b612	Label	DEFAULT
0040b620	LAB_0040b620	Label	DEFAULT
0040b63a	LAB_0040b63a	Label	DEFAULT
0040b642	LAB_0040b642	Label	DEFAULT
0040b654	SUB_0040b654	Label	DEFAULT
0040b662	DAT_0040b662	Label	DEFAULT
0040b6ac	SUB_0040b6ac	Label	DEFAULT
0040b6ba	LAB_0040b6ba	Label	DEFAULT
0040b6c0	LAB_0040b6c0	Label	DEFAULT
0040b6ce	LAB_0040b6ce	Label	DEFAULT
0040b6da	LAB_0040b6da	Label	DEFAULT
0040b74e	SUB_0040b74e	Label	DEFAULT
0040b760	LAB_0040b760	Label	DEFAULT
0040b76c	LAB_0040b76c	Label	DEFAULT
0040b772	LAB_0040b772	Label	DEFAULT
0040b77e	LAB_0040b77e	Label	DEFAULT
0040b78e	LAB_0040b78e	Label	DEFAULT
0040b790	AngleFromSlope	Label	USER_DEFINED
0040b79a	LAB_0040b79a	Label	DEFAULT
0040b7b2	DAT_0040b7b2	Label	DEFAULT
0040b7ce	SlopeFromAngle	Label	USER_DEFINED
0040b7e2	LAB_0040b7e2	Label	DEFAULT
0040b7e6	LAB_0040b7e6	Label	DEFAULT
0040b7f4	LAB_0040b7f4	Label	DEFAULT
0040b80e	LAB_0040b80e	Label	DEFAULT
0040b81e	LAB_0040b81e	Label	DEFAULT
0040b83c	DAT_0040b83c	Label	DEFAULT
0040b895	DAT_0040b895	Label	DEFAULT
0040b8f2	PtToAngle	Label	USER_DEFINED
0040b928	LAB_0040b928	Label	DEFAULT
0040b96c	LAB_0040b96c	Label	DEFAULT
0040b96e	LAB_0040b96e	Label	DEFAULT
0040b982	StdPoly	Label	USER_DEFINED
0040b9a4	DAT_0040b9a4	Label	DEFAULT
0040b9f8	FramePoly	Label	USER_DEFINED
0040b9fc	PaintPoly	Label	USER_DEFINED
0040ba00	ErasePoly	Label	USER_DEFINED
0040ba04	InvertPoly	Label	USER_DEFINED
0040ba08	FillPoly	Label	USER_DEFINED
0040ba1e	LAB_0040ba1e	Label	DEFAULT
0040ba3c	LAB_0040ba3c	Label	DEFAULT
0040ba3e	OpenPoly	Label	USER_DEFINED
0040ba72	ClosePoly	Label	USER_DEFINED
0040baa0	LAB_0040baa0	Label	DEFAULT
0040baa8	LAB_0040baa8	Label	DEFAULT
0040baae	LAB_0040baae	Label	DEFAULT
0040bab6	LAB_0040bab6	Label	DEFAULT
0040babc	LAB_0040babc	Label	DEFAULT
0040bace	LAB_0040bace	Label	DEFAULT
0040bae0	KillPoly	Label	USER_DEFINED
0040bae8	OffsetPoly	Label	USER_DEFINED
0040bafa	LAB_0040bafa	Label	DEFAULT
0040bb04	MapPoly	Label	USER_DEFINED
0040bb24	LAB_0040bb24	Label	DEFAULT
0040bb42	LAB_0040bb42	Label	DEFAULT
0040bb4e	LAB_0040bb4e	Label	DEFAULT
0040bb52	LAB_0040bb52	Label	DEFAULT
0040bb60	SUB_0040bb60	Label	DEFAULT
0040bb86	LAB_0040bb86	Label	DEFAULT
0040bb92	LAB_0040bb92	Label	DEFAULT
0040bb96	LAB_0040bb96	Label	DEFAULT
0040bbf6	StdRgn	Label	USER_DEFINED
0040bc20	LAB_0040bc20	Label	DEFAULT
0040bc46	LAB_0040bc46	Label	DEFAULT
0040bc4c	LAB_0040bc4c	Label	DEFAULT
0040bc50	LAB_0040bc50	Label	DEFAULT
0040bc5c	FrameRgn	Label	USER_DEFINED
0040bc60	PaintRgn	Label	USER_DEFINED
0040bc64	EraseRgn	Label	USER_DEFINED
0040bc68	InverRgn	Label	USER_DEFINED
0040bc6c	FillRgn	Label	USER_DEFINED
0040bc82	LAB_0040bc82	Label	DEFAULT
0040bca0	LAB_0040bca0	Label	DEFAULT
0040bca2	SUB_0040bca2	Label	DEFAULT
0040bcd4	LAB_0040bcd4	Label	DEFAULT
0040bcde	SUB_0040bcde	Label	DEFAULT
0040bd06	LAB_0040bd06	Label	DEFAULT
0040bd40	LAB_0040bd40	Label	DEFAULT
0040bd4e	NewRgn	Label	USER_DEFINED
0040bd72	DisposRgn	Label	USER_DEFINED
0040bd7a	OpenRgn	Label	USER_DEFINED
0040bda8	CloseRgn	Label	USER_DEFINED
0040bdf4	LAB_0040bdf4	Label	DEFAULT
0040bdfe	CopyRgn	Label	USER_DEFINED
0040be36	LAB_0040be36	Label	DEFAULT
0040be3e	LAB_0040be3e	Label	DEFAULT
0040be40	LAB_0040be40	Label	DEFAULT
0040be44	LAB_0040be44	Label	DEFAULT
0040be4c	SetEmptyRgn	Label	USER_DEFINED
0040be58	SetRecRgn	Label	USER_DEFINED
0040be7e	LAB_0040be7e	Label	DEFAULT
0040be9e	LAB_0040be9e	Label	DEFAULT
0040bea6	LAB_0040bea6	Label	DEFAULT
0040beb4	RectRgn	Label	USER_DEFINED
0040bec2	OfsetRgn	Label	USER_DEFINED
0040bede	LAB_0040bede	Label	DEFAULT
0040bee0	LAB_0040bee0	Label	DEFAULT
0040bef2	LAB_0040bef2	Label	DEFAULT
0040bef4	InsetRgn	Label	USER_DEFINED
0040bf2a	LAB_0040bf2a	Label	DEFAULT
0040bf2e	LAB_0040bf2e	Label	DEFAULT
0040bf30	LAB_0040bf30	Label	DEFAULT
0040bf44	SUB_0040bf44	Label	DEFAULT
0040bf62	LAB_0040bf62	Label	DEFAULT
0040bf68	LAB_0040bf68	Label	DEFAULT
0040bf80	LAB_0040bf80	Label	DEFAULT
0040bf84	LAB_0040bf84	Label	DEFAULT
0040bf90	EmptyRgn	Label	USER_DEFINED
0040bfa0	EqualRgn	Label	USER_DEFINED
0040bfb8	LAB_0040bfb8	Label	DEFAULT
0040bfc6	LAB_0040bfc6	Label	DEFAULT
0040bfce	LAB_0040bfce	Label	DEFAULT
0040bfd2	LAB_0040bfd2	Label	DEFAULT
0040bfd4	LAB_0040bfd4	Label	DEFAULT
0040bfde	SectRgn	Label	USER_DEFINED
0040bfe2	UnionRgn	Label	USER_DEFINED
0040bfe6	DiffRgn	Label	USER_DEFINED
0040bfea	XorRgn	Label	USER_DEFINED
0040bfee	LAB_0040bfee	Label	DEFAULT
0040c018	LAB_0040c018	Label	DEFAULT
0040c022	LAB_0040c022	Label	DEFAULT
0040c02a	LAB_0040c02a	Label	DEFAULT
0040c03e	LAB_0040c03e	Label	DEFAULT
0040c058	LAB_0040c058	Label	DEFAULT
0040c074	LAB_0040c074	Label	DEFAULT
0040c076	LAB_0040c076	Label	DEFAULT
0040c08e	LAB_0040c08e	Label	DEFAULT
0040c0c6	LAB_0040c0c6	Label	DEFAULT
0040c0d4	PtInRgn	Label	USER_DEFINED
0040c10c	LAB_0040c10c	Label	DEFAULT
0040c110	LAB_0040c110	Label	DEFAULT
0040c114	LAB_0040c114	Label	DEFAULT
0040c124	LAB_0040c124	Label	DEFAULT
0040c134	RectInRgn	Label	USER_DEFINED
0040c18a	LAB_0040c18a	Label	DEFAULT
0040c190	LAB_0040c190	Label	DEFAULT
0040c1a6	LAB_0040c1a6	Label	DEFAULT
0040c1aa	LAB_0040c1aa	Label	DEFAULT
0040c1ba	SUB_0040c1ba	Label	DEFAULT
0040c20c	LAB_0040c20c	Label	DEFAULT
0040c218	MapRgn	Label	USER_DEFINED
0040c230	LAB_0040c230	Label	DEFAULT
0040c24c	LAB_0040c24c	Label	DEFAULT
0040c24e	LAB_0040c24e	Label	DEFAULT
0040c27e	LAB_0040c27e	Label	DEFAULT
0040c28e	LAB_0040c28e	Label	DEFAULT
0040c2b8	LAB_0040c2b8	Label	DEFAULT
0040c2c6	SUB_0040c2c6	Label	DEFAULT
0040c2f2	LAB_0040c2f2	Label	DEFAULT
0040c2fe	SUB_0040c2fe	Label	DEFAULT
0040c30e	LAB_0040c30e	Label	DEFAULT
0040c316	LAB_0040c316	Label	DEFAULT
0040c33a	LAB_0040c33a	Label	DEFAULT
0040c344	LAB_0040c344	Label	DEFAULT
0040c348	LAB_0040c348	Label	DEFAULT
0040c368	LAB_0040c368	Label	DEFAULT
0040c372	LAB_0040c372	Label	DEFAULT
0040c3ac	LAB_0040c3ac	Label	DEFAULT
0040c3b0	LAB_0040c3b0	Label	DEFAULT
0040c3b2	LAB_0040c3b2	Label	DEFAULT
0040c3ba	LAB_0040c3ba	Label	DEFAULT
0040c3be	LAB_0040c3be	Label	DEFAULT
0040c3d2	LAB_0040c3d2	Label	DEFAULT
0040c3d6	SUB_0040c3d6	Label	DEFAULT
0040c420	LAB_0040c420	Label	DEFAULT
0040c43e	LAB_0040c43e	Label	DEFAULT
0040c448	LAB_0040c448	Label	DEFAULT
0040c44c	LAB_0040c44c	Label	DEFAULT
0040c47e	LAB_0040c47e	Label	DEFAULT
0040c4b8	LAB_0040c4b8	Label	DEFAULT
0040c4c8	SUB_0040c4c8	Label	DEFAULT
0040c4e2	LAB_0040c4e2	Label	DEFAULT
0040c4ec	LAB_0040c4ec	Label	DEFAULT
0040c504	LAB_0040c504	Label	DEFAULT
0040c518	LAB_0040c518	Label	DEFAULT
0040c538	LAB_0040c538	Label	DEFAULT
0040c540	LAB_0040c540	Label	DEFAULT
0040c590	LAB_0040c590	Label	DEFAULT
0040c59e	SUB_0040c59e	Label	DEFAULT
0040c5d0	LAB_0040c5d0	Label	DEFAULT
0040c5d6	LAB_0040c5d6	Label	DEFAULT
0040c5da	LAB_0040c5da	Label	DEFAULT
0040c5fc	LAB_0040c5fc	Label	DEFAULT
0040c602	LAB_0040c602	Label	DEFAULT
0040c606	LAB_0040c606	Label	DEFAULT
0040c608	LAB_0040c608	Label	DEFAULT
0040c60a	LAB_0040c60a	Label	DEFAULT
0040c60e	LAB_0040c60e	Label	DEFAULT
0040c620	LAB_0040c620	Label	DEFAULT
0040c62a	LAB_0040c62a	Label	DEFAULT
0040c630	LAB_0040c630	Label	DEFAULT
0040c636	LAB_0040c636	Label	DEFAULT
0040c63c	LAB_0040c63c	Label	DEFAULT
0040c642	LAB_0040c642	Label	DEFAULT
0040c648	LAB_0040c648	Label	DEFAULT
0040c64c	LAB_0040c64c	Label	DEFAULT
0040c664	LAB_0040c664	Label	DEFAULT
0040c66a	LAB_0040c66a	Label	DEFAULT
0040c67a	LAB_0040c67a	Label	DEFAULT
0040c67c	LAB_0040c67c	Label	DEFAULT
0040c680	LAB_0040c680	Label	DEFAULT
0040c686	LAB_0040c686	Label	DEFAULT
0040c68c	LAB_0040c68c	Label	DEFAULT
0040c692	SUB_0040c692	Label	DEFAULT
0040c696	LAB_0040c696	Label	DEFAULT
0040c6a2	LAB_0040c6a2	Label	DEFAULT
0040c6a8	SUB_0040c6a8	Label	DEFAULT
0040c6d0	LAB_0040c6d0	Label	DEFAULT
0040c6d4	LAB_0040c6d4	Label	DEFAULT
0040c6ec	LAB_0040c6ec	Label	DEFAULT
0040c6ee	LAB_0040c6ee	Label	DEFAULT
0040c6f0	LAB_0040c6f0	Label	DEFAULT
0040c6fc	LAB_0040c6fc	Label	DEFAULT
0040c6fe	LAB_0040c6fe	Label	DEFAULT
0040c700	LAB_0040c700	Label	DEFAULT
0040c70c	LAB_0040c70c	Label	DEFAULT
0040c71a	LAB_0040c71a	Label	DEFAULT
0040c726	LAB_0040c726	Label	DEFAULT
0040c730	LAB_0040c730	Label	DEFAULT
0040c73c	SUB_0040c73c	Label	DEFAULT
0040c762	LAB_0040c762	Label	DEFAULT
0040c766	LAB_0040c766	Label	DEFAULT
0040c76e	LAB_0040c76e	Label	DEFAULT
0040c776	LAB_0040c776	Label	DEFAULT
0040c782	LAB_0040c782	Label	DEFAULT
0040c78e	SUB_0040c78e	Label	DEFAULT
0040c7c6	LAB_0040c7c6	Label	DEFAULT
0040c7d2	LAB_0040c7d2	Label	DEFAULT
0040c7e0	LAB_0040c7e0	Label	DEFAULT
0040c7e8	LAB_0040c7e8	Label	DEFAULT
0040c814	LAB_0040c814	Label	DEFAULT
0040c81e	LAB_0040c81e	Label	DEFAULT
0040c820	LAB_0040c820	Label	DEFAULT
0040c830	LAB_0040c830	Label	DEFAULT
0040c848	LAB_0040c848	Label	DEFAULT
0040c856	SUB_0040c856	Label	DEFAULT
0040c88e	LAB_0040c88e	Label	DEFAULT
0040c8a0	LAB_0040c8a0	Label	DEFAULT
0040c8a4	LAB_0040c8a4	Label	DEFAULT
0040c8a6	LAB_0040c8a6	Label	DEFAULT
0040c8ba	LAB_0040c8ba	Label	DEFAULT
0040c8cc	StdBits	Label	USER_DEFINED
0040c90c	LAB_0040c90c	Label	DEFAULT
0040c91a	LAB_0040c91a	Label	DEFAULT
0040c92e	LAB_0040c92e	Label	DEFAULT
0040c94a	LAB_0040c94a	Label	DEFAULT
0040c96e	LAB_0040c96e	Label	DEFAULT
0040c974	LAB_0040c974	Label	DEFAULT
0040c9ae	LAB_0040c9ae	Label	DEFAULT
0040c9c0	LAB_0040c9c0	Label	DEFAULT
0040c9f6	LAB_0040c9f6	Label	DEFAULT
0040c9fc	LAB_0040c9fc	Label	DEFAULT
0040ca06	LAB_0040ca06	Label	DEFAULT
0040ca0a	LAB_0040ca0a	Label	DEFAULT
0040ca0c	LAB_0040ca0c	Label	DEFAULT
0040ca38	LAB_0040ca38	Label	DEFAULT
0040ca3c	LAB_0040ca3c	Label	DEFAULT
0040ca4a	CopyBits	Label	USER_DEFINED
0040ca70	LAB_0040ca70	Label	DEFAULT
0040ca90	LAB_0040ca90	Label	DEFAULT
0040cab0	LAB_0040cab0	Label	DEFAULT
0040cab6	LAB_0040cab6	Label	DEFAULT
0040cad8	LAB_0040cad8	Label	DEFAULT
0040cada	LAB_0040cada	Label	DEFAULT
0040cae2	LAB_0040cae2	Label	DEFAULT
0040caf0	CopyMask	Label	USER_DEFINED
0040cb28	NOTPORT	Label	USER_DEFINED
0040cb72	LAB_0040cb72	Label	DEFAULT
0040cbb2	LAB_0040cbb2	Label	DEFAULT
0040cbc2	LAB_0040cbc2	Label	DEFAULT
0040cca0	LAB_0040cca0	Label	DEFAULT
0040cccc	LAB_0040cccc	Label	DEFAULT
0040cd1e	LAB_0040cd1e	Label	DEFAULT
0040cd30	SeedFill	Label	USER_DEFINED
0040cd38	CalcMask	Label	USER_DEFINED
0040cd40	SHARE	Label	USER_DEFINED
0040cd42	MakeMask	Label	USER_DEFINED
0040cd7a	BLACK1	Label	USER_DEFINED
0040cd7c	BLACK2	Label	USER_DEFINED
0040cda6	LAB_0040cda6	Label	DEFAULT
0040cdac	LAB_0040cdac	Label	DEFAULT
0040cdba	LAB_0040cdba	Label	DEFAULT
0040cdc2	LAB_0040cdc2	Label	DEFAULT
0040cdc6	LAB_0040cdc6	Label	DEFAULT
0040cdda	LAB_0040cdda	Label	DEFAULT
0040cde2	LAB_0040cde2	Label	DEFAULT
0040cde4	LAB_0040cde4	Label	DEFAULT
0040cdf6	LAB_0040cdf6	Label	DEFAULT
0040cdfe	LAB_0040cdfe	Label	DEFAULT
0040ce02	LAB_0040ce02	Label	DEFAULT
0040ce12	LAB_0040ce12	Label	DEFAULT
0040ce1a	LAB_0040ce1a	Label	DEFAULT
0040ce1c	LAB_0040ce1c	Label	DEFAULT
0040ce30	LAB_0040ce30	Label	DEFAULT
0040ce36	LAB_0040ce36	Label	DEFAULT
0040ce6e	LAB_0040ce6e	Label	DEFAULT
0040ce70	LAB_0040ce70	Label	DEFAULT
0040ce7c	LAB_0040ce7c	Label	DEFAULT
0040ce8e	ScrollRect	Label	USER_DEFINED
0040cf76	LAB_0040cf76	Label	DEFAULT
0040cf7e	LAB_0040cf7e	Label	DEFAULT
0040cf8c	PackBits	Label	USER_DEFINED
0040cfa6	LAB_0040cfa6	Label	DEFAULT
0040cfb0	LAB_0040cfb0	Label	DEFAULT
0040cfc2	LAB_0040cfc2	Label	DEFAULT
0040cfce	LAB_0040cfce	Label	DEFAULT
0040cfdc	LAB_0040cfdc	Label	DEFAULT
0040cfec	LAB_0040cfec	Label	DEFAULT
0040cfee	LAB_0040cfee	Label	DEFAULT
0040cffa	LAB_0040cffa	Label	DEFAULT
0040d000	LAB_0040d000	Label	DEFAULT
0040d014	LAB_0040d014	Label	DEFAULT
0040d01c	UnpackBits	Label	USER_DEFINED
0040d032	LAB_0040d032	Label	DEFAULT
0040d034	LAB_0040d034	Label	DEFAULT
0040d03a	LAB_0040d03a	Label	DEFAULT
0040d04a	LAB_0040d04a	Label	DEFAULT
0040d052	LAB_0040d052	Label	DEFAULT
0040d062	SUB_0040d062	Label	DEFAULT
0040d09a	LAB_0040d09a	Label	DEFAULT
0040d0c6	LAB_0040d0c6	Label	DEFAULT
0040d14a	LAB_0040d14a	Label	DEFAULT
0040d164	LAB_0040d164	Label	DEFAULT
0040d192	LAB_0040d192	Label	DEFAULT
0040d1d0	LAB_0040d1d0	Label	DEFAULT
0040d1e2	LAB_0040d1e2	Label	DEFAULT
0040d1f6	SUB_0040d1f6	Label	DEFAULT
0040d206	LAB_0040d206	Label	DEFAULT
0040d224	LAB_0040d224	Label	DEFAULT
0040d236	LAB_0040d236	Label	DEFAULT
0040d2de	LAB_0040d2de	Label	DEFAULT
0040d2f2	LAB_0040d2f2	Label	DEFAULT
0040d316	LAB_0040d316	Label	DEFAULT
0040d328	LAB_0040d328	Label	DEFAULT
0040d348	LAB_0040d348	Label	DEFAULT
0040d364	LAB_0040d364	Label	DEFAULT
0040d390	LAB_0040d390	Label	DEFAULT
0040d3ac	LAB_0040d3ac	Label	DEFAULT
0040d3b0	LAB_0040d3b0	Label	DEFAULT
0040d3c2	SUB_0040d3c2	Label	DEFAULT
0040d3d2	DAT_0040d3d2	Label	DEFAULT
0040d52a	DAT_0040d52a	Label	DEFAULT
0040d52e	SUB_0040d52e	Label	DEFAULT
0040d5b4	LAB_0040d5b4	Label	DEFAULT
0040d5b8	LAB_0040d5b8	Label	DEFAULT
0040d5ba	LAB_0040d5ba	Label	DEFAULT
0040d5e8	LAB_0040d5e8	Label	DEFAULT
0040d5f2	LAB_0040d5f2	Label	DEFAULT
0040d5f8	LAB_0040d5f8	Label	DEFAULT
0040d5fc	LAB_0040d5fc	Label	DEFAULT
0040d622	LAB_0040d622	Label	DEFAULT
0040d626	LAB_0040d626	Label	DEFAULT
0040d62a	LAB_0040d62a	Label	DEFAULT
0040d642	LAB_0040d642	Label	DEFAULT
0040d648	LAB_0040d648	Label	DEFAULT
0040d64c	LAB_0040d64c	Label	DEFAULT
0040d65e	LAB_0040d65e	Label	DEFAULT
0040d69e	PTR_DAT_0040d69e	Label	DEFAULT
0040d6ae	LAB_0040d6ae	Label	DEFAULT
0040d6c6	PTR_DAT_0040d6c6	Label	DEFAULT
0040d6d6	LAB_0040d6d6	Label	DEFAULT
0040d6fa	PTR_DAT_0040d6fa	Label	DEFAULT
0040d702	PTR_DAT_0040d702	Label	DEFAULT
0040d712	PTR_DAT_0040d712	Label	DEFAULT
0040d71a	LAB_0040d71a	Label	DEFAULT
0040d738	DAT_0040d738	Label	DEFAULT
0040d758	LAB_0040d758	Label	DEFAULT
0040d784	DAT_0040d784	Label	DEFAULT
0040d794	DAT_0040d794	Label	DEFAULT
0040d7b4	DAT_0040d7b4	Label	DEFAULT
0040d7c4	LAB_0040d7c4	Label	DEFAULT
0040d7e2	DAT_0040d7e2	Label	DEFAULT
0040d822	LAB_0040d822	Label	DEFAULT
0040d828	LAB_0040d828	Label	DEFAULT
0040d834	LAB_0040d834	Label	DEFAULT
0040d83c	LAB_0040d83c	Label	DEFAULT
0040d844	DAT_0040d844	Label	DEFAULT
0040d864	LAB_0040d864	Label	DEFAULT
0040d870	LAB_0040d870	Label	DEFAULT
0040d87c	LAB_0040d87c	Label	DEFAULT
0040d87e	LAB_0040d87e	Label	DEFAULT
0040d890	DAT_0040d890	Label	DEFAULT
0040d8ce	DAT_0040d8ce	Label	DEFAULT
0040d8d0	StdComment	Label	USER_DEFINED
0040d8fa	LAB_0040d8fa	Label	DEFAULT
0040d924	LAB_0040d924	Label	DEFAULT
0040d930	StdGetPic	Label	USER_DEFINED
0040d94e	LAB_0040d94e	Label	DEFAULT
0040d950	LAB_0040d950	Label	DEFAULT
0040d956	StdPutPic	Label	USER_DEFINED
0040d9b4	LAB_0040d9b4	Label	DEFAULT
0040d9c4	LAB_0040d9c4	Label	DEFAULT
0040d9c6	LAB_0040d9c6	Label	DEFAULT
0040d9ca	LAB_0040d9ca	Label	DEFAULT
0040d9d6	PicComment	Label	USER_DEFINED
0040d9ea	LAB_0040d9ea	Label	DEFAULT
0040d9ec	OpenPicture	Label	USER_DEFINED
0040da9e	LAB_0040da9e	Label	DEFAULT
0040daa8	ClosePicture	Label	USER_DEFINED
0040dace	LAB_0040dace	Label	DEFAULT
0040dade	LAB_0040dade	Label	DEFAULT
0040dae4	KillPicture	Label	USER_DEFINED
0040daec	DrawPicture	Label	USER_DEFINED
0040db62	LAB_0040db62	Label	DEFAULT
0040dbda	LAB_0040dbda	Label	DEFAULT
0040dbe8	SUB_0040dbe8	Label	DEFAULT
0040dbfa	LAB_0040dbfa	Label	DEFAULT
0040dc0c	LAB_0040dc0c	Label	DEFAULT
0040dc18	SUB_0040dc18	Label	DEFAULT
0040dc3c	LAB_0040dc3c	Label	DEFAULT
0040dc60	switchD_0040dc60::switchD	Label	ANALYSIS
0040dc64	switchD_0040dc60::switchdataD_0040dc64	Label	ANALYSIS
0040dc86	LAB_0040dc86	Label	DEFAULT
0040dc90	switchD_0040dc90::switchD	Label	ANALYSIS
0040dc94	switchD_0040dc90::switchdataD_0040dc94	Label	ANALYSIS
0040dcd4	switchD_0040dc90::caseD_1	Label	ANALYSIS
0040dcd8	SUB_0040dcd8	Label	DEFAULT
0040dce4	LAB_0040dce4	Label	DEFAULT
0040dd14	LAB_0040dd14	Label	DEFAULT
0040dd1a	LAB_0040dd1a	Label	DEFAULT
0040dd20	LAB_0040dd20	Label	DEFAULT
0040dd26	switchD_0040dc90::caseD_e	Label	ANALYSIS
0040dd2c	switchD_0040dc90::caseD_f	Label	ANALYSIS
0040dd32	switchD_0040dc90::caseD_2	Label	ANALYSIS
0040dd38	switchD_0040dc90::caseD_3	Label	ANALYSIS
0040dd3e	switchD_0040dc90::caseD_4	Label	ANALYSIS
0040dd48	switchD_0040dc90::caseD_5	Label	ANALYSIS
0040dd4e	switchD_0040dc90::caseD_d	Label	ANALYSIS
0040dd54	switchD_0040dc90::caseD_6	Label	ANALYSIS
0040dd5a	switchD_0040dc90::caseD_7	Label	ANALYSIS
0040dd5e	SUB_0040dd5e	Label	DEFAULT
0040dd7a	switchD_0040dc90::caseD_10	Label	ANALYSIS
0040dda2	switchD_0040dc90::caseD_11	Label	ANALYSIS
0040ddaa	switchD_0040dc90::caseD_8	Label	ANALYSIS
0040ddb2	switchD_0040dc90::caseD_9	Label	ANALYSIS
0040ddba	switchD_0040dc90::caseD_a	Label	ANALYSIS
0040ddc2	switchD_0040dc90::caseD_b	Label	ANALYSIS
0040ddc6	SUB_0040ddc6	Label	DEFAULT
0040dde2	switchD_0040dc90::caseD_c	Label	ANALYSIS
0040dde6	SUB_0040dde6	Label	DEFAULT
0040de16	switchD_0040dc60::caseD_20	Label	ANALYSIS
0040de2e	LAB_0040de2e	Label	DEFAULT
0040de58	LAB_0040de58	Label	DEFAULT
0040de68	SUB_0040de68	Label	DEFAULT
0040de96	LAB_0040de96	Label	DEFAULT
0040de9a	LAB_0040de9a	Label	DEFAULT
0040deb0	LAB_0040deb0	Label	DEFAULT
0040dec2	LAB_0040dec2	Label	DEFAULT
0040dece	LAB_0040dece	Label	DEFAULT
0040dede	SUB_0040dede	Label	DEFAULT
0040df18	LAB_0040df18	Label	DEFAULT
0040df1c	switchD_0040dc60::caseD_30	Label	ANALYSIS
0040df22	SUB_0040df22	Label	DEFAULT
0040df32	LAB_0040df32	Label	DEFAULT
0040df36	switchD_0040dc60::caseD_40	Label	ANALYSIS
0040df3c	SUB_0040df3c	Label	DEFAULT
0040df54	LAB_0040df54	Label	DEFAULT
0040df58	switchD_0040dc60::caseD_50	Label	ANALYSIS
0040df5e	SUB_0040df5e	Label	DEFAULT
0040df6e	LAB_0040df6e	Label	DEFAULT
0040df72	switchD_0040dc60::caseD_60	Label	ANALYSIS
0040df82	SUB_0040df82	Label	DEFAULT
0040df94	LAB_0040df94	Label	DEFAULT
0040df98	switchD_0040dc60::caseD_70	Label	ANALYSIS
0040df9c	SUB_0040df9c	Label	DEFAULT
0040dfc6	LAB_0040dfc6	Label	DEFAULT
0040dfca	switchD_0040dc60::caseD_80	Label	ANALYSIS
0040dfce	SUB_0040dfce	Label	DEFAULT
0040dff8	LAB_0040dff8	Label	DEFAULT
0040dffc	switchD_0040dc60::caseD_90	Label	ANALYSIS
0040e036	LAB_0040e036	Label	DEFAULT
0040e044	LAB_0040e044	Label	DEFAULT
0040e062	LAB_0040e062	Label	DEFAULT
0040e078	LAB_0040e078	Label	DEFAULT
0040e09a	LAB_0040e09a	Label	DEFAULT
0040e0a0	LAB_0040e0a0	Label	DEFAULT
0040e0a8	LAB_0040e0a8	Label	DEFAULT
0040e0c0	LAB_0040e0c0	Label	DEFAULT
0040e0c8	SUB_0040e0c8	Label	DEFAULT
0040e0d2	switchD_0040dc60::caseD_a0	Label	ANALYSIS
0040e0dc	SUB_0040e0dc	Label	DEFAULT
0040e0f0	LAB_0040e0f0	Label	DEFAULT
0040e0f4	LAB_0040e0f4	Label	DEFAULT
0040e100	SUB_0040e100	Label	DEFAULT
0040e114	LAB_0040e114	Label	DEFAULT
0040e128	LAB_0040e128	Label	DEFAULT
0040e130	LAB_0040e130	Label	DEFAULT
0040e132	STOLEN_FROM_APPLE_COMPUTER	Label	USER_DEFINED
0040e136	DAT_0040e136	Label	DEFAULT
0040e196	LAB_0040e196	Label	DEFAULT
0040e1a2	SUB_0040e1a2	Label	DEFAULT
0040e1b4	SUB_0040e1b4	Label	DEFAULT
0040e1c6	SUB_0040e1c6	Label	DEFAULT
0040e1d6	SUB_0040e1d6	Label	DEFAULT
0040e1e6	SUB_0040e1e6	Label	DEFAULT
0040e1fa	SUB_0040e1fa	Label	DEFAULT
0040e220	SUB_0040e220	Label	DEFAULT
0040e224	SUB_0040e224	Label	DEFAULT
0040e250	SUB_0040e250	Label	DEFAULT
0040e254	SUB_0040e254	Label	DEFAULT
0040e258	SUB_0040e258	Label	DEFAULT
0040e25e	LAB_0040e25e	Label	DEFAULT
0040e266	SUB_0040e266	Label	DEFAULT
0040e26e	switchD_0040dc60::caseD_0	Label	ANALYSIS
0040e26e	switchD_0040dc60::caseD_10	Label	ANALYSIS
0040e26e	switchD_0040dc60::caseD_b0	Label	ANALYSIS
0040e26e	switchD_0040dc60::caseD_c0	Label	ANALYSIS
0040e26e	switchD_0040dc60::caseD_d0	Label	ANALYSIS
0040e26e	switchD_0040dc60::caseD_e0	Label	ANALYSIS
0040e26e	switchD_0040dc60::caseD_f0	Label	ANALYSIS
0040e26e	switchD_0040dc90::caseD_0	Label	ANALYSIS
0040e26e	switchD_0040dc90::caseD_12	Label	ANALYSIS
0040e26e	switchD_0040dc90::caseD_13	Label	ANALYSIS
0040e26e	switchD_0040dc90::caseD_14	Label	ANALYSIS
0040e26e	switchD_0040dc90::caseD_15	Label	ANALYSIS
0040e26e	switchD_0040dc90::caseD_16	Label	ANALYSIS
0040e26e	switchD_0040dc90::caseD_17	Label	ANALYSIS
0040e26e	switchD_0040dc90::caseD_18	Label	ANALYSIS
0040e26e	switchD_0040dc90::caseD_19	Label	ANALYSIS
0040e26e	switchD_0040dc90::caseD_1a	Label	ANALYSIS
0040e26e	switchD_0040dc90::caseD_1b	Label	ANALYSIS
0040e26e	switchD_0040dc90::caseD_1c	Label	ANALYSIS
0040e26e	switchD_0040dc90::caseD_1d	Label	ANALYSIS
0040e26e	switchD_0040dc90::caseD_1e	Label	ANALYSIS
0040e26e	switchD_0040dc90::caseD_1f	Label	ANALYSIS
0040e278	SUB_0040e278	Label	DEFAULT
0040e28c	LAB_0040e28c	Label	DEFAULT
0040e28e	PutPicData	Label	USER_DEFINED
0040e2a2	LAB_0040e2a2	Label	DEFAULT
0040e2a4	DPutPicByte	Label	USER_DEFINED
0040e2aa	SUB_0040e2aa	Label	DEFAULT
0040e2bc	PutPicWord	Label	USER_DEFINED
0040e2ce	PutPicLong	Label	USER_DEFINED
0040e2de	SUB_0040e2de	Label	DEFAULT
0040e2ea	PutPicRect	Label	USER_DEFINED
0040e314	LAB_0040e314	Label	DEFAULT
0040e32c	PutPicRgn	Label	USER_DEFINED
0040e34a	PutPicVerb	Label	USER_DEFINED
0040e38a	LAB_0040e38a	Label	DEFAULT
0040e3a4	LAB_0040e3a4	Label	DEFAULT
0040e3ba	LAB_0040e3ba	Label	DEFAULT
0040e3d2	LAB_0040e3d2	Label	DEFAULT
0040e3f2	LAB_0040e3f2	Label	DEFAULT
0040e412	LAB_0040e412	Label	DEFAULT
0040e426	LAB_0040e426	Label	DEFAULT
0040e43c	LAB_0040e43c	Label	DEFAULT
0040e448	CheckPic	Label	USER_DEFINED
0040e486	LAB_0040e486	Label	DEFAULT
0040e4a6	LAB_0040e4a6	Label	DEFAULT
0040e4dc	LAB_0040e4dc	Label	DEFAULT
0040e508	LAB_0040e508	Label	DEFAULT
0040e50c	LAB_0040e50c	Label	DEFAULT
0040e512	ScalePt	Label	USER_DEFINED
0040e53e	SUB_0040e53e	Label	DEFAULT
0040e55c	LAB_0040e55c	Label	DEFAULT
0040e566	LAB_0040e566	Label	DEFAULT
0040e568	LAB_0040e568	Label	DEFAULT
0040e56a	MapPt	Label	USER_DEFINED
0040e596	SUB_0040e596	Label	DEFAULT
0040e5ba	LAB_0040e5ba	Label	DEFAULT
0040e5c6	LAB_0040e5c6	Label	DEFAULT
0040e5cc	MapRect	Label	USER_DEFINED
0040e5e4	InitFonts	Label	USER_DEFINED
0040e622	LAB_0040e622	Label	DEFAULT
0040e630	LAB_0040e630	Label	DEFAULT
0040e664	LAB_0040e664	Label	DEFAULT
0040e678	LAB_0040e678	Label	DEFAULT
0040e67e	LAB_0040e67e	Label	DEFAULT
0040e682	SUB_0040e682	Label	DEFAULT
0040e698	LAB_0040e698	Label	DEFAULT
0040e6ac	LAB_0040e6ac	Label	DEFAULT
0040e6b0	LAB_0040e6b0	Label	DEFAULT
0040e6c0	FMSwapFont	Label	USER_DEFINED
0040e6c6	LAB_0040e6c6	Label	DEFAULT
0040e6ce	SUB_0040e6ce	Label	DEFAULT
0040e70e	LAB_0040e70e	Label	DEFAULT
0040e71a	LAB_0040e71a	Label	DEFAULT
0040e73c	LAB_0040e73c	Label	DEFAULT
0040e752	LAB_0040e752	Label	DEFAULT
0040e758	LAB_0040e758	Label	DEFAULT
0040e776	LAB_0040e776	Label	DEFAULT
0040e788	LAB_0040e788	Label	DEFAULT
0040e79e	LAB_0040e79e	Label	DEFAULT
0040e7ba	LAB_0040e7ba	Label	DEFAULT
0040e7c8	LAB_0040e7c8	Label	DEFAULT
0040e7d2	LAB_0040e7d2	Label	DEFAULT
0040e7dc	LAB_0040e7dc	Label	DEFAULT
0040e7f4	LAB_0040e7f4	Label	DEFAULT
0040e850	LAB_0040e850	Label	DEFAULT
0040e858	LAB_0040e858	Label	DEFAULT
0040e860	LAB_0040e860	Label	DEFAULT
0040e876	LAB_0040e876	Label	DEFAULT
0040e87e	LAB_0040e87e	Label	DEFAULT
0040e880	LAB_0040e880	Label	DEFAULT
0040e8a2	LAB_0040e8a2	Label	DEFAULT
0040e8ac	LAB_0040e8ac	Label	DEFAULT
0040e8b4	LAB_0040e8b4	Label	DEFAULT
0040e8ba	LAB_0040e8ba	Label	DEFAULT
0040e8c4	LAB_0040e8c4	Label	DEFAULT
0040e8ca	LAB_0040e8ca	Label	DEFAULT
0040e8d6	LAB_0040e8d6	Label	DEFAULT
0040e8e4	LAB_0040e8e4	Label	DEFAULT
0040e8ec	LAB_0040e8ec	Label	DEFAULT
0040e8f8	SUB_0040e8f8	Label	DEFAULT
0040e90e	LAB_0040e90e	Label	DEFAULT
0040e910	LAB_0040e910	Label	DEFAULT
0040e91e	LAB_0040e91e	Label	DEFAULT
0040e92c	LAB_0040e92c	Label	DEFAULT
0040e936	LAB_0040e936	Label	DEFAULT
0040e946	SUB_0040e946	Label	DEFAULT
0040e956	LAB_0040e956	Label	DEFAULT
0040e95a	LAB_0040e95a	Label	DEFAULT
0040e95c	LAB_0040e95c	Label	DEFAULT
0040e970	LAB_0040e970	Label	DEFAULT
0040e980	LAB_0040e980	Label	DEFAULT
0040e986	LAB_0040e986	Label	DEFAULT
0040e9a6	LAB_0040e9a6	Label	DEFAULT
0040e9c8	LAB_0040e9c8	Label	DEFAULT
0040e9ee	LAB_0040e9ee	Label	DEFAULT
0040ea36	LAB_0040ea36	Label	DEFAULT
0040ea54	LAB_0040ea54	Label	DEFAULT
0040ea5e	LAB_0040ea5e	Label	DEFAULT
0040ea62	LAB_0040ea62	Label	DEFAULT
0040ea82	LAB_0040ea82	Label	DEFAULT
0040ea96	SUB_0040ea96	Label	DEFAULT
0040eab6	SUB_0040eab6	Label	DEFAULT
0040ead8	LAB_0040ead8	Label	DEFAULT
0040eaf0	LAB_0040eaf0	Label	DEFAULT
0040eb06	LAB_0040eb06	Label	DEFAULT
0040eb0a	LAB_0040eb0a	Label	DEFAULT
0040eb16	LAB_0040eb16	Label	DEFAULT
0040eb38	LAB_0040eb38	Label	DEFAULT
0040eb46	LAB_0040eb46	Label	DEFAULT
0040eb5c	LAB_0040eb5c	Label	DEFAULT
0040eb7e	LAB_0040eb7e	Label	DEFAULT
0040eb90	LAB_0040eb90	Label	DEFAULT
0040eb94	LAB_0040eb94	Label	DEFAULT
0040ebae	LAB_0040ebae	Label	DEFAULT
0040ebb2	LAB_0040ebb2	Label	DEFAULT
0040ebb6	LAB_0040ebb6	Label	DEFAULT
0040ebba	LAB_0040ebba	Label	DEFAULT
0040ebdc	LAB_0040ebdc	Label	DEFAULT
0040ebe0	LAB_0040ebe0	Label	DEFAULT
0040ec02	SUB_0040ec02	Label	DEFAULT
0040ec10	LAB_0040ec10	Label	DEFAULT
0040ec14	SUB_0040ec14	Label	DEFAULT
0040ec18	SUB_0040ec18	Label	DEFAULT
0040ec38	PTR_LAB_0040ec38	Label	DEFAULT
0040ec3c	SUB_0040ec3c	Label	DEFAULT
0040ec6e	LAB_0040ec6e	Label	DEFAULT
0040ec74	LAB_0040ec74	Label	DEFAULT
0040ec7a	SUB_0040ec7a	Label	DEFAULT
0040ec92	SUB_0040ec92	Label	DEFAULT
0040ec9a	SUB_0040ec9a	Label	DEFAULT
0040eca0	LAB_0040eca0	Label	DEFAULT
0040ecb6	SUB_0040ecb6	Label	DEFAULT
0040ecc4	SUB_0040ecc4	Label	DEFAULT
0040ecca	LAB_0040ecca	Label	DEFAULT
0040ecd0	LAB_0040ecd0	Label	DEFAULT
0040ecd4	LAB_0040ecd4	Label	DEFAULT
0040ecf8	LAB_0040ecf8	Label	DEFAULT
0040ed06	LAB_0040ed06	Label	DEFAULT
0040ed08	LAB_0040ed08	Label	DEFAULT
0040ed1a	SUB_0040ed1a	Label	DEFAULT
0040ed24	LAB_0040ed24	Label	DEFAULT
0040ed46	LAB_0040ed46	Label	DEFAULT
0040ed50	LAB_0040ed50	Label	DEFAULT
0040ed5c	LAB_0040ed5c	Label	DEFAULT
0040ed74	LAB_0040ed74	Label	DEFAULT
0040ed9e	SUB_0040ed9e	Label	DEFAULT
0040edea	LAB_0040edea	Label	DEFAULT
0040edf6	LAB_0040edf6	Label	DEFAULT
0040ee02	LAB_0040ee02	Label	DEFAULT
0040ee1a	LAB_0040ee1a	Label	DEFAULT
0040ee28	LAB_0040ee28	Label	DEFAULT
0040ee40	LAB_0040ee40	Label	DEFAULT
0040ee4a	LAB_0040ee4a	Label	DEFAULT
0040ee5e	LAB_0040ee5e	Label	DEFAULT
0040ee6a	LAB_0040ee6a	Label	DEFAULT
0040ee6e	LAB_0040ee6e	Label	DEFAULT
0040ee74	LAB_0040ee74	Label	DEFAULT
0040ee82	SUB_0040ee82	Label	DEFAULT
0040eeac	SetScreenDevice	Label	USER_DEFINED
0040eeba	SUB_0040eeba	Label	DEFAULT
0040eec2	LAB_0040eec2	Label	DEFAULT
0040eece	LAB_0040eece	Label	DEFAULT
0040eed2	LAB_0040eed2	Label	DEFAULT
0040eed8	SUB_0040eed8	Label	DEFAULT
0040eef4	LAB_0040eef4	Label	DEFAULT
0040ef0a	LAB_0040ef0a	Label	DEFAULT
0040ef28	LAB_0040ef28	Label	DEFAULT
0040ef2a	LAB_0040ef2a	Label	DEFAULT
0040ef36	LAB_0040ef36	Label	DEFAULT
0040ef46	LAB_0040ef46	Label	DEFAULT
0040ef48	LAB_0040ef48	Label	DEFAULT
0040ef50	LAB_0040ef50	Label	DEFAULT
0040ef56	LAB_0040ef56	Label	DEFAULT
0040ef5c	LAB_0040ef5c	Label	DEFAULT
0040ef5e	LAB_0040ef5e	Label	DEFAULT
0040ef64	LAB_0040ef64	Label	DEFAULT
0040ef6e	LAB_0040ef6e	Label	DEFAULT
0040ef72	LAB_0040ef72	Label	DEFAULT
0040ef86	LAB_0040ef86	Label	DEFAULT
0040ef8a	LAB_0040ef8a	Label	DEFAULT
0040ef9e	LAB_0040ef9e	Label	DEFAULT
0040efa6	LAB_0040efa6	Label	DEFAULT
0040efb2	LAB_0040efb2	Label	DEFAULT
0040efb6	LAB_0040efb6	Label	DEFAULT
0040efbe	LAB_0040efbe	Label	DEFAULT
0040efd0	LAB_0040efd0	Label	DEFAULT
0040efdc	LAB_0040efdc	Label	DEFAULT
0040efe8	LAB_0040efe8	Label	DEFAULT
0040eff0	LAB_0040eff0	Label	DEFAULT
0040f00c	LAB_0040f00c	Label	DEFAULT
0040f032	LAB_0040f032	Label	DEFAULT
0040f03e	LAB_0040f03e	Label	DEFAULT
0040f044	LAB_0040f044	Label	DEFAULT
0040f048	LAB_0040f048	Label	DEFAULT
0040f055	DAT_0040f055	Label	DEFAULT
0040f056	ScreenStyleTab	Label	USER_DEFINED
0040f072	Theft	Label	USER_DEFINED
0040f0c0	GetFontName	Label	USER_DEFINED
0040f0de	LAB_0040f0de	Label	DEFAULT
0040f0f2	LAB_0040f0f2	Label	DEFAULT
0040f104	@returnNilString	Label	USER_DEFINED
0040f10c	SUB_0040f10c	Label	DEFAULT
0040f112	SUB_0040f112	Label	DEFAULT
0040f11c	LAB_0040f11c	Label	DEFAULT
0040f13a	LAB_0040f13a	Label	DEFAULT
0040f154	LAB_0040f154	Label	DEFAULT
0040f15c	LAB_0040f15c	Label	DEFAULT
0040f166	GetFNum	Label	USER_DEFINED
0040f1a0	LAB_0040f1a0	Label	DEFAULT
0040f1c4	LAB_0040f1c4	Label	DEFAULT
0040f1c6	LAB_0040f1c6	Label	DEFAULT
0040f1d0	LAB_0040f1d0	Label	DEFAULT
0040f1d8	SetFontLock	Label	USER_DEFINED
0040f1f2	LAB_0040f1f2	Label	DEFAULT
0040f1f8	LAB_0040f1f8	Label	DEFAULT
0040f20e	RealFont	Label	USER_DEFINED
0040f238	LAB_0040f238	Label	DEFAULT
0040f23c	LAB_0040f23c	Label	DEFAULT
0040f242	LAB_0040f242	Label	DEFAULT
0040f252	LAB_0040f252	Label	DEFAULT
0040f260	SetFScaleDisabl	Label	USER_DEFINED
0040f274	FontMetrics	Label	USER_DEFINED
0040f2bc	LAB_0040f2bc	Label	DEFAULT
0040f2d0	SUB_0040f2d0	Label	DEFAULT
0040f2d8	SUB_0040f2d8	Label	DEFAULT
0040f2e6	LAB_0040f2e6	Label	DEFAULT
0040f30a	SUB_0040f30a	Label	DEFAULT
0040f346	LAB_0040f346	Label	DEFAULT
0040f34a	LAB_0040f34a	Label	DEFAULT
0040f350	LAB_0040f350	Label	DEFAULT
0040f362	LAB_0040f362	Label	DEFAULT
0040f370	LAB_0040f370	Label	DEFAULT
0040f3ae	DAT_0040f3ae	Label	DEFAULT
0040f3ce	DAT_0040f3ce	Label	DEFAULT
0040f3d0	LAB_0040f3d0	Label	DEFAULT
0040f3da	LAB_0040f3da	Label	DEFAULT
0040f3e8	LAB_0040f3e8	Label	DEFAULT
0040f3f8	LAB_0040f3f8	Label	DEFAULT
0040f40a	LAB_0040f40a	Label	DEFAULT
0040f40e	LAB_0040f40e	Label	DEFAULT
0040f416	LAB_0040f416	Label	DEFAULT
0040f428	LAB_0040f428	Label	DEFAULT
0040f438	LAB_0040f438	Label	DEFAULT
0040f442	LAB_0040f442	Label	DEFAULT
0040f456	LoadSeg	Label	USER_DEFINED
0040f470	@37	Label	USER_DEFINED
0040f474	NoMoveHHi	Label	USER_DEFINED
0040f496	PatchJTLoop	Label	USER_DEFINED
0040f4aa	GoLaunch	Label	USER_DEFINED
0040f4c2	@1	Label	USER_DEFINED
0040f4c4	SegError	Label	USER_DEFINED
0040f4ca	LoadCode	Label	USER_DEFINED
0040f4e0	UnloadSeg	Label	USER_DEFINED
0040f504	UnpatchLoop	Label	USER_DEFINED
0040f51e	DoneUnload	Label	USER_DEFINED
0040f522	FlushApplVbls	Label	USER_DEFINED
0040f526	LAB_0040f526	Label	DEFAULT
0040f546	fAVDone	Label	USER_DEFINED
0040f548	LAB_0040f548	Label	DEFAULT
0040f556	Chain	Label	USER_DEFINED
0040f55c	Launch	Label	USER_DEFINED
0040f576	LAB_0040f576	Label	DEFAULT
0040f590	LAB_0040f590	Label	DEFAULT
0040f59c	LAB_0040f59c	Label	DEFAULT
0040f5ba	LAB_0040f5ba	Label	DEFAULT
0040f5e2	LAB_0040f5e2	Label	DEFAULT
0040f624	LAB_0040f624	Label	DEFAULT
0040f626	LAB_0040f626	Label	DEFAULT
0040f640	LAB_0040f640	Label	DEFAULT
0040f66e	LAB_0040f66e	Label	DEFAULT
0040f674	LAB_0040f674	Label	DEFAULT
0040f67a	vSegStack	Label	USER_DEFINED
0040f6d8	ExitToShell	Label	USER_DEFINED
0040f6e4	LAB_0040f6e4	Label	DEFAULT
0040f70a	LAB_0040f70a	Label	DEFAULT
0040f710	GetAppParms	Label	USER_DEFINED
0040f72c	InstallRDrivers	Label	USER_DEFINED
0040f73a	@1	Label	USER_DEFINED
0040f760	LAB_0040f760	Label	DEFAULT
0040f770	LAB_0040f770	Label	DEFAULT
0040f780	LAB_0040f780	Label	DEFAULT
0040f784	@2	Label	USER_DEFINED
0040f790	ReadParam	Label	USER_DEFINED
0040f79a	SUB_0040f79a	Label	DEFAULT
0040f79c	LAB_0040f79c	Label	DEFAULT
0040f7a2	LAB_0040f7a2	Label	DEFAULT
0040f7aa	WriteParam	Label	USER_DEFINED
0040f7be	@2	Label	USER_DEFINED
0040f7c8	@3	Label	USER_DEFINED
0040f7ca	ReadDateTime	Label	USER_DEFINED
0040f7d4	SetDateTime	Label	USER_DEFINED
0040f7dc	Delay	Label	USER_DEFINED
0040f7e6	@1	Label	USER_DEFINED
0040f7ee	CmpString	Label	USER_DEFINED
0040f7fe	@1	Label	USER_DEFINED
0040f800	CSQuickNE	Label	USER_DEFINED
0040f804	RelStringTrap	Label	USER_DEFINED
0040f81a	ICStr1Long	Label	USER_DEFINED
0040f820	ICLoopTop	Label	USER_DEFINED
0040f838	ICLoopEntry	Label	USER_DEFINED
0040f844	ICHigh	Label	USER_DEFINED
0040f846	ICEqual	Label	USER_DEFINED
0040f848	ICExit	Label	USER_DEFINED
0040f84a	Canonizer	Label	USER_DEFINED
0040f852	dontStrip	Label	USER_DEFINED
0040f85a	dontUpper	Label	USER_DEFINED
0040f85c	EntString	Label	USER_DEFINED
0040f872	ExtString	Label	USER_DEFINED
0040f878	UprString	Label	USER_DEFINED
0040f878	Trap1_54	Label	USER_DEFINED
0040f87c	USLoopTop	Label	USER_DEFINED
0040f882	USLoopEntry	Label	USER_DEFINED
0040f88a	StripTab	Label	USER_DEFINED
0040f98a	UpperTab	Label	USER_DEFINED
0040fa8a	CmpTab	Label	USER_DEFINED
0040fc8a	ReadPram	Label	USER_DEFINED
0040fca0	SUB_0040fca0	Label	DEFAULT
0040fcae	DAT_0040fcae	Label	DEFAULT
0040fcb2	DAT_0040fcb2	Label	DEFAULT
0040fcc2	InitUtil	Label	USER_DEFINED
0040fcee	LAB_0040fcee	Label	DEFAULT
0040fcf8	LAB_0040fcf8	Label	DEFAULT
0040fd26	LAB_0040fd26	Label	DEFAULT
0040fd38	LAB_0040fd38	Label	DEFAULT
0040fd42	LAB_0040fd42	Label	DEFAULT
0040fd46	ReadTime	Label	USER_DEFINED
0040fd4e	LAB_0040fd4e	Label	DEFAULT
0040fd58	LAB_0040fd58	Label	DEFAULT
0040fd6e	LAB_0040fd6e	Label	DEFAULT
0040fd7c	WriteTime	Label	USER_DEFINED
0040fd88	LAB_0040fd88	Label	DEFAULT
0040fd8e	LAB_0040fd8e	Label	DEFAULT
0040fdaa	LAB_0040fdaa	Label	DEFAULT
0040fdb2	SUB_0040fdb2	Label	DEFAULT
0040fdba	SUB_0040fdba	Label	DEFAULT
0040fdc2	SUB_0040fdc2	Label	DEFAULT
0040fde4	SUB_0040fde4	Label	DEFAULT
0040fdf2	SUB_0040fdf2	Label	DEFAULT
0040fe02	LAB_0040fe02	Label	DEFAULT
0040fe0a	SUB_0040fe0a	Label	DEFAULT
0040fe18	ReadXPRam	Label	USER_DEFINED
0040fe22	WriteXPRam	Label	USER_DEFINED
0040fe2e	LAB_0040fe2e	Label	DEFAULT
0040fe36	LAB_0040fe36	Label	DEFAULT
0040fe42	LAB_0040fe42	Label	DEFAULT
0040fe4a	LAB_0040fe4a	Label	DEFAULT
0040fe6c	LAB_0040fe6c	Label	DEFAULT
0040fe72	LAB_0040fe72	Label	DEFAULT
0040fe76	SetAppBase	Label	USER_DEFINED
0040fe8a	LAB_0040fe8a	Label	DEFAULT
0040fe92	IAZ	Label	USER_DEFINED
0040febc	@10	Label	USER_DEFINED
0040fee4	InitApplZone	Label	USER_DEFINED
0040feee	LAB_0040feee	Label	DEFAULT
0040ff08	@99	Label	USER_DEFINED
0040ff14	@2	Label	USER_DEFINED
0040ff22	@3	Label	USER_DEFINED
0040ff26	@4	Label	USER_DEFINED
0040ff38	InitZone	Label	USER_DEFINED
0040ff4a	@IZClr	Label	USER_DEFINED
0040ff6c	@0	Label	USER_DEFINED
0040ff9c	LAB_0040ff9c	Label	DEFAULT
0040ffa4	GetZone	Label	USER_DEFINED
0040ffaa	SetZone	Label	USER_DEFINED
0040ffb0	MaxBlock	Label	USER_DEFINED
0040ffbe	CompactMem	Label	USER_DEFINED
0040ffc4	CMGuts	Label	USER_DEFINED
0040ffd8	LAB_0040ffd8	Label	DEFAULT
0040ffdc	LAB_0040ffdc	Label	DEFAULT
0040ffee	PurgeMem	Label	USER_DEFINED
0040fffa	LAB_0040fffa	Label	DEFAULT
00410002	LAB_00410002	Label	DEFAULT
00410004	LAB_00410004	Label	DEFAULT
00410006	LAB_00410006	Label	DEFAULT
0041000a	PurgeSpace	Label	USER_DEFINED
00410014	FreeMem	Label	USER_DEFINED
0041001e	ResrvMem	Label	USER_DEFINED
00410034	LAB_00410034	Label	DEFAULT
0041003c	MaxMem	Label	USER_DEFINED
00410052	LAB_00410052	Label	DEFAULT
0041006c	LAB_0041006c	Label	DEFAULT
00410070	SetGrowZone	Label	USER_DEFINED
0041007a	SetApplLimit	Label	USER_DEFINED
00410096	LAB_00410096	Label	DEFAULT
00410098	LAB_00410098	Label	DEFAULT
0041009e	StackSpace	Label	USER_DEFINED
004100ae	MaxApplZone	Label	USER_DEFINED
004100d4	LAB_004100d4	Label	DEFAULT
004100d6	NewPtr	Label	USER_DEFINED
004100e8	LAB_004100e8	Label	DEFAULT
004100ea	LAB_004100ea	Label	DEFAULT
004100ee	LAB_004100ee	Label	DEFAULT
004100f2	DisposPtr	Label	USER_DEFINED
004100f6	LAB_004100f6	Label	DEFAULT
00410104	LAB_00410104	Label	DEFAULT
00410108	GetPtrSize	Label	USER_DEFINED
00410112	SetPtrSize	Label	USER_DEFINED
0041011c	PtrZoneTrap	Label	USER_DEFINED
0041011c	PtrZone	Label	USER_DEFINED
00410124	SUB_00410124	Label	DEFAULT
00410130	LAB_00410130	Label	DEFAULT
00410138	LAB_00410138	Label	DEFAULT
0041013a	NewEmptyHandle	Label	USER_DEFINED
0041014e	NwHandle	Label	USER_DEFINED
00410158	LAB_00410158	Label	DEFAULT
0041015c	LAB_0041015c	Label	DEFAULT
00410162	LAB_00410162	Label	DEFAULT
00410166	LAB_00410166	Label	DEFAULT
00410168	LAB_00410168	Label	DEFAULT
0041016c	LAB_0041016c	Label	DEFAULT
00410170	DsposeHandle	Label	USER_DEFINED
00410184	LAB_00410184	Label	DEFAULT
00410188	LAB_00410188	Label	DEFAULT
0041018c	LAB_0041018c	Label	DEFAULT
00410190	GetHandleSize	Label	USER_DEFINED
0041019c	SetHandleSize	Label	USER_DEFINED
004101a2	LAB_004101a2	Label	DEFAULT
004101a6	LAB_004101a6	Label	DEFAULT
004101aa	LAB_004101aa	Label	DEFAULT
004101ae	HandleZone	Label	USER_DEFINED
004101b6	RecoverHandle	Label	USER_DEFINED
004101d2	LAB_004101d2	Label	DEFAULT
004101dc	EmptyHandle	Label	USER_DEFINED
004101e6	LAB_004101e6	Label	DEFAULT
004101ea	LAB_004101ea	Label	DEFAULT
004101ec	ReallocHandle	Label	USER_DEFINED
00410204	LAB_00410204	Label	DEFAULT
0041021e	LAB_0041021e	Label	DEFAULT
0041022a	LAB_0041022a	Label	DEFAULT
00410230	HLock	Label	USER_DEFINED
0041023a	HUnlock	Label	USER_DEFINED
00410244	HPurge	Label	USER_DEFINED
0041024e	HNoPurge	Label	USER_DEFINED
00410256	LAB_00410256	Label	DEFAULT
0041025a	LAB_0041025a	Label	DEFAULT
0041025c	LAB_0041025c	Label	DEFAULT
00410262	JHStdEntry	Label	USER_DEFINED
0041026e	LAB_0041026e	Label	DEFAULT
00410274	MoreMasters	Label	USER_DEFINED
00410284	LAB_00410284	Label	DEFAULT
0041028c	MoveHHi	Label	USER_DEFINED
00410290	&J1MoveHHi	Label	USER_DEFINED
00410294	LAB_00410294	Label	DEFAULT
00410298	LAB_00410298	Label	DEFAULT
004102a2	LAB_004102a2	Label	DEFAULT
004102ce	LAB_004102ce	Label	DEFAULT
004102e8	LAB_004102e8	Label	DEFAULT
00410334	LAB_00410334	Label	DEFAULT
0041033a	LAB_0041033a	Label	DEFAULT
0041034a	LAB_0041034a	Label	DEFAULT
00410358	LAB_00410358	Label	DEFAULT
0041038a	LAB_0041038a	Label	DEFAULT
0041038e	LAB_0041038e	Label	DEFAULT
00410390	LAB_00410390	Label	DEFAULT
004103b0	SUB_004103b0	Label	DEFAULT
004103be	LAB_004103be	Label	DEFAULT
004103d8	LAB_004103d8	Label	DEFAULT
004103dc	SUB_004103dc	Label	DEFAULT
004103ea	LAB_004103ea	Label	DEFAULT
004103ee	LAB_004103ee	Label	DEFAULT
00410404	LAB_00410404	Label	DEFAULT
0041040e	LAB_0041040e	Label	DEFAULT
00410414	LAB_00410414	Label	DEFAULT
00410416	SUB_00410416	Label	DEFAULT
00410420	LAB_00410420	Label	DEFAULT
0041043e	LAB_0041043e	Label	DEFAULT
00410454	SUB_00410454	Label	DEFAULT
0041045e	DerefHandle	Label	USER_DEFINED
0041046e	LAB_0041046e	Label	DEFAULT
00410470	SUB_00410470	Label	DEFAULT
00410486	LAB_00410486	Label	DEFAULT
0041048c	LAB_0041048c	Label	DEFAULT
0041048e	LAB_0041048e	Label	DEFAULT
00410492	LAB_00410492	Label	DEFAULT
00410496	SUB_00410496	Label	DEFAULT
004104ae	LAB_004104ae	Label	DEFAULT
004104b2	SUB_004104b2	Label	DEFAULT
004104c6	MMHPrologue	Label	USER_DEFINED
004104da	LAB_004104da	Label	DEFAULT
004104e2	LAB_004104e2	Label	DEFAULT
004104e6	LAB_004104e6	Label	DEFAULT
004104ea	SUB_004104ea	Label	DEFAULT
00410502	LAB_00410502	Label	DEFAULT
0041050a	MMEpilogue	Label	USER_DEFINED
00410512	MMExit	Label	USER_DEFINED
00410516	MMNoErrEpilogue	Label	USER_DEFINED
0041051c	MakeBkF	Label	USER_DEFINED
00410522	EH	Label	USER_DEFINED
00410536	@EHOK	Label	USER_DEFINED
00410538	@EHExit	Label	USER_DEFINED
0041053a	@EHNoPurge	Label	USER_DEFINED
0041053e	@EHSkip	Label	USER_DEFINED
00410542	CallPurgeProc	Label	USER_DEFINED
00410558	CPgReturn	Label	USER_DEFINED
0041055a	PurgeBlock	Label	USER_DEFINED
00410570	PurgeHeap	Label	USER_DEFINED
00410574	@PurgeScan	Label	USER_DEFINED
00410586	@PrgScanLoop	Label	USER_DEFINED
004105ac	@PrgSFree	Label	USER_DEFINED
004105b4	@PrgSNRel	Label	USER_DEFINED
004105b6	@PrgSAdv	Label	USER_DEFINED
004105b8	@PrgSEnd	Label	USER_DEFINED
004105cc	@PHPrgAll	Label	USER_DEFINED
004105ce	@PHLoop	Label	USER_DEFINED
004105f0	@PHSkip	Label	USER_DEFINED
004105fa	@PHDone	Label	USER_DEFINED
00410602	TotePurgeables	Label	USER_DEFINED
0041060c	@PMLoop	Label	USER_DEFINED
0041062c	@PMGotSome	Label	USER_DEFINED
0041062e	@PMLEnd	Label	USER_DEFINED
00410632	@PMSandBar	Label	USER_DEFINED
00410636	@PMExit	Label	USER_DEFINED
0041063e	@0	Label	USER_DEFINED
00410642	CallGZProc	Label	USER_DEFINED
0041065c	CGZReturn	Label	USER_DEFINED
0041065e	CompactHp	Label	USER_DEFINED
00410662	BkCompactS	Label	USER_DEFINED
00410680	@BCCPurge	Label	USER_DEFINED
0041068c	@BCCCallGZ	Label	USER_DEFINED
0041069a	@BCCDone	Label	USER_DEFINED
004106a2	BFindS	Label	USER_DEFINED
004106b8	@BFindSS	Label	USER_DEFINED
004106c2	@BFSLoop	Label	USER_DEFINED
004106cc	@BFSNext	Label	USER_DEFINED
004106d2	@BFSFLoop	Label	USER_DEFINED
004106e4	@1	Label	USER_DEFINED
004106ec	@BFSFail	Label	USER_DEFINED
004106f4	@2	Label	USER_DEFINED
004106f6	@BFSDone	Label	USER_DEFINED
004106fe	AllocBK	Label	USER_DEFINED
00410718	@ABFound	Label	USER_DEFINED
00410728	@ABNRel	Label	USER_DEFINED
0041072e	@ABMake	Label	USER_DEFINED
00410740	@ABExit	Label	USER_DEFINED
00410748	SetLogSize	Label	USER_DEFINED
00410762	MakeBk	Label	USER_DEFINED
00410782	@1	Label	USER_DEFINED
00410784	@MBFree	Label	USER_DEFINED
0041078a	@MBUseAll	Label	USER_DEFINED
0041078c	@MBDone	Label	USER_DEFINED
004107a2	HBlockMove	Label	USER_DEFINED
004107b2	CompactHp	Label	USER_DEFINED
004107c0	@CHSeekFree	Label	USER_DEFINED
004107cc	@CHStart	Label	USER_DEFINED
004107d0	@CHFndFree	Label	USER_DEFINED
004107da	@CHNR2	Label	USER_DEFINED
004107de	@CHNextBlock	Label	USER_DEFINED
0041080c	@CHFreeBlock	Label	USER_DEFINED
0041081e	@CHNextRel	Label	USER_DEFINED
00410822	@CHNextFree	Label	USER_DEFINED
00410826	@CHRtsFail	Label	USER_DEFINED
00410828	@CHRts	Label	USER_DEFINED
00410836	MakeFree	Label	USER_DEFINED
00410840	@1	Label	USER_DEFINED
00410846	@2	Label	USER_DEFINED
00410848	ToMaxLimit	Label	USER_DEFINED
00410850	MaxLimit	Label	USER_DEFINED
00410860	@2	Label	USER_DEFINED
00410862	ZoneAdjustEnd	Label	USER_DEFINED
00410884	GrowZone	Label	USER_DEFINED
004108b0	@GZPartGrow	Label	USER_DEFINED
004108be	@GZAdjFree	Label	USER_DEFINED
004108c6	@GZClnUp	Label	USER_DEFINED
004108cc	ActualS	Label	USER_DEFINED
004108de	@1	Label	USER_DEFINED
004108e0	GetSize	Label	USER_DEFINED
004108f8	ClearGZStuff	Label	USER_DEFINED
00410902	SetSize	Label	USER_DEFINED
0041093e	@SSAftFree	Label	USER_DEFINED
0041094c	@SSAFEnd	Label	USER_DEFINED
00410962	@CoalLoop	Label	USER_DEFINED
00410976	@CoalFree	Label	USER_DEFINED
0041097a	@CoalFLoop	Label	USER_DEFINED
00410984	@1	Label	USER_DEFINED
00410990	@CoalFini	Label	USER_DEFINED
004109a0	@5	Label	USER_DEFINED
004109b0	@SSFullSlide	Label	USER_DEFINED
004109c4	@10	Label	USER_DEFINED
004109e0	@SSNoSlide	Label	USER_DEFINED
004109f2	@SSAsUsual	Label	USER_DEFINED
00410a0a	@SSDoReloc	Label	USER_DEFINED
00410a24	@SSFail	Label	USER_DEFINED
00410a2c	@SSEnough	Label	USER_DEFINED
00410a42	@SSShrink	Label	USER_DEFINED
00410a66	@SSLogical	Label	USER_DEFINED
00410a6e	@SSDone	Label	USER_DEFINED
00410a70	@SSExit	Label	USER_DEFINED
00410a78	LAB_00410a78	Label	DEFAULT
00410a7c	AdjustFree	Label	USER_DEFINED
00410a84	LAB_00410a84	Label	DEFAULT
00410a88	SUB_00410a88	Label	DEFAULT
00410a98	LAB_00410a98	Label	DEFAULT
00410a9e	LAB_00410a9e	Label	DEFAULT
00410aa4	HMakeMoreMasters	Label	USER_DEFINED
00410ab2	LAB_00410ab2	Label	DEFAULT
00410ac2	LAB_00410ac2	Label	DEFAULT
00410acc	LAB_00410acc	Label	DEFAULT
00410ad4	ReleaseMP	Label	USER_DEFINED
00410ade	MakePtrSpc	Label	USER_DEFINED
00410aee	@MPSpc1	Label	USER_DEFINED
00410af8	@RegionLoop	Label	USER_DEFINED
00410b0e	@1	Label	USER_DEFINED
00410b20	@92	Label	USER_DEFINED
00410b30	@95	Label	USER_DEFINED
00410b34	@96	Label	USER_DEFINED
00410b3a	@2	Label	USER_DEFINED
00410b3c	@3	Label	USER_DEFINED
00410b40	@4	Label	USER_DEFINED
00410b4e	@MPSOuter	Label	USER_DEFINED
00410b50	@MPSExit	Label	USER_DEFINED
00410b56	MakeSpace	Label	USER_DEFINED
00410b60	@MSpLoop	Label	USER_DEFINED
00410b8a	@MSpFree	Label	USER_DEFINED
00410b98	LAB_00410b98	Label	DEFAULT
00410b9e	@MSpDone	Label	USER_DEFINED
00410ba6	LAB_00410ba6	Label	DEFAULT
00410bac	LAB_00410bac	Label	DEFAULT
00410bb6	SafeReloc	Label	USER_DEFINED
00410bce	LAB_00410bce	Label	DEFAULT
00410be2	LAB_00410be2	Label	DEFAULT
00410be8	RelocRel	Label	USER_DEFINED
00410c2c	@RRFree	Label	USER_DEFINED
00410c30	@RRExit	Label	USER_DEFINED
00410c3a	@RRFail	Label	USER_DEFINED
00410c40	FreeBk	Label	USER_DEFINED
00410c5e	@FBNRel	Label	USER_DEFINED
00410c66	@FBDone	Label	USER_DEFINED
00410c6c	StdGZ	Label	USER_DEFINED
00410c7e	SGZCritCase	Label	USER_DEFINED
00410ca8	SGZPatchGPS	Label	USER_DEFINED
00410cb0	SGZNonCrit	Label	USER_DEFINED
00410cb4	SGZtoUserGZ	Label	USER_DEFINED
00410cc0	BlockMove	Label	USER_DEFINED
00410cd8	LAB_00410cd8	Label	DEFAULT
00410ce0	LAB_00410ce0	Label	DEFAULT
00410cf6	LAB_00410cf6	Label	DEFAULT
00410cfe	CopyTailInc	Label	USER_DEFINED
00410d0e	@done	Label	USER_DEFINED
00410d12	LAB_00410d12	Label	DEFAULT
00410d28	LAB_00410d28	Label	DEFAULT
00410d30	CopyTailDec	Label	USER_DEFINED
00410d44	LAB_00410d44	Label	DEFAULT
00410d54	LAB_00410d54	Label	DEFAULT
00410d72	LAB_00410d72	Label	DEFAULT
00410d92	LAB_00410d92	Label	DEFAULT
00410da8	LAB_00410da8	Label	DEFAULT
00410dae	TailInc25	Label	USER_DEFINED
00410db0	LAB_00410db0	Label	DEFAULT
00410db2	LAB_00410db2	Label	DEFAULT
00410db4	LAB_00410db4	Label	DEFAULT
00410db6	LAB_00410db6	Label	DEFAULT
00410db8	LAB_00410db8	Label	DEFAULT
00410dba	LAB_00410dba	Label	DEFAULT
00410dbc	TailInc00	Label	USER_DEFINED
00410e00	TailInc27	Label	USER_DEFINED
00410e02	TailInc23	Label	USER_DEFINED
00410e04	TailInc19	Label	USER_DEFINED
00410e06	TailInc15	Label	USER_DEFINED
00410e08	TailInc11	Label	USER_DEFINED
00410e0a	TailInc07	Label	USER_DEFINED
00410e0c	TailInc03	Label	USER_DEFINED
00410e0e	TailInc02	Label	USER_DEFINED
00410e14	LAB_00410e14	Label	DEFAULT
00410e16	TailInc24	Label	USER_DEFINED
00410e18	LAB_00410e18	Label	DEFAULT
00410e1a	LAB_00410e1a	Label	DEFAULT
00410e1c	LAB_00410e1c	Label	DEFAULT
00410e1e	LAB_00410e1e	Label	DEFAULT
00410e20	LAB_00410e20	Label	DEFAULT
00410e22	TailInc03	Label	USER_DEFINED
00410e24	TailInc01	Label	USER_DEFINED
00410e2a	TailInc26	Label	USER_DEFINED
00410e2c	LAB_00410e2c	Label	DEFAULT
00410e2e	LAB_00410e2e	Label	DEFAULT
00410e30	LAB_00410e30	Label	DEFAULT
00410e32	LAB_00410e32	Label	DEFAULT
00410e34	LAB_00410e34	Label	DEFAULT
00410e36	LAB_00410e36	Label	DEFAULT
00410e3e	LAB_00410e3e	Label	DEFAULT
00410e46	LAB_00410e46	Label	DEFAULT
00410e64	LAB_00410e64	Label	DEFAULT
00410e84	LAB_00410e84	Label	DEFAULT
00410e9a	LAB_00410e9a	Label	DEFAULT
00410ea0	LAB_00410ea0	Label	DEFAULT
00410ea2	LAB_00410ea2	Label	DEFAULT
00410ea4	LAB_00410ea4	Label	DEFAULT
00410ea6	LAB_00410ea6	Label	DEFAULT
00410ea8	LAB_00410ea8	Label	DEFAULT
00410eaa	LAB_00410eaa	Label	DEFAULT
00410eac	LAB_00410eac	Label	DEFAULT
00410eae	LAB_00410eae	Label	DEFAULT
00410ef2	LAB_00410ef2	Label	DEFAULT
00410ef4	LAB_00410ef4	Label	DEFAULT
00410ef6	LAB_00410ef6	Label	DEFAULT
00410ef8	LAB_00410ef8	Label	DEFAULT
00410efa	LAB_00410efa	Label	DEFAULT
00410efc	LAB_00410efc	Label	DEFAULT
00410efe	LAB_00410efe	Label	DEFAULT
00410f00	LAB_00410f00	Label	DEFAULT
00410f06	LAB_00410f06	Label	DEFAULT
00410f08	LAB_00410f08	Label	DEFAULT
00410f0a	LAB_00410f0a	Label	DEFAULT
00410f0c	LAB_00410f0c	Label	DEFAULT
00410f0e	LAB_00410f0e	Label	DEFAULT
00410f10	LAB_00410f10	Label	DEFAULT
00410f12	LAB_00410f12	Label	DEFAULT
00410f14	LAB_00410f14	Label	DEFAULT
00410f16	LAB_00410f16	Label	DEFAULT
00410f1c	LAB_00410f1c	Label	DEFAULT
00410f1e	LAB_00410f1e	Label	DEFAULT
00410f20	LAB_00410f20	Label	DEFAULT
00410f22	LAB_00410f22	Label	DEFAULT
00410f24	LAB_00410f24	Label	DEFAULT
00410f26	LAB_00410f26	Label	DEFAULT
00410f28	LAB_00410f28	Label	DEFAULT
00410f30	GetKeys	Label	USER_DEFINED
00410f4c	Button	Label	USER_DEFINED
00410f5a	itsUp	Label	USER_DEFINED
00410f5e	TickCount	Label	USER_DEFINED
00410f68	GetJournal	Label	USER_DEFINED
00410f74	ItsRecord	Label	USER_DEFINED
00410f76	CallJournal	Label	USER_DEFINED
00410f96	BadJournal	Label	USER_DEFINED
00410f9e	adios	Label	USER_DEFINED
00410fa0	GetMouse	Label	USER_DEFINED
00410fb6	StillDown	Label	USER_DEFINED
00410fda	SDDONE	Label	USER_DEFINED
00410fde	WaitMouseUp	Label	USER_DEFINED
00410ff8	ItStillDown	Label	USER_DEFINED
00410ffc	EventAvail	Label	USER_DEFINED
00411000	GetNextEvent	Label	USER_DEFINED
00411022	@1	Label	USER_DEFINED
00411024	GNECommon	Label	USER_DEFINED
00411064	@1	Label	USER_DEFINED
0041107e	Dormant	Label	USER_DEFINED
0041108c	DontPeek	Label	USER_DEFINED
0041108e	GoCheckHLE	Label	USER_DEFINED
004110a0	noneYet	Label	USER_DEFINED
004110b4	PassToSystem	Label	USER_DEFINED
004110ce	TryFKey	Label	USER_DEFINED
00411110	@2	Label	USER_DEFINED
00411126	DoneFKey	Label	USER_DEFINED
00411128	HandBySys	Label	USER_DEFINED
0041112c	DoneGNE	Label	USER_DEFINED
00411136	NeverMind	Label	USER_DEFINED
00411142	CheckActivate	Label	USER_DEFINED
00411156	GotActCommon	Label	USER_DEFINED
0041117c	@SetEvtMeta	Label	USER_DEFINED
00411198	GotDone1	Label	USER_DEFINED
0041119c	DoneChkActive	Label	USER_DEFINED
004111a0	ClearDAct	Label	USER_DEFINED
004111a8	GotDActive	Label	USER_DEFINED
004111ac	NewString	Label	USER_DEFINED
004111b8	GetSPtr	Label	USER_DEFINED
004111c4	SetString	Label	USER_DEFINED
004111ce	SUB_004111ce	Label	DEFAULT
004111d6	LAB_004111d6	Label	DEFAULT
004111e4	LAB_004111e4	Label	DEFAULT
004111e8	InsertWindow?	Label	USER_DEFINED
004111fe	LAB_004111fe	Label	DEFAULT
00411212	LAB_00411212	Label	DEFAULT
0041121a	TwoParmExit	Label	USER_DEFINED
00411220	DeleteWindow	Label	USER_DEFINED
0041122e	LAB_0041122e	Label	DEFAULT
00411238	CalcVis	Label	USER_DEFINED
00411252	LAB_00411252	Label	DEFAULT
00411256	LAB_00411256	Label	DEFAULT
00411258	LAB_00411258	Label	DEFAULT
0041125a	LAB_0041125a	Label	DEFAULT
00411272	SUB_00411272	Label	DEFAULT
00411276	LAB_00411276	Label	DEFAULT
0041128a	LAB_0041128a	Label	DEFAULT
00411290	CalcVBehind	Label	USER_DEFINED
0041129a	LAB_0041129a	Label	DEFAULT
0041129e	LAB_0041129e	Label	DEFAULT
004112ce	LAB_004112ce	Label	DEFAULT
004112d4	ClipAbove	Label	USER_DEFINED
004112f8	PaintOne	Label	USER_DEFINED
0041130e	LAB_0041130e	Label	DEFAULT
00411316	LAB_00411316	Label	DEFAULT
00411350	LAB_00411350	Label	DEFAULT
00411362	LAB_00411362	Label	DEFAULT
00411368	SUB_00411368	Label	DEFAULT
00411376	SUB_00411376	Label	DEFAULT
00411382	LAB_00411382	Label	DEFAULT
00411386	SUB_00411386	Label	DEFAULT
00411396	LAB_00411396	Label	DEFAULT
004113a2	PaintBehind	Label	USER_DEFINED
004113de	LAB_004113de	Label	DEFAULT
004113f0	LAB_004113f0	Label	DEFAULT
004113f6	LAB_004113f6	Label	DEFAULT
00411402	GetNewRgn	Label	USER_DEFINED
0041140e	SaveOld	Label	USER_DEFINED
0041143c	DrawNew	Label	USER_DEFINED
00411464	LAB_00411464	Label	DEFAULT
00411496	LAB_00411496	Label	DEFAULT
0041149c	ShowHide	Label	USER_DEFINED
004114c8	LAB_004114c8	Label	DEFAULT
004114ce	SetWPort	Label	USER_DEFINED
004114d8	RestorePort	Label	USER_DEFINED
004114de	GetWMgrPort	Label	USER_DEFINED
004114e8	CheckUpdate	Label	USER_DEFINED
004114fe	LAB_004114fe	Label	DEFAULT
00411550	LAB_00411550	Label	DEFAULT
00411556	LAB_00411556	Label	DEFAULT
00411560	LAB_00411560	Label	DEFAULT
00411570	AllocPort	Label	USER_DEFINED
00411572	SUB_00411572	Label	DEFAULT
00411574	SUB_00411574	Label	DEFAULT
0041157c	InitWindows	Label	USER_DEFINED
00411636	LAB_00411636	Label	DEFAULT
00411642	NewWindow	Label	USER_DEFINED
0041165e	LAB_0041165e	Label	DEFAULT
0041169e	LAB_0041169e	Label	DEFAULT
004116ae	LAB_004116ae	Label	DEFAULT
00411712	LAB_00411712	Label	DEFAULT
00411734	LAB_00411734	Label	DEFAULT
00411746	LAB_00411746	Label	DEFAULT
00411750	LAB_00411750	Label	DEFAULT
0041175c	SUB_0041175c	Label	DEFAULT
00411766	SUB_00411766	Label	DEFAULT
00411774	LAB_00411774	Label	DEFAULT
00411776	CloseWindow	Label	USER_DEFINED
004117c4	LAB_004117c4	Label	DEFAULT
004117d6	LAB_004117d6	Label	DEFAULT
004117de	LAB_004117de	Label	DEFAULT
004117e6	MakeDeactive	Label	USER_DEFINED
00411802	LAB_00411802	Label	DEFAULT
00411804	DisposeWindow	Label	USER_DEFINED
00411804	DisposWindow	Label	USER_DEFINED
00411812	ShowWindow	Label	USER_DEFINED
00411816	SFLoop	Label	USER_DEFINED
0041182a	LAB_0041182a	Label	DEFAULT
00411834	LAB_00411834	Label	DEFAULT
0041183a	HideWindow	Label	USER_DEFINED
00411850	LAB_00411850	Label	DEFAULT
0041185c	LAB_0041185c	Label	DEFAULT
00411860	LAB_00411860	Label	DEFAULT
00411864	GetWRefCon	Label	USER_DEFINED
00411868	LAB_00411868	Label	DEFAULT
00411872	SetWRefCon	Label	USER_DEFINED
00411876	LAB_00411876	Label	DEFAULT
00411882	SetWindowPic	Label	USER_DEFINED
00411888	GetWindowPic	Label	USER_DEFINED
0041188e	GetWTitle	Label	USER_DEFINED
0041189c	LAB_0041189c	Label	DEFAULT
004118a6	SetWTitle	Label	USER_DEFINED
004118f0	LAB_004118f0	Label	DEFAULT
00411908	LAB_00411908	Label	DEFAULT
00411914	LAB_00411914	Label	DEFAULT
00411918	SUB_00411918	Label	DEFAULT
00411924	DeltaPoint	Label	USER_DEFINED
0041193e	MoveGuts	Label	USER_DEFINED
00411974	MoveWindow	Label	USER_DEFINED
004119ba	LAB_004119ba	Label	DEFAULT
004119f8	LAB_004119f8	Label	DEFAULT
00411a20	CallWindow	Label	USER_DEFINED
00411a20	CallMBarProc	Label	USER_DEFINED
00411a46	LAB_00411a46	Label	DEFAULT
00411a5a	SUB_00411a5a	Label	DEFAULT
00411a68	CallWCalc	Label	USER_DEFINED
00411a84	HiliteWindow	Label	USER_DEFINED
00411aa6	LAB_00411aa6	Label	DEFAULT
00411ab2	SUB_00411ab2	Label	DEFAULT
00411ab6	LAB_00411ab6	Label	DEFAULT
00411abe	ClipGAbove	Label	USER_DEFINED
00411ac4	SizeWindow	Label	USER_DEFINED
00411af6	LAB_00411af6	Label	DEFAULT
00411afa	LAB_00411afa	Label	DEFAULT
00411b02	SizeGuts	Label	USER_DEFINED
00411b18	ZoomWindow	Label	USER_DEFINED
00411b3c	@1	Label	USER_DEFINED
00411b70	@2	Label	USER_DEFINED
00411b7e	TrackGoAway	Label	USER_DEFINED
00411b86	TrackBox	Label	USER_DEFINED
00411ba8	LAB_00411ba8	Label	DEFAULT
00411bb8	LAB_00411bb8	Label	DEFAULT
00411bc0	LAB_00411bc0	Label	DEFAULT
00411bdc	LAB_00411bdc	Label	DEFAULT
00411bea	SUB_00411bea	Label	DEFAULT
00411bf4	SelectWindow	Label	USER_DEFINED
00411bf8	SUB_00411bf8	Label	DEFAULT
00411c10	SUB_00411c10	Label	DEFAULT
00411c1a	LAB_00411c1a	Label	DEFAULT
00411c20	LAB_00411c20	Label	DEFAULT
00411c24	BringToFront	Label	USER_DEFINED
00411c28	SUB_00411c28	Label	DEFAULT
00411c44	LAB_00411c44	Label	DEFAULT
00411c78	LAB_00411c78	Label	DEFAULT
00411c80	LAB_00411c80	Label	DEFAULT
00411ca2	LAB_00411ca2	Label	DEFAULT
00411caa	LAB_00411caa	Label	DEFAULT
00411cb6	NEGWORDS	Label	USER_DEFINED
00411cc0	SendBehind	Label	USER_DEFINED
00411cd6	LAB_00411cd6	Label	DEFAULT
00411ce8	LAB_00411ce8	Label	DEFAULT
00411d16	BeginUpdate	Label	USER_DEFINED
00411d50	EndUpdate	Label	USER_DEFINED
00411d72	FrontWindow	Label	USER_DEFINED
00411d80	LAB_00411d80	Label	DEFAULT
00411d90	LAB_00411d90	Label	DEFAULT
00411d96	LAB_00411d96	Label	DEFAULT
00411d9a	LAB_00411d9a	Label	DEFAULT
00411d9c	DragWindow	Label	USER_DEFINED
00411dc2	LAB_00411dc2	Label	DEFAULT
00411dee	LAB_00411dee	Label	DEFAULT
00411e36	LAB_00411e36	Label	DEFAULT
00411e3e	LAB_00411e3e	Label	DEFAULT
00411e48	LAB_00411e48	Label	DEFAULT
00411e52	WMgrGray	Label	USER_DEFINED
00411e56	DAT_00411e56	Label	DEFAULT
00411e5a	DragGrayRgn	Label	USER_DEFINED
00411e66	DragTheRgn	Label	USER_DEFINED
00411e6a	ROMDragTheRgn+4	Label	USER_DEFINED
00411eb0	LAB_00411eb0	Label	DEFAULT
00411ec4	LAB_00411ec4	Label	DEFAULT
00411ee2	LAB_00411ee2	Label	DEFAULT
00411ee4	LAB_00411ee4	Label	DEFAULT
00411efa	LAB_00411efa	Label	DEFAULT
00411f04	NoMotion	Label	USER_DEFINED
00411f12	LAB_00411f12	Label	DEFAULT
00411f18	&RomDrag2	Label	USER_DEFINED
00411f28	LAB_00411f28	Label	DEFAULT
00411f42	LAB_00411f42	Label	DEFAULT
00411f50	CallDragHook	Label	USER_DEFINED
00411f54	CallDrg1	Label	USER_DEFINED
00411f5a	NoDHook	Label	USER_DEFINED
00411f5c	LAB_00411f5c	Label	DEFAULT
00411f70	GoPaintRgn	Label	USER_DEFINED
00411f76	InSlopRect	Label	USER_DEFINED
00411f7e	PinBounds	Label	USER_DEFINED
00411f8e	InvalRgn	Label	USER_DEFINED
00411f90	IValCommon	Label	USER_DEFINED
00411fbe	GODIFFIT	Label	USER_DEFINED
00411fc0	SKIP1DIFFIT	Label	USER_DEFINED
00411fc6	GoExit1	Label	USER_DEFINED
00411fce	InvalRect	Label	USER_DEFINED
00411fd0	IRectCommon	Label	USER_DEFINED
00411fec	ValidRgn	Label	USER_DEFINED
00411ff0	ValidRect	Label	USER_DEFINED
00411ff4	GrowWindow	Label	USER_DEFINED
00412052	GDragLoop	Label	USER_DEFINED
00412072	GDNextLoop	Label	USER_DEFINED
00412088	@1	Label	USER_DEFINED
00412098	TwelveBytExit	Label	USER_DEFINED
004120a0	CallGrow	Label	USER_DEFINED
004120ae	GetPinMouse	Label	USER_DEFINED
004120e6	GWCalcSize	Label	USER_DEFINED
004120f6	FindWindow	Label	USER_DEFINED
00412112	OnMBar	Label	USER_DEFINED
00412116	NotOnMBar	Label	USER_DEFINED
0041211a	FWLoop	Label	USER_DEFINED
0041213c	NextFW	Label	USER_DEFINED
00412142	FoundWindow	Label	USER_DEFINED
00412150	GoDoneFW	Label	USER_DEFINED
00412152	GoChkDrag	Label	USER_DEFINED
0041215e	ItsInGrow	Label	USER_DEFINED
00412162	ItsInContent	Label	USER_DEFINED
00412164	DoneFWindow	Label	USER_DEFINED
00412170	DoneFW1	Label	USER_DEFINED
0041217a	DrawGrowIcon	Label	USER_DEFINED
00412198	InitMenus	Label	USER_DEFINED
004121be	SUB_004121be	Label	DEFAULT
004121ce	SUB_004121ce	Label	DEFAULT
004121e6	SUB_004121e6	Label	DEFAULT
004121ea	InitMList?	Label	USER_DEFINED
004121f6	LAB_004121f6	Label	DEFAULT
004121fe	ClearMenuBar	Label	USER_DEFINED
0041220e	InsertMenu	Label	USER_DEFINED
00412252	LAB_00412252	Label	DEFAULT
00412258	LAB_00412258	Label	DEFAULT
0041226e	LAB_0041226e	Label	DEFAULT
00412280	@DoneInsert	Label	USER_DEFINED
00412284	SixBytExit	Label	USER_DEFINED
0041228a	SUB_0041228a	Label	DEFAULT
00412296	LAB_00412296	Label	DEFAULT
004122a4	LAB_004122a4	Label	DEFAULT
004122a8	LAB_004122a8	Label	DEFAULT
004122aa	LAB_004122aa	Label	DEFAULT
004122ae	DeleteMenu	Label	USER_DEFINED
004122c6	LAB_004122c6	Label	DEFAULT
004122d2	LAB_004122d2	Label	DEFAULT
004122e8	LAB_004122e8	Label	DEFAULT
004122ea	LAB_004122ea	Label	DEFAULT
004122f0	SUB_004122f0	Label	DEFAULT
00412310	LAB_00412310	Label	DEFAULT
00412314	LAB_00412314	Label	DEFAULT
00412318	??	Label	USER_DEFINED
00412350	DrawMenuBar	Label	USER_DEFINED
0041237a	LAB_0041237a	Label	DEFAULT
004123aa	LAB_004123aa	Label	DEFAULT
004123b4	LAB_004123b4	Label	DEFAULT
004123ba	LAB_004123ba	Label	DEFAULT
004123c4	SUB_004123c4	Label	DEFAULT
004123da	HiliteMenu	Label	USER_DEFINED
004123fa	LAB_004123fa	Label	DEFAULT
00412404	EnableItem	Label	USER_DEFINED
00412408	EnableCom	Label	USER_DEFINED
00412410	EnableFetch	Label	USER_DEFINED
00412420	DisableItem	Label	USER_DEFINED
00412426	GetMenuPtr	Label	USER_DEFINED
00412432	LAB_00412432	Label	DEFAULT
00412434	GetA0List	Label	USER_DEFINED
00412438	ChkA0List	Label	USER_DEFINED
00412440	GetA1List	Label	USER_DEFINED
0041244c	ListPurged	Label	USER_DEFINED
00412450	SUB_00412450	Label	DEFAULT
00412456	SUB_00412456	Label	DEFAULT
0041246c	LAB_0041246c	Label	DEFAULT
0041246e	MenuSelect	Label	USER_DEFINED
004124a2	LAB_004124a2	Label	DEFAULT
004124b0	LAB_004124b0	Label	DEFAULT
004124bc	LAB_004124bc	Label	DEFAULT
004124c6	LAB_004124c6	Label	DEFAULT
004124de	LAB_004124de	Label	DEFAULT
004124fa	LAB_004124fa	Label	DEFAULT
0041251a	LAB_0041251a	Label	DEFAULT
0041254a	LAB_0041254a	Label	DEFAULT
0041254e	LAB_0041254e	Label	DEFAULT
00412550	LAB_00412550	Label	DEFAULT
0041257a	LAB_0041257a	Label	DEFAULT
00412594	LAB_00412594	Label	DEFAULT
00412598	LAB_00412598	Label	DEFAULT
004125a2	LAB_004125a2	Label	DEFAULT
004125b2	LAB_004125b2	Label	DEFAULT
004125c0	LAB_004125c0	Label	DEFAULT
004125c6	LAB_004125c6	Label	DEFAULT
004125d0	LAB_004125d0	Label	DEFAULT
004125dc	SUB_004125dc	Label	DEFAULT
00412600	LAB_00412600	Label	DEFAULT
00412622	SUB_00412622	Label	DEFAULT
00412634	LAB_00412634	Label	DEFAULT
0041263e	SUB_0041263e	Label	DEFAULT
0041269a	LAB_0041269a	Label	DEFAULT
004126e2	LAB_004126e2	Label	DEFAULT
004126e8	SUB_004126e8	Label	DEFAULT
00412710	CallMDefProc??	Label	USER_DEFINED
00412726	LAB_00412726	Label	DEFAULT
00412728	NoMenuDef	Label	USER_DEFINED
00412730	SUB_00412730	Label	DEFAULT
00412734	SUB_00412734	Label	DEFAULT
00412740	LAB_00412740	Label	DEFAULT
00412742	SUB_00412742	Label	DEFAULT
00412758	LAB_00412758	Label	DEFAULT
00412766	LAB_00412766	Label	DEFAULT
0041276a	SUB_0041276a	Label	DEFAULT
00412776	SUB_00412776	Label	DEFAULT
00412796	LAB_00412796	Label	DEFAULT
0041279e	GetMenuBar	Label	USER_DEFINED
004127ac	LAB_004127ac	Label	DEFAULT
004127b2	SetMenuBar	Label	USER_DEFINED
004127c2	DisposMenu	Label	USER_DEFINED
004127d2	LAB_004127d2	Label	DEFAULT
004127d4	LAB_004127d4	Label	DEFAULT
004127d8	FlashMenuBar	Label	USER_DEFINED
00412800	LAB_00412800	Label	DEFAULT
0041280e	LAB_0041280e	Label	DEFAULT
00412830	SUB_00412830	Label	DEFAULT
0041283e	LAB_0041283e	Label	DEFAULT
0041284c	LAB_0041284c	Label	DEFAULT
00412856	LAB_00412856	Label	DEFAULT
00412862	LAB_00412862	Label	DEFAULT
00412882	LAB_00412882	Label	DEFAULT
00412888	LAB_00412888	Label	DEFAULT
004128a4	LAB_004128a4	Label	DEFAULT
004128ac	GetItmIcon	Label	USER_DEFINED
004128b0	SetItmIcon	Label	USER_DEFINED
004128b4	GetItmStyle	Label	USER_DEFINED
004128b8	SetItmStyle	Label	USER_DEFINED
004128bc	GetItmMark	Label	USER_DEFINED
004128c0	SetItmMark	Label	USER_DEFINED
004128c4	CheckItem	Label	USER_DEFINED
004128d2	LAB_004128d2	Label	DEFAULT
004128d8	SUB_004128d8	Label	DEFAULT
004128e4	MenuKey	Label	USER_DEFINED
004128f6	LAB_004128f6	Label	DEFAULT
00412906	LAB_00412906	Label	DEFAULT
00412922	LAB_00412922	Label	DEFAULT
00412926	LAB_00412926	Label	DEFAULT
0041292e	LAB_0041292e	Label	DEFAULT
00412936	LAB_00412936	Label	DEFAULT
00412956	LAB_00412956	Label	DEFAULT
00412960	GetItem	Label	USER_DEFINED
0041297c	LAB_0041297c	Label	DEFAULT
00412980	LAB_00412980	Label	DEFAULT
00412984	SUB_00412984	Label	DEFAULT
00412994	CalcMenuSize	Label	USER_DEFINED
004129b6	LAB_004129b6	Label	DEFAULT
004129c8	LAB_004129c8	Label	DEFAULT
004129ca	NewMenu	Label	USER_DEFINED
00412a0e	LAB_00412a0e	Label	DEFAULT
00412a1a	AppendMenu	Label	USER_DEFINED
00412a22	InsMenuItem	Label	USER_DEFINED
00412a44	SUB_00412a44	Label	DEFAULT
00412a4c	LAB_00412a4c	Label	DEFAULT
00412a60	SUB_00412a60	Label	DEFAULT
00412a6a	MCHARTABLE	Label	USER_DEFINED
00412a6f	MCHARTABLE+5	Label	DEFAULT
00412a70	MCHARTABLE+6	Label	DEFAULT
00412a71	STYLECHRTAB	Label	USER_DEFINED
00412a74	STYLECHRTAB+3	Label	DEFAULT
00412a75	STYLECHRTAB+4	Label	DEFAULT
00412a76	SUB_00412a76	Label	DEFAULT
00412a88	LAB_00412a88	Label	DEFAULT
00412a90	LAB_00412a90	Label	DEFAULT
00412a9c	LAB_00412a9c	Label	DEFAULT
00412aa6	LAB_00412aa6	Label	DEFAULT
00412ab4	LAB_00412ab4	Label	DEFAULT
00412abc	LAB_00412abc	Label	DEFAULT
00412ad8	LAB_00412ad8	Label	DEFAULT
00412ae6	LAB_00412ae6	Label	DEFAULT
00412af0	SUB_00412af0	Label	DEFAULT
00412afc	LAB_00412afc	Label	DEFAULT
00412afe	SUB_00412afe	Label	DEFAULT
00412b10	LAB_00412b10	Label	DEFAULT
00412b12	SUB_00412b12	Label	DEFAULT
00412b24	LAB_00412b24	Label	DEFAULT
00412b36	LAB_00412b36	Label	DEFAULT
00412b66	LAB_00412b66	Label	DEFAULT
00412b68	SUB_00412b68	Label	DEFAULT
00412b7e	GetMHandle	Label	USER_DEFINED
00412b9a	LAB_00412b9a	Label	DEFAULT
00412b9e	DelMenuItem	Label	USER_DEFINED
00412bd0	SetItem	Label	USER_DEFINED
00412bf0	LAB_00412bf0	Label	DEFAULT
00412c0e	LAB_00412c0e	Label	DEFAULT
00412c16	SetMFlash	Label	USER_DEFINED
00412c20	AddResMenu	Label	USER_DEFINED
00412c28	InsertResMenu	Label	USER_DEFINED
00412c38	LAB_00412c38	Label	DEFAULT
00412c5c	LAB_00412c5c	Label	DEFAULT
00412c6c	LAB_00412c6c	Label	DEFAULT
00412ca6	LAB_00412ca6	Label	DEFAULT
00412cc8	LAB_00412cc8	Label	DEFAULT
00412cd2	LAB_00412cd2	Label	DEFAULT
00412cd8	LAB_00412cd8	Label	DEFAULT
00412cec	LAB_00412cec	Label	DEFAULT
00412cfc	CountMItems	Label	USER_DEFINED
00412cfe	LAB_00412cfe	Label	DEFAULT
00412d18	PlotIcon	Label	USER_DEFINED
00412d50	LAB_00412d50	Label	DEFAULT
00412d54	NewControl	Label	USER_DEFINED
00412dae	LAB_00412dae	Label	DEFAULT
00412dea	LAB_00412dea	Label	DEFAULT
00412df8	SUB_00412df8	Label	DEFAULT
00412e2c	CallControl	Label	USER_DEFINED
00412e58	LAB_00412e58	Label	DEFAULT
00412e6c	LAB_00412e6c	Label	DEFAULT
00412e6e	LAB_00412e6e	Label	DEFAULT
00412e70	SUB_00412e70	Label	DEFAULT
00412e96	DisposControl	Label	USER_DEFINED
00412eba	KillControls	Label	USER_DEFINED
00412ec0	LAB_00412ec0	Label	DEFAULT
00412ecc	DrawOneControl	Label	USER_DEFINED
00412ed6	ShowControl	Label	USER_DEFINED
00412ee8	LAB_00412ee8	Label	DEFAULT
00412eee	LAB_00412eee	Label	DEFAULT
00412ef4	HideControl	Label	USER_DEFINED
00412f0e	MoveControl	Label	USER_DEFINED
00412f3a	LAB_00412f3a	Label	DEFAULT
00412f42	LAB_00412f42	Label	DEFAULT
00412f46	LAB_00412f46	Label	DEFAULT
00412f4c	GetCRefCon	Label	USER_DEFINED
00412f4e	LAB_00412f4e	Label	DEFAULT
00412f5a	SetCRefCon	Label	USER_DEFINED
00412f5c	LAB_00412f5c	Label	DEFAULT
00412f6a	GetCtlAction	Label	USER_DEFINED
00412f6e	SetCtlAction	Label	USER_DEFINED
00412f72	SizeControl	Label	USER_DEFINED
00412f9a	HiliteControl	Label	USER_DEFINED
00412fba	LAB_00412fba	Label	DEFAULT
00412fbe	LAB_00412fbe	Label	DEFAULT
00412fc0	LAB_00412fc0	Label	DEFAULT
00412fc6	GetCTitle	Label	USER_DEFINED
00412fde	SetCTitle	Label	USER_DEFINED
00413018	LAB_00413018	Label	DEFAULT
00413020	GetCtlValue	Label	USER_DEFINED
00413022	LAB_00413022	Label	DEFAULT
0041302e	GetMinCtl	Label	USER_DEFINED
00413032	GetMaxCtl	Label	USER_DEFINED
00413036	SetCtlValue	Label	USER_DEFINED
00413038	LAB_00413038	Label	DEFAULT
0041305c	LAB_0041305c	Label	DEFAULT
00413066	LAB_00413066	Label	DEFAULT
00413072	LAB_00413072	Label	DEFAULT
00413078	SetMinCtl	Label	USER_DEFINED
0041307c	SetMaxCtl	Label	USER_DEFINED
00413080	TestControl	Label	USER_DEFINED
004130a8	LAB_004130a8	Label	DEFAULT
004130ae	DragControl	Label	USER_DEFINED
004130b2	DragCon1	Label	USER_DEFINED
00413100	@1	Label	USER_DEFINED
00413110	DoneDC1	Label	USER_DEFINED
00413114	DCMoveIt	Label	USER_DEFINED
00413130	DoneDrgControl	Label	USER_DEFINED
00413142	OwnerPort	Label	USER_DEFINED
00413160	TrackControl	Label	USER_DEFINED
00413176	TrkCtlLoop	Label	USER_DEFINED
0041318e	CheckCPart	Label	USER_DEFINED
00413194	CheckAction	Label	USER_DEFINED
004131c0	UseGAction	Label	USER_DEFINED
004131ca	TCNextMouse	Label	USER_DEFINED
004131de	TrackDone	Label	USER_DEFINED
004131ee	DoTheThumb	Label	USER_DEFINED
00413220	@1	Label	USER_DEFINED
00413248	ReturnZero	Label	USER_DEFINED
0041324e	UpdtControls	Label	USER_DEFINED
0041325e	DrawControls	Label	USER_DEFINED
0041326c	DCCommon	Label	USER_DEFINED
00413286	DCLoop	Label	USER_DEFINED
004132a0	DoDC	Label	USER_DEFINED
004132a6	LAB_004132a6	Label	DEFAULT
004132ac	DoneDrwCtls	Label	USER_DEFINED
004132be	DeleteList	Label	USER_DEFINED
004132ce	DeleteLoop	Label	USER_DEFINED
004132d6	DeleteNext	Label	USER_DEFINED
004132e0	DelDone	Label	USER_DEFINED
004132e6	FindControl	Label	USER_DEFINED
00413326	LAB_00413326	Label	DEFAULT
0041333c	LAB_0041333c	Label	DEFAULT
00413348	LAB_00413348	Label	DEFAULT
00413354	NullStr	Label	USER_DEFINED
00413376	InitResources	Label	USER_DEFINED
004133a2	LAB_004133a2	Label	DEFAULT
004133e8	LAB_004133e8	Label	DEFAULT
004133ec	SUB_004133ec	Label	DEFAULT
00413402	LAB_00413402	Label	DEFAULT
00413404	SUB_00413404	Label	DEFAULT
0041345a	SUB_0041345a	Label	DEFAULT
00413484	LAB_00413484	Label	DEFAULT
00413496	SUB_00413496	Label	DEFAULT
0041349a	SUB_0041349a	Label	DEFAULT
004134a6	LAB_004134a6	Label	DEFAULT
004134c0	LAB_004134c0	Label	DEFAULT
004134cc	LAB_004134cc	Label	DEFAULT
004134ce	SUB_004134ce	Label	DEFAULT
004134d4	vSuperLoad	Label	USER_DEFINED
004134e2	LAB_004134e2	Label	DEFAULT
00413502	LAB_00413502	Label	DEFAULT
00413538	LAB_00413538	Label	DEFAULT
00413540	LAB_00413540	Label	DEFAULT
0041355a	LAB_0041355a	Label	DEFAULT
00413568	LAB_00413568	Label	DEFAULT
00413574	SUB_00413574	Label	DEFAULT
0041357a	OddSize	Label	USER_DEFINED
0041358a	GetMaxLoad	Label	USER_DEFINED
004135a6	LAB_004135a6	Label	DEFAULT
004135b6	LAB_004135b6	Label	DEFAULT
004135be	LAB_004135be	Label	DEFAULT
004135d6	LAB_004135d6	Label	DEFAULT
004135f6	LAB_004135f6	Label	DEFAULT
004135f8	LAB_004135f8	Label	DEFAULT
004135fa	SUB_004135fa	Label	DEFAULT
00413610	LAB_00413610	Label	DEFAULT
00413612	SUB_00413612	Label	DEFAULT
00413618	vNewMap	Label	USER_DEFINED
0041365a	LAB_0041365a	Label	DEFAULT
004136c4	LAB_004136c4	Label	DEFAULT
004136da	LAB_004136da	Label	DEFAULT
004136e0	LAB_004136e0	Label	DEFAULT
004136e4	LAB_004136e4	Label	DEFAULT
004136f2	SUB_004136f2	Label	DEFAULT
00413702	LAB_00413702	Label	DEFAULT
00413708	RsrcZoneInit	Label	USER_DEFINED
0041371e	LAB_0041371e	Label	DEFAULT
0041372a	LAB_0041372a	Label	DEFAULT
00413732	LAB_00413732	Label	DEFAULT
00413736	SUB_00413736	Label	DEFAULT
0041374a	LAB_0041374a	Label	DEFAULT
0041374c	SUB_0041374c	Label	DEFAULT
0041378c	LAB_0041378c	Label	DEFAULT
00413792	LAB_00413792	Label	DEFAULT
004137a6	CreateResFile	Label	USER_DEFINED
004137c6	LAB_004137c6	Label	DEFAULT
004137ea	LAB_004137ea	Label	DEFAULT
004137ec	LAB_004137ec	Label	DEFAULT
004137f0	OpenResFile	Label	USER_DEFINED
004137f4	LAB_004137f4	Label	DEFAULT
00413816	LAB_00413816	Label	DEFAULT
0041381a	OpenRFPerm	Label	USER_DEFINED
0041382e	UseResFile	Label	USER_DEFINED
00413838	GetResFileAttrs	Label	USER_DEFINED
00413844	SetResFileAttrs	Label	USER_DEFINED
00413858	LAB_00413858	Label	DEFAULT
0041385c	SUB_0041385c	Label	DEFAULT
0041386e	LAB_0041386e	Label	DEFAULT
0041387a	SUB_0041387a	Label	DEFAULT
0041387c	SUB_0041387c	Label	DEFAULT
00413880	ZnextRes	Label	USER_DEFINED
00413882	SUB_00413882	Label	DEFAULT
0041388a	LAB_0041388a	Label	DEFAULT
004138a6	LAB_004138a6	Label	DEFAULT
004138c0	LAB_004138c0	Label	DEFAULT
004138ca	LAB_004138ca	Label	DEFAULT
004138de	LAB_004138de	Label	DEFAULT
004138e6	LAB_004138e6	Label	DEFAULT
004138f4	LAB_004138f4	Label	DEFAULT
004138fa	SUB_004138fa	Label	DEFAULT
00413908	SUB_00413908	Label	DEFAULT
0041390e	LAB_0041390e	Label	DEFAULT
00413910	UpdateResFIle	Label	USER_DEFINED
00413924	LAB_00413924	Label	DEFAULT
00413946	LAB_00413946	Label	DEFAULT
00413950	LAB_00413950	Label	DEFAULT
00413954	LAB_00413954	Label	DEFAULT
0041396a	LAB_0041396a	Label	DEFAULT
0041397e	LAB_0041397e	Label	DEFAULT
00413982	LAB_00413982	Label	DEFAULT
00413996	LAB_00413996	Label	DEFAULT
0041399a	LAB_0041399a	Label	DEFAULT
004139ac	LAB_004139ac	Label	DEFAULT
004139dc	vCmpFrm	Label	USER_DEFINED
004139e8	LAB_004139e8	Label	DEFAULT
004139ec	LAB_004139ec	Label	DEFAULT
004139f2	UpdtReturn	Label	USER_DEFINED
00413a0e	LAB_00413a0e	Label	DEFAULT
00413a12	LAB_00413a12	Label	DEFAULT
00413a38	LAB_00413a38	Label	DEFAULT
00413a3c	CmpFrmMem	Label	USER_DEFINED
00413a5e	LAB_00413a5e	Label	DEFAULT
00413a7a	LAB_00413a7a	Label	DEFAULT
00413a7c	SUB_00413a7c	Label	DEFAULT
00413a80	Ptr1Exit	Label	USER_DEFINED
00413a8a	SUB_00413a8a	Label	DEFAULT
00413a8e	LAB_00413a8e	Label	DEFAULT
00413a94	LAB_00413a94	Label	DEFAULT
00413a96	RLocnNew	Label	USER_DEFINED
00413ab2	WriteZero	Label	USER_DEFINED
00413ab4	SUB_00413ab4	Label	DEFAULT
00413ab8	LAB_00413ab8	Label	DEFAULT
00413ac6	SUB_00413ac6	Label	DEFAULT
00413ada	LAB_00413ada	Label	DEFAULT
00413af2	LAB_00413af2	Label	DEFAULT
00413b20	CmpDskExit	Label	USER_DEFINED
00413b2c	LAB_00413b2c	Label	DEFAULT
00413b46	LAB_00413b46	Label	DEFAULT
00413b4e	LAB_00413b4e	Label	DEFAULT
00413b58	PartRead	Label	USER_DEFINED
00413b74	LAB_00413b74	Label	DEFAULT
00413b8e	PartWrite	Label	USER_DEFINED
00413bcc	LAB_00413bcc	Label	DEFAULT
00413bd2	CloseResFile	Label	USER_DEFINED
00413bea	LAB_00413bea	Label	DEFAULT
00413bf4	LAB_00413bf4	Label	DEFAULT
00413c0a	LAB_00413c0a	Label	DEFAULT
00413c12	LAB_00413c12	Label	DEFAULT
00413c18	LAB_00413c18	Label	DEFAULT
00413c2a	LAB_00413c2a	Label	DEFAULT
00413c32	LAB_00413c32	Label	DEFAULT
00413c54	LAB_00413c54	Label	DEFAULT
00413c62	LAB_00413c62	Label	DEFAULT
00413c6e	LAB_00413c6e	Label	DEFAULT
00413c76	CountResources	Label	USER_DEFINED
00413c76	Count1Resources	Label	USER_DEFINED
00413c7a	CountResources	Label	USER_DEFINED
00413c86	LAB_00413c86	Label	DEFAULT
00413c92	LAB_00413c92	Label	DEFAULT
00413ca0	GetIndResource	Label	USER_DEFINED
00413ca0	Get1IxResource	Label	USER_DEFINED
00413ca4	GetIndResource	Label	USER_DEFINED
00413ce2	LAB_00413ce2	Label	DEFAULT
00413ce6	LAB_00413ce6	Label	DEFAULT
00413cf8	LAB_00413cf8	Label	DEFAULT
00413d14	LAB_00413d14	Label	DEFAULT
00413d18	LAB_00413d18	Label	DEFAULT
00413d20	LAB_00413d20	Label	DEFAULT
00413d32	LAB_00413d32	Label	DEFAULT
00413d38	LAB_00413d38	Label	DEFAULT
00413d3c	CountTypes	Label	USER_DEFINED
00413d3c	Count1Types	Label	USER_DEFINED
00413d40	CountTypes	Label	USER_DEFINED
00413d50	CountITypes	Label	USER_DEFINED
00413d5c	LAB_00413d5c	Label	DEFAULT
00413d62	LAB_00413d62	Label	DEFAULT
00413d6c	LAB_00413d6c	Label	DEFAULT
00413d74	LAB_00413d74	Label	DEFAULT
00413d78	LAB_00413d78	Label	DEFAULT
00413d7e	LAB_00413d7e	Label	DEFAULT
00413d86	GetIndType	Label	USER_DEFINED
00413d86	Get1IxType	Label	USER_DEFINED
00413d8a	GetIndType	Label	USER_DEFINED
00413da6	@9	Label	USER_DEFINED
00413dac	UniqueID	Label	USER_DEFINED
00413dac	Unique1ID	Label	USER_DEFINED
00413db0	UniqueID	Label	USER_DEFINED
00413db8	LAB_00413db8	Label	DEFAULT
00413dcc	LAB_00413dcc	Label	DEFAULT
00413ddc	LAB_00413ddc	Label	DEFAULT
00413dea	GetResource	Label	USER_DEFINED
00413dea	Get1Resource	Label	USER_DEFINED
00413dee	GetResource	Label	USER_DEFINED
00413dfc	@2	Label	USER_DEFINED
00413e02	@0	Label	USER_DEFINED
00413e12	@1	Label	USER_DEFINED
00413e1a	@8	Label	USER_DEFINED
00413e2a	@9	Label	USER_DEFINED
00413e2e	GetNamedResource	Label	USER_DEFINED
00413e2e	Get1NamedResour	Label	USER_DEFINED
00413e32	GetNamedResource	Label	USER_DEFINED
00413e3e	@1	Label	USER_DEFINED
00413e4c	@2	Label	USER_DEFINED
00413e60	LAB_00413e60	Label	DEFAULT
00413e66	@4	Label	USER_DEFINED
00413e72	LAB_00413e72	Label	DEFAULT
00413e82	LAB_00413e82	Label	DEFAULT
00413e88	GetTopMap	Label	USER_DEFINED
00413e9c	GetCurMap	Label	USER_DEFINED
00413ea0	SUB_00413ea0	Label	DEFAULT
00413eac	LAB_00413eac	Label	DEFAULT
00413eb4	LAB_00413eb4	Label	DEFAULT
00413ebe	LAB_00413ebe	Label	DEFAULT
00413eca	NextMap	Label	USER_DEFINED
00413ed4	LAB_00413ed4	Label	DEFAULT
00413eda	LAB_00413eda	Label	DEFAULT
00413ee6	SUB_00413ee6	Label	DEFAULT
00413ef2	SUB_00413ef2	Label	DEFAULT
00413efc	LAB_00413efc	Label	DEFAULT
00413f00	LAB_00413f00	Label	DEFAULT
00413f04	LAB_00413f04	Label	DEFAULT
00413f06	SUB_00413f06	Label	DEFAULT
00413f10	IDScan	Label	USER_DEFINED
00413f12	LAB_00413f12	Label	DEFAULT
00413f1e	TypeScan	Label	USER_DEFINED
00413f24	LAB_00413f24	Label	DEFAULT
00413f30	SkipToEntry	Label	USER_DEFINED
00413f44	LAB_00413f44	Label	DEFAULT
00413f46	Found	Label	USER_DEFINED
00413f4a	NotFound	Label	USER_DEFINED
00413f4e	SUB_00413f4e	Label	DEFAULT
00413f52	SUB_00413f52	Label	DEFAULT
00413f56	StdEntry	Label	USER_DEFINED
00413f84	LAB_00413f84	Label	DEFAULT
00413f86	SUB_00413f86	Label	DEFAULT
00413fae	LAB_00413fae	Label	DEFAULT
00413fba	LAB_00413fba	Label	DEFAULT
00413fbe	LAB_00413fbe	Label	DEFAULT
00413fce	LAB_00413fce	Label	DEFAULT
00413fd4	LAB_00413fd4	Label	DEFAULT
00413fde	LAB_00413fde	Label	DEFAULT
00413ff8	LAB_00413ff8	Label	DEFAULT
00413ffe	StdSixExit	Label	USER_DEFINED
00414002	SUB_00414002	Label	DEFAULT
00414006	SUB_00414006	Label	DEFAULT
0041400a	SUB_0041400a	Label	DEFAULT
0041400c	LAB_0041400c	Label	DEFAULT
00414018	LAB_00414018	Label	DEFAULT
00414040	LAB_00414040	Label	DEFAULT
00414042	SUB_00414042	Label	DEFAULT
0041404e	LAB_0041404e	Label	DEFAULT
00414054	LAB_00414054	Label	DEFAULT
0041405e	LAB_0041405e	Label	DEFAULT
00414060	LAB_00414060	Label	DEFAULT
00414072	LAB_00414072	Label	DEFAULT
0041407e	LAB_0041407e	Label	DEFAULT
0041408a	SUB_0041408a	Label	DEFAULT
004140a8	SaveCache?	Label	USER_DEFINED
004140ae	SaveIndCache	Label	USER_DEFINED
004140c6	NameResource	Label	USER_DEFINED
004140d8	@9	Label	USER_DEFINED
004140e0	NextEntry	Label	USER_DEFINED
00414102	SUB_00414102	Label	DEFAULT
0041412c	@9	Label	USER_DEFINED
00414130	CheckLoad	Label	USER_DEFINED
00414136	vCheckLoad	Label	USER_DEFINED
00414150	LAB_00414150	Label	DEFAULT
00414168	SUB_00414168	Label	DEFAULT
00414176	LAB_00414176	Label	DEFAULT
0041417a	LAB_0041417a	Label	DEFAULT
00414184	LAB_00414184	Label	DEFAULT
00414196	LAB_00414196	Label	DEFAULT
0041419e	LAB_0041419e	Label	DEFAULT
004141a6	LAB_004141a6	Label	DEFAULT
004141a8	LAB_004141a8	Label	DEFAULT
004141b0	LAB_004141b0	Label	DEFAULT
004141b8	SetPL	Label	USER_DEFINED
004141c0	LAB_004141c0	Label	DEFAULT
004141c2	LAB_004141c2	Label	DEFAULT
004141cc	SUB_004141cc	Label	DEFAULT
004141d2	LAB_004141d2	Label	DEFAULT
004141e2	SUB_004141e2	Label	DEFAULT
004141f0	LAB_004141f0	Label	DEFAULT
004141f6	SUB_004141f6	Label	DEFAULT
0041420e	SUB_0041420e	Label	DEFAULT
0041421e	LAB_0041421e	Label	DEFAULT
00414230	SUB_00414230	Label	DEFAULT
0041424a	NewMap?	Label	USER_DEFINED
00414252	SUB_00414252	Label	DEFAULT
00414254	SUB_00414254	Label	DEFAULT
0041425a	LAB_0041425a	Label	DEFAULT
0041425e	LAB_0041425e	Label	DEFAULT
00414268	SUB_00414268	Label	DEFAULT
0041427a	SUB_0041427a	Label	DEFAULT
0041428e	SUB_0041428e	Label	DEFAULT
004142a2	LAB_004142a2	Label	DEFAULT
004142a8	SUB_004142a8	Label	DEFAULT
004142b4	SUB_004142b4	Label	DEFAULT
004142da	LAB_004142da	Label	DEFAULT
004142de	LAB_004142de	Label	DEFAULT
004142e8	LAB_004142e8	Label	DEFAULT
004142ee	LAB_004142ee	Label	DEFAULT
004142f0	LAB_004142f0	Label	DEFAULT
004142f6	SUB_004142f6	Label	DEFAULT
00414300	SUB_00414300	Label	DEFAULT
00414324	SUB_00414324	Label	DEFAULT
0041432e	SUB_0041432e	Label	DEFAULT
0041435c	LAB_0041435c	Label	DEFAULT
0041436c	LAB_0041436c	Label	DEFAULT
00414372	SUB_00414372	Label	DEFAULT
0041438e	LAB_0041438e	Label	DEFAULT
004143a0	LAB_004143a0	Label	DEFAULT
004143b6	LAB_004143b6	Label	DEFAULT
004143bc	LAB_004143bc	Label	DEFAULT
004143c0	LAB_004143c0	Label	DEFAULT
004143c6	LAB_004143c6	Label	DEFAULT
004143cc	LoadResource	Label	USER_DEFINED
004143ee	LAB_004143ee	Label	DEFAULT
004143fe	LAB_004143fe	Label	DEFAULT
00414402	LAB_00414402	Label	DEFAULT
0041440a	ReleaseResource	Label	USER_DEFINED
0041441a	LAB_0041441a	Label	DEFAULT
00414428	LAB_00414428	Label	DEFAULT
00414430	LAB_00414430	Label	DEFAULT
00414434	DetachResource	Label	USER_DEFINED
00414444	LAB_00414444	Label	DEFAULT
0041444c	ChangedResource	Label	USER_DEFINED
00414476	LAB_00414476	Label	DEFAULT
0041447c	LAB_0041447c	Label	DEFAULT
00414482	WriteResource	Label	USER_DEFINED
00414496	LAB_00414496	Label	DEFAULT
0041449a	SUB_0041449a	Label	DEFAULT
004144a0	SUB_004144a0	Label	DEFAULT
004144b4	LAB_004144b4	Label	DEFAULT
004144ba	LAB_004144ba	Label	DEFAULT
004144bc	HomeResFile	Label	USER_DEFINED
004144cc	LAB_004144cc	Label	DEFAULT
004144d4	LAB_004144d4	Label	DEFAULT
004144e2	LAB_004144e2	Label	DEFAULT
004144e4	SetResPurge	Label	USER_DEFINED
004144f4	LAB_004144f4	Label	DEFAULT
004144fa	LAB_004144fa	Label	DEFAULT
00414504	SetResLoad	Label	USER_DEFINED
0041450e	CurResFile	Label	USER_DEFINED
00414516	ResError	Label	USER_DEFINED
0041451e	Trap1_1AC	Label	USER_DEFINED
0041452e	Trap1_1AE	Label	USER_DEFINED
00414538	GetResAttrs	Label	USER_DEFINED
00414548	LAB_00414548	Label	DEFAULT
0041454c	SetResAttrs	Label	USER_DEFINED
0041456c	LAB_0041456c	Label	DEFAULT
00414570	SUB_00414570	Label	DEFAULT
0041457c	LAB_0041457c	Label	DEFAULT
0041457e	GetResInfo	Label	USER_DEFINED
00414590	LAB_00414590	Label	DEFAULT
0041459c	LAB_0041459c	Label	DEFAULT
004145a4	LAB_004145a4	Label	DEFAULT
004145b4	LAB_004145b4	Label	DEFAULT
004145ba	SUB_004145ba	Label	DEFAULT
004145c4	SetResInfo	Label	USER_DEFINED
004145f4	LAB_004145f4	Label	DEFAULT
00414602	LAB_00414602	Label	DEFAULT
00414608	LAB_00414608	Label	DEFAULT
0041460e	AddResource	Label	USER_DEFINED
0041465c	LAB_0041465c	Label	DEFAULT
00414662	SUB_00414662	Label	DEFAULT
0041467e	LAB_0041467e	Label	DEFAULT
004146aa	LAB_004146aa	Label	DEFAULT
004146dc	SUB_004146dc	Label	DEFAULT
004146e0	LAB_004146e0	Label	DEFAULT
004146e8	RmveResource	Label	USER_DEFINED
0041473c	LAB_0041473c	Label	DEFAULT
00414760	LAB_00414760	Label	DEFAULT
0041476e	LAB_0041476e	Label	DEFAULT
00414772	LAB_00414772	Label	DEFAULT
0041477a	AddName	Label	USER_DEFINED
004147a8	LAB_004147a8	Label	DEFAULT
004147b2	SUB_004147b2	Label	DEFAULT
004147c4	LAB_004147c4	Label	DEFAULT
004147dc	LAB_004147dc	Label	DEFAULT
004147e2	SUB_004147e2	Label	DEFAULT
004147f8	SUB_004147f8	Label	DEFAULT
0041480e	SUB_0041480e	Label	DEFAULT
00414842	LAB_00414842	Label	DEFAULT
0041484c	LAB_0041484c	Label	DEFAULT
00414858	LAB_00414858	Label	DEFAULT
00414864	SizeRsrc	Label	USER_DEFINED
00414872	LAB_00414872	Label	DEFAULT
0041487e	LAB_0041487e	Label	DEFAULT
00414886	MaxSizeRsrc	Label	USER_DEFINED
00414894	LAB_00414894	Label	DEFAULT
00414898	LAB_00414898	Label	DEFAULT
0041489a	RsrcMapEntry	Label	USER_DEFINED
0041489a	Trap1_1C5	Label	USER_DEFINED
004148a8	PTR_DAT_004148a8	Label	DEFAULT
004148b0	DAT_004148b0	Label	DEFAULT
004148b2	InitDialogs	Label	USER_DEFINED
004148e0	Beep	Label	USER_DEFINED
004148e4	LAB_004148e4	Label	DEFAULT
004148f6	LAB_004148f6	Label	DEFAULT
004148f8	SUB_004148f8	Label	DEFAULT
00414922	LAB_00414922	Label	DEFAULT
0041495a	LAB_0041495a	Label	DEFAULT
0041495e	LAB_0041495e	Label	DEFAULT
00414968	StopAlert	Label	USER_DEFINED
0041496c	NoteAlert	Label	USER_DEFINED
00414970	CautionAlert	Label	USER_DEFINED
00414974	Alert	Label	USER_DEFINED
00414976	LAB_00414976	Label	DEFAULT
00414998	LAB_00414998	Label	DEFAULT
004149a0	LAB_004149a0	Label	DEFAULT
004149a8	LAB_004149a8	Label	DEFAULT
004149c6	LAB_004149c6	Label	DEFAULT
00414a14	LAB_00414a14	Label	DEFAULT
00414a4e	LAB_00414a4e	Label	DEFAULT
00414a60	SetIt	Label	USER_DEFINED
00414a68	GetILCopy	Label	USER_DEFINED
00414a7a	CallSound	Label	USER_DEFINED
00414a8a	noBeeper	Label	USER_DEFINED
00414a90	GetNewDialog	Label	USER_DEFINED
00414ac6	StdExit??	Label	USER_DEFINED
00414ac8	NewDialog	Label	USER_DEFINED
00414ade	GotStorage	Label	USER_DEFINED
00414b46	ExitExit	Label	USER_DEFINED
00414b48	ClaimEvent	Label	USER_DEFINED
00414b5a	CheckMsg	Label	USER_DEFINED
00414b60	IsDialogEvent	Label	USER_DEFINED
00414b92	OKDlg	Label	USER_DEFINED
00414b96	NotDlg	Label	USER_DEFINED
00414b98	ExitExitExit	Label	USER_DEFINED
00414b9a	DialogSelect	Label	USER_DEFINED
00414bcc	NotDS	Label	USER_DEFINED
00414bd8	@Exit	Label	USER_DEFINED
00414bda	ModalDialog	Label	USER_DEFINED
00414bde	ELoop	Label	USER_DEFINED
00414bf2	@1	Label	USER_DEFINED
00414c0a	@2	Label	USER_DEFINED
00414c3c	MDExit	Label	USER_DEFINED
00414c3e	@Exit	Label	USER_DEFINED
00414c40	NotDialogs	Label	USER_DEFINED
00414c50	StdEntry	Label	USER_DEFINED
00414c5c	StdExit	Label	USER_DEFINED
00414c68	DrawDialog	Label	USER_DEFINED
00414c7e	DDExit	Label	USER_DEFINED
00414c80	UpdtDialog	Label	USER_DEFINED
00414c82	@1	Label	USER_DEFINED
00414c9e	CloseDialog	Label	USER_DEFINED
00414cc4	DCExit	Label	USER_DEFINED
00414cc6	DCExitNoCode	Label	USER_DEFINED
00414cc8	Begin2InWind	Label	USER_DEFINED
00414cd4	@1	Label	USER_DEFINED
00414cda	BeginInWind	Label	USER_DEFINED
00414cee	@0	Label	USER_DEFINED
00414cf2	GetEditField	Label	USER_DEFINED
00414cfe	FindOne	Label	USER_DEFINED
00414d00	FFLoop	Label	USER_DEFINED
00414d14	GotField	Label	USER_DEFINED
00414d16	NoEdF	Label	USER_DEFINED
00414d18	EndInWind	Label	USER_DEFINED
00414d24	DisposDialog	Label	USER_DEFINED
00414d3c	GetLstD2	Label	USER_DEFINED
00414d44	GetLstA2	Label	USER_DEFINED
00414d4a	GetLstCmn	Label	USER_DEFINED
00414d54	GetCmn	Label	USER_DEFINED
00414d5a	CouldDialog	Label	USER_DEFINED
00414d68	CouldAlert	Label	USER_DEFINED
00414d74	LAB_00414d74	Label	DEFAULT
00414d92	GetAHndl	Label	USER_DEFINED
00414d9a	GetDHndl	Label	USER_DEFINED
00414da0	GetADHndl	Label	USER_DEFINED
00414db4	FreeDialog	Label	USER_DEFINED
00414dc2	FreeAlert	Label	USER_DEFINED
00414dce	LAB_00414dce	Label	DEFAULT
00414dee	Exit2Exit	Label	USER_DEFINED
00414df0	StdExit!!!!?!?!	Label	USER_DEFINED
00414df4	SUB_00414df4	Label	DEFAULT
00414e0e	ParamText	Label	USER_DEFINED
00414e14	LAB_00414e14	Label	DEFAULT
00414e22	LAB_00414e22	Label	DEFAULT
00414e2a	LAB_00414e2a	Label	DEFAULT
00414e32	ErrorSound	Label	USER_DEFINED
00414e3a	GetDItem	Label	USER_DEFINED
00414e62	LAB_00414e62	Label	DEFAULT
00414e76	LAB_00414e76	Label	DEFAULT
00414e7c	LAB_00414e7c	Label	DEFAULT
00414e80	SetDItem	Label	USER_DEFINED
00414eae	LAB_00414eae	Label	DEFAULT
00414eb4	StdExit&&	Label	USER_DEFINED
00414eb6	GetIText	Label	USER_DEFINED
00414ece	LAB_00414ece	Label	DEFAULT
00414ed6	SetIText	Label	USER_DEFINED
00414eee	LAB_00414eee	Label	DEFAULT
00414efc	LAB_00414efc	Label	DEFAULT
00414f12	LAB_00414f12	Label	DEFAULT
00414f26	LAB_00414f26	Label	DEFAULT
00414f2a	LAB_00414f2a	Label	DEFAULT
00414f32	TwoLongExit	Label	USER_DEFINED
00414f34	StdExit!!	Label	USER_DEFINED
00414f38	SelIText	Label	USER_DEFINED
00414f60	GetRect	Label	USER_DEFINED
00414f7a	LAB_00414f7a	Label	DEFAULT
00414f92	HideDItem	Label	USER_DEFINED
00414fb4	HIExit	Label	USER_DEFINED
00414fbe	HideIt	Label	USER_DEFINED
00414fcc	NotEText	Label	USER_DEFINED
00414fe8	LAB_00414fe8	Label	DEFAULT
00414fee	LAB_00414fee	Label	DEFAULT
00414ff0	ShowDItem	Label	USER_DEFINED
00415042	LAB_00415042	Label	DEFAULT
00415044	SUB_00415044	Label	DEFAULT
00415058	LAB_00415058	Label	DEFAULT
0041505a	LAB_0041505a	Label	DEFAULT
00415064	FindDItem	Label	USER_DEFINED
00415076	LAB_00415076	Label	DEFAULT
00415090	LAB_00415090	Label	DEFAULT
00415098	ScanAD	Label	USER_DEFINED
0041509e	ItemLoop	Label	USER_DEFINED
004150aa	GetHT	Label	USER_DEFINED
004150b2	GotItem	Label	USER_DEFINED
004150da	LAB_004150da	Label	DEFAULT
004150f0	LAB_004150f0	Label	DEFAULT
004150f6	GetCDEF	Label	USER_DEFINED
004150fe	GetIcon	Label	USER_DEFINED
00415106	GetPicture	Label	USER_DEFINED
0041510c	GetCommon	Label	USER_DEFINED
00415110	LAB_00415110	Label	DEFAULT
00415126	SUB_00415126	Label	DEFAULT
00415138	LAB_00415138	Label	DEFAULT
0041513a	InitItem	Label	USER_DEFINED
00415140	OKInit	Label	USER_DEFINED
00415154	ITextItem	Label	USER_DEFINED
00415162	IIconItem	Label	USER_DEFINED
0041516a	IPicItem	Label	USER_DEFINED
00415170	IIconPicItem	Label	USER_DEFINED
0041517c	ICtrlItem	Label	USER_DEFINED
0041519a	DefCtrl	Label	USER_DEFINED
004151b4	ValidCtrl	Label	USER_DEFINED
004151ba	SaveItmHndl	Label	USER_DEFINED
004151be	UpdateItem	Label	USER_DEFINED
004151e4	DrawItem	Label	USER_DEFINED
004151f4	DItem	Label	USER_DEFINED
0041520a	DUserField	Label	USER_DEFINED
00415218	NoUFDraw	Label	USER_DEFINED
0041521a	DIconItem	Label	USER_DEFINED
00415228	DPicItem	Label	USER_DEFINED
00415234	DCtrlItem	Label	USER_DEFINED
00415236	DTextItem	Label	USER_DEFINED
0041524c	tryFrame	Label	USER_DEFINED
0041525e	DTextAdios	Label	USER_DEFINED
00415260	DoStatic	Label	USER_DEFINED
0041526c	@skipParam	Label	USER_DEFINED
0041527a	LAB_0041527a	Label	DEFAULT
00415280	LAB_00415280	Label	DEFAULT
00415282	LAB_00415282	Label	DEFAULT
004152a4	LAB_004152a4	Label	DEFAULT
004152ac	LAB_004152ac	Label	DEFAULT
004152ca	LAB_004152ca	Label	DEFAULT
004152ea	DispItem	Label	USER_DEFINED
004152f6	ClrItmHndl	Label	USER_DEFINED
004152fa	RTextItem	Label	USER_DEFINED
00415304	DBActivate	Label	USER_DEFINED
00415322	deAct	Label	USER_DEFINED
00415324	portIt	Label	USER_DEFINED
0041532a	EventAD	Label	USER_DEFINED
00415350	NoItemHit?	Label	USER_DEFINED
00415354	LAB_00415354	Label	DEFAULT
00415362	LAB_00415362	Label	DEFAULT
0041537c	LAB_0041537c	Label	DEFAULT
00415386	LAB_00415386	Label	DEFAULT
004153aa	LAB_004153aa	Label	DEFAULT
004153ac	LAB_004153ac	Label	DEFAULT
004153ba	LAB_004153ba	Label	DEFAULT
004153bc	LAB_004153bc	Label	DEFAULT
004153ca	LAB_004153ca	Label	DEFAULT
0041540e	LAB_0041540e	Label	DEFAULT
00415410	LAB_00415410	Label	DEFAULT
00415422	LAB_00415422	Label	DEFAULT
0041543a	LAB_0041543a	Label	DEFAULT
00415448	ChangeField	Label	USER_DEFINED
0041546c	noneOpen	Label	USER_DEFINED
0041547a	stillNone	Label	USER_DEFINED
0041547c	SetNewEdit	Label	USER_DEFINED
00415482	SetItNew	Label	USER_DEFINED
004154a0	@1	Label	USER_DEFINED
004154ca	@2	Label	USER_DEFINED
004154d8	noneThere	Label	USER_DEFINED
004154da	IsVisItem	Label	USER_DEFINED
004154de	IsVisThing	Label	USER_DEFINED
004154e4	IsVis	Label	USER_DEFINED
00415508	FrameOut	Label	USER_DEFINED
0041552a	StrToHandle	Label	USER_DEFINED
0041553a	NxtItem	Label	USER_DEFINED
00415544	GetDLItem	Label	USER_DEFINED
0041554c	DLCommon	Label	USER_DEFINED
0041555a	GDLError	Label	USER_DEFINED
0041555e	GDLLoop	Label	USER_DEFINED
0041556c	ChkLoop	Label	USER_DEFINED
00415574	XDLE	Label	USER_DEFINED
0041557a	GetCurRect	Label	USER_DEFINED
00415588	Munger	Label	USER_DEFINED
004155aa	mungeBye	Label	USER_DEFINED
004155b6	XMunger	Label	USER_DEFINED
004155de	MungeGuts	Label	USER_DEFINED
004155f4	LAB_004155f4	Label	DEFAULT
004155f8	LAB_004155f8	Label	DEFAULT
00415610	LAB_00415610	Label	DEFAULT
00415618	LAB_00415618	Label	DEFAULT
0041562a	LAB_0041562a	Label	DEFAULT
0041562e	LAB_0041562e	Label	DEFAULT
00415632	SUB_00415632	Label	DEFAULT
00415640	LAB_00415640	Label	DEFAULT
00415644	LAB_00415644	Label	DEFAULT
00415648	SUB_00415648	Label	DEFAULT
0041565a	LAB_0041565a	Label	DEFAULT
0041565e	LAB_0041565e	Label	DEFAULT
00415668	LAB_00415668	Label	DEFAULT
0041566c	LAB_0041566c	Label	DEFAULT
0041568a	LAB_0041568a	Label	DEFAULT
0041568c	LAB_0041568c	Label	DEFAULT
004156aa	LAB_004156aa	Label	DEFAULT
004156b8	LAB_004156b8	Label	DEFAULT
004156ba	LAB_004156ba	Label	DEFAULT
004156c4	LAB_004156c4	Label	DEFAULT
004156d8	SUB_004156d8	Label	DEFAULT
004156ec	HandToHandTrap	Label	USER_DEFINED
004156ec	HandToHand	Label	USER_DEFINED
00415704	LAB_00415704	Label	DEFAULT
0041570a	PtrToXHandTrap	Label	USER_DEFINED
0041570a	PtrToXHand	Label	USER_DEFINED
00415712	PtrToHandTrap	Label	USER_DEFINED
00415712	PtrToHand	Label	USER_DEFINED
00415718	SUB_00415718	Label	DEFAULT
0041571c	SUB_0041571c	Label	DEFAULT
0041572a	LAB_0041572a	Label	DEFAULT
0041572c	HandAndHandTrap	Label	USER_DEFINED
0041572c	HandAndHand	Label	USER_DEFINED
00415750	PtrAndHandTrap	Label	USER_DEFINED
00415750	PtrAndHand	Label	USER_DEFINED
00415760	MethodDispatch	Label	USER_DEFINED
00415770	LAB_00415770	Label	DEFAULT
0041577e	LAB_0041577e	Label	DEFAULT
00415782	LAB_00415782	Label	DEFAULT
0041578c	LAB_0041578c	Label	DEFAULT
0041578e	LAB_0041578e	Label	DEFAULT
004157a8	LAB_004157a8	Label	DEFAULT
004157b2	LongMul	Label	USER_DEFINED
004157c4	LAB_004157c4	Label	DEFAULT
004157cc	LAB_004157cc	Label	DEFAULT
004157de	FracMul	Label	USER_DEFINED
004157e6	FixMul	Label	USER_DEFINED
004157ec	LAB_004157ec	Label	DEFAULT
004157f0	LAB_004157f0	Label	DEFAULT
004157fc	LAB_004157fc	Label	DEFAULT
00415800	LAB_00415800	Label	DEFAULT
0041580e	LAB_0041580e	Label	DEFAULT
00415832	LAB_00415832	Label	DEFAULT
00415842	LAB_00415842	Label	DEFAULT
0041584c	LAB_0041584c	Label	DEFAULT
00415854	ReSign	Label	USER_DEFINED
0041585e	2ParamEx	Label	USER_DEFINED
0041586a	SUB_0041586a	Label	DEFAULT
00415874	LAB_00415874	Label	DEFAULT
00415880	StdEntry	Label	USER_DEFINED
0041588c	FixArgs	Label	USER_DEFINED
00415892	SUB_00415892	Label	DEFAULT
0041589a	LAB_0041589a	Label	DEFAULT
004158a2	LAB_004158a2	Label	DEFAULT
004158a4	FixOver	Label	USER_DEFINED
004158b0	FracDiv	Label	USER_DEFINED
004158b6	FixDiv	Label	USER_DEFINED
004158ba	LAB_004158ba	Label	DEFAULT
004158c4	LAB_004158c4	Label	DEFAULT
004158c8	LAB_004158c8	Label	DEFAULT
004158d0	LAB_004158d0	Label	DEFAULT
004158d4	LAB_004158d4	Label	DEFAULT
004158e2	LAB_004158e2	Label	DEFAULT
004158e8	LAB_004158e8	Label	DEFAULT
004158ec	LAB_004158ec	Label	DEFAULT
004158f0	LAB_004158f0	Label	DEFAULT
00415900	FracSqrt	Label	USER_DEFINED
00415912	LAB_00415912	Label	DEFAULT
0041591c	LAB_0041591c	Label	DEFAULT
0041593a	FixRatio	Label	USER_DEFINED
00415956	LAB_00415956	Label	DEFAULT
00415962	LAB_00415962	Label	DEFAULT
00415968	LAB_00415968	Label	DEFAULT
0041596c	LAB_0041596c	Label	DEFAULT
00415974	LoWord	Label	USER_DEFINED
0041597c	HiWord	Label	USER_DEFINED
00415982	LAB_00415982	Label	DEFAULT
00415986	FixRound	Label	USER_DEFINED
00415992	LAB_00415992	Label	DEFAULT
0041599a	LAB_0041599a	Label	DEFAULT
0041599e	LAB_0041599e	Label	DEFAULT
004159a6	FracCos	Label	USER_DEFINED
004159ae	FracSin	Label	USER_DEFINED
004159b4	LAB_004159b4	Label	DEFAULT
004159c0	LAB_004159c0	Label	DEFAULT
004159c2	LAB_004159c2	Label	DEFAULT
004159da	LAB_004159da	Label	DEFAULT
00415a00	LAB_00415a00	Label	DEFAULT
00415a06	LAB_00415a06	Label	DEFAULT
00415a0a	LAB_00415a0a	Label	DEFAULT
00415a28	LAB_00415a28	Label	DEFAULT
00415a36	LAB_00415a36	Label	DEFAULT
00415a3a	sn0	Label	USER_DEFINED
00415a3e	sn1	Label	USER_DEFINED
00415a42	sn2	Label	USER_DEFINED
00415a46	cs0	Label	USER_DEFINED
00415a4a	cs1	Label	USER_DEFINED
00415a4e	cs2	Label	USER_DEFINED
00415a52	cs3	Label	USER_DEFINED
00415a56	FixATan2	Label	USER_DEFINED
00415a6a	LAB_00415a6a	Label	DEFAULT
00415a78	LAB_00415a78	Label	DEFAULT
00415a8e	LAB_00415a8e	Label	DEFAULT
00415a90	LAB_00415a90	Label	DEFAULT
00415a98	LAB_00415a98	Label	DEFAULT
00415a9e	LAB_00415a9e	Label	DEFAULT
00415ab6	LAB_00415ab6	Label	DEFAULT
00415ad6	LAB_00415ad6	Label	DEFAULT
00415ae8	LAB_00415ae8	Label	DEFAULT
00415af4	LAB_00415af4	Label	DEFAULT
00415afc	LAB_00415afc	Label	DEFAULT
00415b00	DAT_00415b00	Label	DEFAULT
00415b10	DAT_00415b10	Label	DEFAULT
00415b14	DAT_00415b14	Label	DEFAULT
00415b18	Fix2X	Label	USER_DEFINED
00415b1e	Frac2X	Label	USER_DEFINED
00415b22	LAB_00415b22	Label	DEFAULT
00415b2c	LAB_00415b2c	Label	DEFAULT
00415b36	LAB_00415b36	Label	DEFAULT
00415b3c	LAB_00415b3c	Label	DEFAULT
00415b4a	X2Fix	Label	USER_DEFINED
00415b50	X2Frac	Label	USER_DEFINED
00415b54	LAB_00415b54	Label	DEFAULT
00415b70	LAB_00415b70	Label	DEFAULT
00415b7e	LAB_00415b7e	Label	DEFAULT
00415b82	LAB_00415b82	Label	DEFAULT
00415b86	LAB_00415b86	Label	DEFAULT
00415b8a	LAB_00415b8a	Label	DEFAULT
00415b92	FinX2F	Label	USER_DEFINED
00415b96	LAB_00415b96	Label	DEFAULT
00415b98	LAB_00415b98	Label	DEFAULT
00415b9c	LAB_00415b9c	Label	DEFAULT
00415b9e	MaxE2	Label	USER_DEFINED
00415ba4	LAB_00415ba4	Label	DEFAULT
00415ba8	LAB_00415ba8	Label	DEFAULT
00415bac	Fix2Long	Label	USER_DEFINED
00415bb0	Frac2Fix	Label	USER_DEFINED
00415bb2	LAB_00415bb2	Label	DEFAULT
00415bc0	LAB_00415bc0	Label	DEFAULT
00415bc4	LAB_00415bc4	Label	DEFAULT
00415bcc	Long2Fix	Label	USER_DEFINED
00415bd0	Fix2Frac	Label	USER_DEFINED
00415bd2	LAB_00415bd2	Label	DEFAULT
00415be0	SystemEvent	Label	USER_DEFINED
00415c02	switchD_00415c02::switchD	Label	ANALYSIS
00415c04	EvtDTable	Label	USER_DEFINED
00415c1c	DoneSysEvt	Label	USER_DEFINED
00415c20	DoneSEvt	Label	USER_DEFINED
00415c28	IfTopWants	Label	USER_DEFINED
00415c40	SearchWindow	Label	USER_DEFINED
00415c58	noGoodSearch	Label	USER_DEFINED
00415c5c	SendDrvrMsg	Label	USER_DEFINED
00415c5e	SendDCommon	Label	USER_DEFINED
00415c78	SendRunMsg	Label	USER_DEFINED
00415c7c	SysUpdate	Label	USER_DEFINED
00415c88	DiskHandler	Label	USER_DEFINED
00415ca0	SystemClick	Label	USER_DEFINED
00415d06	DoneSClick	Label	USER_DEFINED
00415d12	CheckDeskHook	Label	USER_DEFINED
00415d34	NotFrontMost	Label	USER_DEFINED
00415d3a	DragClick	Label	USER_DEFINED
00415d4c	GoAwayClick	Label	USER_DEFINED
00415d6c	DoCloseHook	Label	USER_DEFINED
00415d72	SystemTask	Label	USER_DEFINED
00415da4	NotSWindow	Label	USER_DEFINED
00415dac	SysTLoop	Label	USER_DEFINED
00415dda	DoItNow	Label	USER_DEFINED
00415dde	NextTSys	Label	USER_DEFINED
00415de8	TaskDone	Label	USER_DEFINED
00415dee	SystemMenu	Label	USER_DEFINED
00415e00	@1	Label	USER_DEFINED
00415e08	SMLoop	Label	USER_DEFINED
00415e2a	NextSM	Label	USER_DEFINED
00415e2e	DoneSM	Label	USER_DEFINED
00415e36	SystemEdit	Label	USER_DEFINED
00415e36	SysEdit	Label	USER_DEFINED
00415e60	DoneSEdit	Label	USER_DEFINED
00415e64	OpenDeskAcc	Label	USER_DEFINED
00415eaa	DoneOpenDAcc	Label	USER_DEFINED
00415eb2	CloseDeskAcc	Label	USER_DEFINED
00415ec6	TwoByteExit	Label	USER_DEFINED
00415ecc	GetPattern	Label	USER_DEFINED
00415ed2	GetCommon	Label	USER_DEFINED
00415ee6	GetCursor	Label	USER_DEFINED
00415eee	GetString	Label	USER_DEFINED
00415ef6	GetIcon	Label	USER_DEFINED
00415efe	GetPicture	Label	USER_DEFINED
00415f06	GetNewWindow	Label	USER_DEFINED
00415f50	NoGetNew1	Label	USER_DEFINED
00415f5c	GetNewControl	Label	USER_DEFINED
00415fa2	NoNew2	Label	USER_DEFINED
00415fac	GetMenu	Label	USER_DEFINED
00415fac	GetRMenu	Label	USER_DEFINED
00415fde	LoadMenu	Label	USER_DEFINED
00415fe4	LoadMDEF	Label	USER_DEFINED
00416004	GetMDone	Label	USER_DEFINED
00416010	DoTheGet	Label	USER_DEFINED
0041602a	GetNewMBar	Label	USER_DEFINED
00416052	GetMBLoop	Label	USER_DEFINED
0041607a	DoneGetMBar	Label	USER_DEFINED
0041608e	TEGetText	Label	USER_DEFINED
0041609a	TEInit	Label	USER_DEFINED
004160c0	TEDispose	Label	USER_DEFINED
004160de	TextBox	Label	USER_DEFINED
00416108	@0	Label	USER_DEFINED
00416112	NoZeroScan	Label	USER_DEFINED
0041616e	LAB_0041616e	Label	DEFAULT
00416174	@2	Label	USER_DEFINED
00416180	tbExit	Label	USER_DEFINED
00416182	useRealOne	Label	USER_DEFINED
004161b2	noTextBox	Label	USER_DEFINED
004161b6	LAB_004161b6	Label	DEFAULT
004161b8	Std2Exit	Label	USER_DEFINED
004161bc	TESetText	Label	USER_DEFINED
004161e2	go12	Label	USER_DEFINED
004161e6	CalText	Label	USER_DEFINED
00416200	TECalText	Label	USER_DEFINED
00416206	epilog4	Label	USER_DEFINED
00416208	StdExit	Label	USER_DEFINED
0041622e	Std2Exit	Label	USER_DEFINED
0041623a	TESetSelect	Label	USER_DEFINED
00416266	TENew	Label	USER_DEFINED
004162da	@0	Label	USER_DEFINED
004162e0	TEUpdate	Label	USER_DEFINED
004162ee	ClickExpand	Label	USER_DEFINED
004162fa	byebye	Label	USER_DEFINED
004162fc	HiLite	Label	USER_DEFINED
0041630e	TEClick	Label	USER_DEFINED
00416320	LAB_00416320	Label	DEFAULT
00416358	LAB_00416358	Label	DEFAULT
0041635c	LAB_0041635c	Label	DEFAULT
00416360	LAB_00416360	Label	DEFAULT
00416380	waitLoop	Label	USER_DEFINED
0041638c	LAB_0041638c	Label	DEFAULT
004163a4	goSelect	Label	USER_DEFINED
004163c4	notToLeft	Label	USER_DEFINED
004163d8	hiliteIt	Label	USER_DEFINED
004163e6	keepWaiting	Label	USER_DEFINED
004163ea	done1	Label	USER_DEFINED
004163f4	DoFind	Label	USER_DEFINED
00416406	southPole	Label	USER_DEFINED
0041640c	noPole	Label	USER_DEFINED
0041641c	DoSearch	Label	USER_DEFINED
00416436	@3	Label	USER_DEFINED
0041645a	hitIt	Label	USER_DEFINED
00416474	LAB_00416474	Label	DEFAULT
00416484	findLeft?	Label	USER_DEFINED
0041648a	findDone?	Label	USER_DEFINED
0041648e	DoDraw	Label	USER_DEFINED
00416494	@0	Label	USER_DEFINED
004164c2	doBye	Label	USER_DEFINED
004164ce	PrepLine	Label	USER_DEFINED
004164de	@0	Label	USER_DEFINED
004164e6	Preamble	Label	USER_DEFINED
004164f4	@0	Label	USER_DEFINED
004164fe	@1	Label	USER_DEFINED
0041650e	GetLine	Label	USER_DEFINED
00416518	@1	Label	USER_DEFINED
0041651c	@2	Label	USER_DEFINED
0041651e	DoText	Label	USER_DEFINED
00416524	XDoText	Label	USER_DEFINED
0041655c	@0	Label	USER_DEFINED
00416562	@1	Label	USER_DEFINED
00416564	@2	Label	USER_DEFINED
0041657a	DoHilite	Label	USER_DEFINED
00416582	@0	Label	USER_DEFINED
00416596	@1	Label	USER_DEFINED
0041659a	LineRect?	Label	USER_DEFINED
004165da	@1	Label	USER_DEFINED
004165e2	@2	Label	USER_DEFINED
004165ee	LineWidth	Label	USER_DEFINED
004165f4	MeasD6D7	Label	USER_DEFINED
004165fa	XTrimMeasure	Label	USER_DEFINED
00416604	@0	Label	USER_DEFINED
0041661c	@1	Label	USER_DEFINED
0041661e	MeasureIt	Label	USER_DEFINED
0041663e	zeroExit	Label	USER_DEFINED
00416642	RangeRect?	Label	USER_DEFINED
0041667e	LAB_0041667e	Label	DEFAULT
0041668a	LAB_0041668a	Label	DEFAULT
0041668e	PinDisplay	Label	USER_DEFINED
00416692	PinA0Rect	Label	USER_DEFINED
004166a6	@0	Label	USER_DEFINED
004166b0	@1	Label	USER_DEFINED
004166ca	@2	Label	USER_DEFINED
004166d4	@3	Label	USER_DEFINED
004166d6	@4	Label	USER_DEFINED
004166da	PtToLine	Label	USER_DEFINED
004166e8	InvertHook	Label	USER_DEFINED
004166f2	defHilite	Label	USER_DEFINED
004166f6	StdEntryC	Label	USER_DEFINED
004166fa	StdEntryA	Label	USER_DEFINED
004166fe	StdEntry8	Label	USER_DEFINED
00416702	StdEntry6	Label	USER_DEFINED
00416706	StdEntry	Label	USER_DEFINED
00416708	LAB_00416708	Label	DEFAULT
00416722	LAB_00416722	Label	DEFAULT
00416778	CleanUpSel	Label	USER_DEFINED
00416788	LAB_00416788	Label	DEFAULT
00416796	LAB_00416796	Label	DEFAULT
0041679e	SelSort?	Label	USER_DEFINED
004167ac	LAB_004167ac	Label	DEFAULT
004167ae	TECopy	Label	USER_DEFINED
004167d0	LAB_004167d0	Label	DEFAULT
004167d4	TECut	Label	USER_DEFINED
004167e2	TEDelete	Label	USER_DEFINED
004167f8	SUB_004167f8	Label	DEFAULT
00416816	LAB_00416816	Label	DEFAULT
00416818	RecalDraw?	Label	USER_DEFINED
0041684e	FindWord	Label	USER_DEFINED
00416854	xFindWord	Label	USER_DEFINED
0041685e	LAB_0041685e	Label	DEFAULT
00416862	LAB_00416862	Label	DEFAULT
00416872	LAB_00416872	Label	DEFAULT
00416874	SUB_00416874	Label	DEFAULT
00416878	LAB_00416878	Label	DEFAULT
00416886	LAB_00416886	Label	DEFAULT
00416888	LAB_00416888	Label	DEFAULT
0041688a	SUB_0041688a	Label	DEFAULT
004168a2	DefWordBrk	Label	USER_DEFINED
004168a4	DefWordBrk+2	Label	DEFAULT
004168b4	SUB_004168b4	Label	DEFAULT
004168c2	SUB_004168c2	Label	DEFAULT
004168c8	xFindLine	Label	USER_DEFINED
004168da	LAB_004168da	Label	DEFAULT
004168f0	LAB_004168f0	Label	DEFAULT
00416910	LAB_00416910	Label	DEFAULT
00416916	LAB_00416916	Label	DEFAULT
0041691e	LAB_0041691e	Label	DEFAULT
0041692a	ReCalLines	Label	USER_DEFINED
00416930	XReCalLines	Label	USER_DEFINED
00416956	LAB_00416956	Label	DEFAULT
00416968	LAB_00416968	Label	DEFAULT
00416970	LAB_00416970	Label	DEFAULT
0041697c	LAB_0041697c	Label	DEFAULT
0041698e	LAB_0041698e	Label	DEFAULT
0041699c	LAB_0041699c	Label	DEFAULT
004169a6	LAB_004169a6	Label	DEFAULT
004169b4	LAB_004169b4	Label	DEFAULT
004169bc	LAB_004169bc	Label	DEFAULT
004169c2	LAB_004169c2	Label	DEFAULT
004169ce	LAB_004169ce	Label	DEFAULT
004169e0	LAB_004169e0	Label	DEFAULT
004169e8	SUB_004169e8	Label	DEFAULT
00416a0e	LAB_00416a0e	Label	DEFAULT
00416a10	ShowCaret	Label	USER_DEFINED
00416a2e	ForceCaret	Label	USER_DEFINED
00416a30	HideCaret	Label	USER_DEFINED
00416a44	SUB_00416a44	Label	DEFAULT
00416a62	TEActivate	Label	USER_DEFINED
00416a7a	LAB_00416a7a	Label	DEFAULT
00416a82	LAB_00416a82	Label	DEFAULT
00416a84	TEDeactivate	Label	USER_DEFINED
00416a9a	TEIdle	Label	USER_DEFINED
00416abe	LAB_00416abe	Label	DEFAULT
00416ac2	TEPaste	Label	USER_DEFINED
00416ae2	PasteGuts?	Label	USER_DEFINED
00416b30	LAB_00416b30	Label	DEFAULT
00416b32	SUB_00416b32	Label	DEFAULT
00416b48	SUB_00416b48	Label	DEFAULT
00416b5c	LAB_00416b5c	Label	DEFAULT
00416b5e	LAB_00416b5e	Label	DEFAULT
00416b60	insGuts?	Label	USER_DEFINED
00416b7e	LAB_00416b7e	Label	DEFAULT
00416b80	TEInsert	Label	USER_DEFINED
00416ba8	epilog12	Label	USER_DEFINED
00416bae	TEKey	Label	USER_DEFINED
00416bcc	backSpace	Label	USER_DEFINED
00416be2	cutit	Label	USER_DEFINED
00416be6	epilog6	Label	USER_DEFINED
00416bec	TESetJust	Label	USER_DEFINED
00416bf6	Refresh	Label	USER_DEFINED
00416c12	TEScroll	Label	USER_DEFINED
00416c1e	epilog8	Label	USER_DEFINED
00416c24	Scroll	Label	USER_DEFINED
00416c52	handyReturn	Label	USER_DEFINED
00416c54	TEPinScroll	Label	USER_DEFINED
00416c78	@1	Label	USER_DEFINED
00416c84	@2	Label	USER_DEFINED
00416c86	pinH	Label	USER_DEFINED
00416ca0	@1	Label	USER_DEFINED
00416cae	@2	Label	USER_DEFINED
00416cb2	pinDone	Label	USER_DEFINED
00416cc0	TESelView	Label	USER_DEFINED
00416cca	SelView	Label	USER_DEFINED
00416d2a	@0	Label	USER_DEFINED
00416d2c	TEAutoView	Label	USER_DEFINED
00416d3c	@0	Label	USER_DEFINED
00416d42	@1	Label	USER_DEFINED
00416d46	DefClikProc	Label	USER_DEFINED
00416d8e	doneAuto	Label	USER_DEFINED
00416d96	scrollDown	Label	USER_DEFINED
00416d98	scrollUp	Label	USER_DEFINED
00416d9a	scrollRight	Label	USER_DEFINED
00416d9c	scrollLeft	Label	USER_DEFINED
00416d9e	scrollEm	Label	USER_DEFINED
00416dac	InfoScrap	Label	USER_DEFINED
00416db8	@0	Label	USER_DEFINED
00416dc2	StdEntry	Label	USER_DEFINED
00416dce	StdSetup	Label	USER_DEFINED
00416df4	StdOpen	Label	USER_DEFINED
00416e26	UnloadScrap	Label	USER_DEFINED
00416e40	ok0Exit	Label	USER_DEFINED
00416e42	err0Exit	Label	USER_DEFINED
00416e4a	StdExit	Label	USER_DEFINED
00416e56	goHome0	Label	USER_DEFINED
00416e58	goHome	Label	USER_DEFINED
00416e5a	LoadScrap	Label	USER_DEFINED
00416e5a	LodeScrap	Label	USER_DEFINED
00416e76	SetupRW	Label	USER_DEFINED
00416e78	SetupRW2	Label	USER_DEFINED
00416e8e	ZeroScrap	Label	USER_DEFINED
00416ea2	@0	Label	USER_DEFINED
00416eac	zeroMem	Label	USER_DEFINED
00416eb0	zsExit	Label	USER_DEFINED
00416eb6	zeroDisk	Label	USER_DEFINED
00416ebe	DoGet	Label	USER_DEFINED
00416ecc	getDisk	Label	USER_DEFINED
00416eda	GetScrap	Label	USER_DEFINED
00416ee8	readNext	Label	USER_DEFINED
00416f08	notFound	Label	USER_DEFINED
00416f0c	foundIt	Label	USER_DEFINED
00416f2c	err12Exit	Label	USER_DEFINED
00416f2e	err12LExit	Label	USER_DEFINED
00416f32	go12Exit	Label	USER_DEFINED
00416f38	FailSafe	Label	USER_DEFINED
00416f48	@0	Label	USER_DEFINED
00416f4a	PutScrap	Label	USER_DEFINED
00416f72	DoPut	Label	USER_DEFINED
00416f82	putDisk	Label	USER_DEFINED
00416f90	InitPack	Label	USER_DEFINED
00416fb2	InitAllPacks	Label	USER_DEFINED
00416fb6	@1	Label	USER_DEFINED
00416fd2	FPException	Label	USER_DEFINED
00416fd6	GetPHand	Label	USER_DEFINED
00416fe4	@1	Label	USER_DEFINED
00416fea	PackCom	Label	USER_DEFINED
00417014	GoToPack	Label	USER_DEFINED
00417020	NoPack	Label	USER_DEFINED
00417032	Pack0	Label	USER_DEFINED
00417034	Pack1	Label	USER_DEFINED
00417036	Pack2	Label	USER_DEFINED
00417038	Pack3	Label	USER_DEFINED
0041703a	Pack4	Label	USER_DEFINED
0041703c	Pack5	Label	USER_DEFINED
0041703e	Pack6	Label	USER_DEFINED
00417040	Pack7	Label	USER_DEFINED
00417042	Pack8	Label	USER_DEFINED
00417044	Pack9	Label	USER_DEFINED
00417046	Pack10	Label	USER_DEFINED
00417048	Pack11	Label	USER_DEFINED
0041704a	Pack12	Label	USER_DEFINED
0041704c	Pack13	Label	USER_DEFINED
0041704e	Pack14	Label	USER_DEFINED
00417050	Pack15	Label	USER_DEFINED
00417052	Secs2Date	Label	USER_DEFINED
00417082	SDNOTLEAP	Label	USER_DEFINED
00417092	SDJANORFEB	Label	USER_DEFINED
004170ca	Date2Secs	Label	USER_DEFINED
00417110	DSNOTLEAP	Label	USER_DEFINED
00417112	DSJANORFEB	Label	USER_DEFINED
0041712c	SCSIMgr	Label	USER_DEFINED
00417132	SCSI	Label	USER_DEFINED
0041713e	LAB_0041713e	Label	DEFAULT
00417168	^install?	Label	USER_DEFINED
0041716a	^stat?	Label	USER_DEFINED
0041717c	DoSCSIReset	Label	USER_DEFINED
00417184	NoByteExit	Label	USER_DEFINED
0041718a	^get?	Label	USER_DEFINED
00417192	SCARBDONE	Label	USER_DEFINED
00417198	^select?	Label	USER_DEFINED
004171a4	SCSELDONE	Label	USER_DEFINED
004171ae	^cmd?	Label	USER_DEFINED
004171be	&SCCOMMAND	Label	USER_DEFINED
004171c8	^read?	Label	USER_DEFINED
004171cc	LAB_004171cc	Label	DEFAULT
004171d6	LAB_004171d6	Label	DEFAULT
004171da	exec	Label	USER_DEFINED
00417208	LAB_00417208	Label	DEFAULT
00417214	LAB_00417214	Label	DEFAULT
0041721c	LAB_0041721c	Label	DEFAULT
00417220	LAB_00417220	Label	DEFAULT
00417226	LAB_00417226	Label	DEFAULT
00417232	LAB_00417232	Label	DEFAULT
00417236	LAB_00417236	Label	DEFAULT
0041723c	LAB_0041723c	Label	DEFAULT
00417242	LAB_00417242	Label	DEFAULT
0041724c	^write?	Label	USER_DEFINED
00417256	^complete?	Label	USER_DEFINED
00417258	SCSIComplete	Label	USER_DEFINED
00417260	@chkStatus	Label	USER_DEFINED
00417272	@chkTime	Label	USER_DEFINED
0041727a	@gotStatus	Label	USER_DEFINED
0041728c	SCCOMPLETE	Label	USER_DEFINED
00417294	SCSTDENT	Label	USER_DEFINED
004172b0	SCSIStdExit	Label	USER_DEFINED
004172bc	SUB_004172bc	Label	DEFAULT
004172fc	LAB_004172fc	Label	DEFAULT
00417306	Select?	Label	USER_DEFINED
00417346	@2	Label	USER_DEFINED
0041734c	SendCMD	Label	USER_DEFINED
00417366	@NextCmdByte	Label	USER_DEFINED
0041739a	@SendCmdRts	Label	USER_DEFINED
0041739c	GetStat?	Label	USER_DEFINED
004173a8	@0	Label	USER_DEFINED
004173d2	@1	Label	USER_DEFINED
004173dc	@2	Label	USER_DEFINED
004173f6	LAB_004173f6	Label	DEFAULT
00417404	LAB_00417404	Label	DEFAULT
0041740a	LAB_0041740a	Label	DEFAULT
00417418	LAB_00417418	Label	DEFAULT
00417426	LAB_00417426	Label	DEFAULT
00417432	LAB_00417432	Label	DEFAULT
0041743a	LAB_0041743a	Label	DEFAULT
00417440	LAB_00417440	Label	DEFAULT
00417448	LAB_00417448	Label	DEFAULT
0041744e	LAB_0041744e	Label	DEFAULT
00417454	LAB_00417454	Label	DEFAULT
0041745c	@4	Label	USER_DEFINED
00417464	GetStat	Label	USER_DEFINED
00417498	LAB_00417498	Label	DEFAULT
0041749a	GetMsg	Label	USER_DEFINED
004174d2	@1	Label	USER_DEFINED
004174de	BusDelay	Label	USER_DEFINED
004174e0	@1	Label	USER_DEFINED
004174e6	SCRESETDRV	Label	USER_DEFINED
004174f6	LAB_004174f6	Label	DEFAULT
00417506	LAB_00417506	Label	DEFAULT
00417510	wfbsy	Label	USER_DEFINED
00417512	@1	Label	USER_DEFINED
00417520	@2	Label	USER_DEFINED
00417526	LAB_00417526	Label	DEFAULT
00417536	@2	Label	USER_DEFINED
0041753a	wfnREQ	Label	USER_DEFINED
0041753c	@1	Label	USER_DEFINED
0041754c	@2	Label	USER_DEFINED
00417550	wfREQ	Label	USER_DEFINED
00417552	@1	Label	USER_DEFINED
00417562	@2	Label	USER_DEFINED
00417566	CyclePhase	Label	USER_DEFINED
00417596	WriteFiller	Label	USER_DEFINED
004175a6	CycleHndshk	Label	USER_DEFINED
004175be	CycleRts0	Label	USER_DEFINED
004175c0	CycleRts	Label	USER_DEFINED
004175c2	CheckPhase	Label	USER_DEFINED
004175ce	@0	Label	USER_DEFINED
004175d2	InsTime	Label	USER_DEFINED
004175e0	RmvTime	Label	USER_DEFINED
004175f8	LAB_004175f8	Label	DEFAULT
004175fa	PrimeTime	Label	USER_DEFINED
00417634	LAB_00417634	Label	DEFAULT
00417636	LAB_00417636	Label	DEFAULT
0041763a	SUB_0041763a	Label	DEFAULT
00417658	LAB_00417658	Label	DEFAULT
0041766c	LAB_0041766c	Label	DEFAULT
00417670	LAB_00417670	Label	DEFAULT
0041767a	SUB_0041767a	Label	DEFAULT
0041768c	LAB_0041768c	Label	DEFAULT
004176b4	LAB_004176b4	Label	DEFAULT
004176b6	SUB_004176b6	Label	DEFAULT
004176c6	LAB_004176c6	Label	DEFAULT
004176d2	LAB_004176d2	Label	DEFAULT
004176f2	LAB_004176f2	Label	DEFAULT
004176f8	DWORD_004176f8	Label	DEFAULT
004176fa	DWORD_004176f8+2	Label	DEFAULT
004176fc	RESOURCEMAP	Label	USER_DEFINED
00417700	DWORD_00417700	Label	DEFAULT
0041770c	DWORD_0041770c	Label	DEFAULT
00417712	WORD_00417712	Label	DEFAULT
00417718	RsrcTypeList	Label	USER_DEFINED
00417806	FontRefList	Label	USER_DEFINED
0041784c	_DRVR_2_.Print	Label	USER_DEFINED
00417870	PrintOpen	Label	USER_DEFINED
00417874	PrintPrime	Label	USER_DEFINED
00417878	PrintControl	Label	USER_DEFINED
0041787c	PrintStatus	Label	USER_DEFINED
00417880	PrintClose	Label	USER_DEFINED
00417884	LAB_00417884	Label	DEFAULT
004178c2	LAB_004178c2	Label	DEFAULT
004178f0	LAB_004178f0	Label	DEFAULT
00417900	LAB_00417900	Label	DEFAULT
00417932	LAB_00417932	Label	DEFAULT
0041793c	LAB_0041793c	Label	DEFAULT
0041795a	LAB_0041795a	Label	DEFAULT
0041795c	SUB_0041795c	Label	DEFAULT
0041795e	SUB_0041795e	Label	DEFAULT
0041797a	SUB_0041797a	Label	DEFAULT
004179aa	LAB_004179aa	Label	DEFAULT
004179c0	SoundHeader	Label	USER_DEFINED
004179c0	_DRVR_3_.Sound	Label	USER_DEFINED
004179ec	SoundExitNoErr	Label	USER_DEFINED
004179f0	LAB_004179f0	Label	DEFAULT
004179fa	SUB_004179fa	Label	DEFAULT
004179fc	SUB_004179fc	Label	DEFAULT
00417a10	@Exit	Label	USER_DEFINED
00417a12	DeAlloc	Label	USER_DEFINED
00417a22	@Exit	Label	USER_DEFINED
00417a24	SUB_00417a24	Label	DEFAULT
00417a2a	SUB_00417a2a	Label	DEFAULT
00417a40	LAB_00417a40	Label	DEFAULT
00417a56	SUB_00417a56	Label	DEFAULT
00417a8e	LAB_00417a8e	Label	DEFAULT
00417a92	LAB_00417a92	Label	DEFAULT
00417ab0	LAB_00417ab0	Label	DEFAULT
00417ace	LAB_00417ace	Label	DEFAULT
00417aea	LAB_00417aea	Label	DEFAULT
00417b02	LAB_00417b02	Label	DEFAULT
00417b06	SUB_00417b06	Label	DEFAULT
00417b08	SUB_00417b08	Label	DEFAULT
00417b28	@Exit	Label	USER_DEFINED
00417b2a	LAB_00417b2a	Label	DEFAULT
00417b48	LAB_00417b48	Label	DEFAULT
00417b50	DoneVBL	Label	USER_DEFINED
00417b58	@End	Label	USER_DEFINED
00417b64	LAB_00417b64	Label	DEFAULT
00417b6c	LAB_00417b6c	Label	DEFAULT
00417b70	LAB_00417b70	Label	DEFAULT
00417b76	LAB_00417b76	Label	DEFAULT
00417ba4	LAB_00417ba4	Label	DEFAULT
00417bb0	LAB_00417bb0	Label	DEFAULT
00417c02	LAB_00417c02	Label	DEFAULT
00417c32	LAB_00417c32	Label	DEFAULT
00417c60	LAB_00417c60	Label	DEFAULT
00417c70	LAB_00417c70	Label	DEFAULT
00417c72	LAB_00417c72	Label	DEFAULT
00417c82	&ROMBMap	Label	USER_DEFINED
00417c84	&FmBMapStart	Label	USER_DEFINED
00417cb4	LAB_00417cb4	Label	DEFAULT
00417cb6	LAB_00417cb6	Label	DEFAULT
00417cd8	LAB_00417cd8	Label	DEFAULT
00417cda	LAB_00417cda	Label	DEFAULT
00417ce6	LAB_00417ce6	Label	DEFAULT
00417cea	LAB_00417cea	Label	DEFAULT
00417cf4	SUB_00417cf4	Label	DEFAULT
00417d0e	LAB_00417d0e	Label	DEFAULT
00417d10	LAB_00417d10	Label	DEFAULT
00417d12	LAB_00417d12	Label	DEFAULT
00417d1c	LAB_00417d1c	Label	DEFAULT
00417d30	_DRVR_4_.Sony	Label	USER_DEFINED
00417d4c	InitDskTbl	Label	USER_DEFINED
00417d70	InitParams	Label	USER_DEFINED
00417d90	DispSetUp	Label	USER_DEFINED
00417d9e	DiskOpen	Label	USER_DEFINED
00417e20	LAB_00417e20	Label	DEFAULT
00417e38	LAB_00417e38	Label	DEFAULT
00417e52	LAB_00417e52	Label	DEFAULT
00417e70	@4?	Label	USER_DEFINED
00417e82	LAB_00417e82	Label	DEFAULT
00417ea4	LAB_00417ea4	Label	DEFAULT
00417eb6	LAB_00417eb6	Label	DEFAULT
00417ebe	TCdispose	Label	USER_DEFINED
00417ed6	@1	Label	USER_DEFINED
00417ede	LAB_00417ede	Label	DEFAULT
00417ee0	DiskDone	Label	USER_DEFINED
00417ee8	@1	Label	USER_DEFINED
00417ef8	DAT_00417ef8	Label	DEFAULT
00417efa	DAT_00417efa	Label	DEFAULT
00417efc	DAT_00417efc	Label	DEFAULT
00417efe	PTR_DAT_00417efe	Label	DEFAULT
00417f18	Control	Label	USER_DEFINED
00417f26	LAB_00417f26	Label	DEFAULT
00417f3a	LAB_00417f3a	Label	DEFAULT
00417f52	ctlTCInst	Label	USER_DEFINED
00417f72	ctlTCEnb	Label	USER_DEFINED
00417f82	@1	Label	USER_DEFINED
00417f86	LAB_00417f86	Label	DEFAULT
00417f9c	LAB_00417f9c	Label	DEFAULT
00417fa2	LAB_00417fa2	Label	DEFAULT
00417fb0	LAB_00417fb0	Label	DEFAULT
00417fba	LAB_00417fba	Label	DEFAULT
00417ff0	CtlEjtOK	Label	USER_DEFINED
00417ff6	LAB_00417ff6	Label	DEFAULT
00417ffc	LAB_00417ffc	Label	DEFAULT
00418002	LAB_00418002	Label	DEFAULT
00418036	LAB_00418036	Label	DEFAULT
00418040	CkDrvNum	Label	USER_DEFINED
00418066	LAB_00418066	Label	DEFAULT
00418070	DiskPrime	Label	USER_DEFINED
004180b6	LAB_004180b6	Label	DEFAULT
004180e2	LAB_004180e2	Label	DEFAULT
004180f6	LAB_004180f6	Label	DEFAULT
004180fc	LAB_004180fc	Label	DEFAULT
004180fe	LAB_004180fe	Label	DEFAULT
00418108	LAB_00418108	Label	DEFAULT
00418110	LAB_00418110	Label	DEFAULT
0041811c	LAB_0041811c	Label	DEFAULT
00418134	LAB_00418134	Label	DEFAULT
0041813e	LAB_0041813e	Label	DEFAULT
00418140	LAB_00418140	Label	DEFAULT
00418142	LAB_00418142	Label	DEFAULT
0041814c	LAB_0041814c	Label	DEFAULT
00418158	LAB_00418158	Label	DEFAULT
00418176	LAB_00418176	Label	DEFAULT
00418188	LAB_00418188	Label	DEFAULT
004181aa	LAB_004181aa	Label	DEFAULT
004181b0	LAB_004181b0	Label	DEFAULT
004181f0	LAB_004181f0	Label	DEFAULT
004181f4	LAB_004181f4	Label	DEFAULT
0041821a	LAB_0041821a	Label	DEFAULT
00418240	LAB_00418240	Label	DEFAULT
00418244	LAB_00418244	Label	DEFAULT
00418262	LAB_00418262	Label	DEFAULT
00418288	LAB_00418288	Label	DEFAULT
0041828c	LAB_0041828c	Label	DEFAULT
004182a2	SUB_004182a2	Label	DEFAULT
004182b2	LAB_004182b2	Label	DEFAULT
004182b8	LAB_004182b8	Label	DEFAULT
004182bc	SUB_004182bc	Label	DEFAULT
004182d8	LAB_004182d8	Label	DEFAULT
004182da	LAB_004182da	Label	DEFAULT
004182dc	ReSeek	Label	USER_DEFINED
004182e2	jtReSeek	Label	USER_DEFINED
004182e8	LAB_004182e8	Label	DEFAULT
00418316	LAB_00418316	Label	DEFAULT
00418320	LAB_00418320	Label	DEFAULT
00418336	LAB_00418336	Label	DEFAULT
00418342	LAB_00418342	Label	DEFAULT
0041834e	toDoRecal	Label	USER_DEFINED
00418352	OnTrack	Label	USER_DEFINED
00418358	OnTrack1	Label	USER_DEFINED
004183e4	@1	Label	USER_DEFINED
004183fe	@2	Label	USER_DEFINED
00418406	@3	Label	USER_DEFINED
0041840a	OTSetUp	Label	USER_DEFINED
0041843a	OTWrite	Label	USER_DEFINED
00418450	@1	Label	USER_DEFINED
00418458	@2	Label	USER_DEFINED
00418462	OTRead	Label	USER_DEFINED
00418484	GotSect	Label	USER_DEFINED
004184cc	@1	Label	USER_DEFINED
004184de	@2	Label	USER_DEFINED
004184e6	@3	Label	USER_DEFINED
00418500	ToDskRWOff	Label	USER_DEFINED
00418504	CheckRead	Label	USER_DEFINED
0041850c	EmptyPD	Label	USER_DEFINED
00418524	@2	Label	USER_DEFINED
00418530	@1	Label	USER_DEFINED
0041853a	AdrDtaErr	Label	USER_DEFINED
00418552	@1	Label	USER_DEFINED
0041855c	WrgSectAdr	Label	USER_DEFINED
0041857e	WrgSideTrk	Label	USER_DEFINED
00418582	DoRecal	Label	USER_DEFINED
0041859a	@1	Label	USER_DEFINED
004185a8	DrvVarOS	Label	USER_DEFINED
004185ac	GetDrive	Label	USER_DEFINED
004185b4	GetDrv1	Label	USER_DEFINED
004185c4	AdrDisk	Label	USER_DEFINED
004185d8	@0	Label	USER_DEFINED
004185dc	@1	Label	USER_DEFINED
004185e8	@2	Label	USER_DEFINED
004185ee	@3	Label	USER_DEFINED
004185f4	@4	Label	USER_DEFINED
004185fc	@5	Label	USER_DEFINED
004185fe	AdrAndSense	Label	USER_DEFINED
00418600	Sense	Label	USER_DEFINED
00418618	AdrAndStrb	Label	USER_DEFINED
0041861a	Pulse	Label	USER_DEFINED
00418630	??	Label	USER_DEFINED
00418648	LAB_00418648	Label	DEFAULT
0041864a	LAB_0041864a	Label	DEFAULT
0041864c	SetSpeed	Label	USER_DEFINED
00418666	LAB_00418666	Label	DEFAULT
00418668	LAB_00418668	Label	DEFAULT
00418672	LAB_00418672	Label	DEFAULT
0041867e	LAB_0041867e	Label	DEFAULT
00418688	LAB_00418688	Label	DEFAULT
00418694	LAB_00418694	Label	DEFAULT
004186a2	LAB_004186a2	Label	DEFAULT
004186a6	SUB_004186a6	Label	DEFAULT
004186bc	LAB_004186bc	Label	DEFAULT
004186cc	LAB_004186cc	Label	DEFAULT
004186e6	LAB_004186e6	Label	DEFAULT
004186ea	LAB_004186ea	Label	DEFAULT
004186f2	LAB_004186f2	Label	DEFAULT
004186f4	LAB_004186f4	Label	DEFAULT
0041870c	DAT_0041870c	Label	DEFAULT
0041870d	DAT_0041870d	Label	DEFAULT
00418718	jSeek	Label	USER_DEFINED
00418726	Seek	Label	USER_DEFINED
0041873a	LAB_0041873a	Label	DEFAULT
0041873e	LAB_0041873e	Label	DEFAULT
0041874e	LAB_0041874e	Label	DEFAULT
00418764	LAB_00418764	Label	DEFAULT
0041876c	LAB_0041876c	Label	DEFAULT
0041877e	LAB_0041877e	Label	DEFAULT
0041878c	SUB_0041878c	Label	DEFAULT
00418794	LAB_00418794	Label	DEFAULT
004187a0	SUB_004187a0	Label	DEFAULT
004187a8	LAB_004187a8	Label	DEFAULT
004187b0	LAB_004187b0	Label	DEFAULT
004187b2	SUB_004187b2	Label	DEFAULT
004187be	LAB_004187be	Label	DEFAULT
004187c0	LAB_004187c0	Label	DEFAULT
004187ce	LAB_004187ce	Label	DEFAULT
004187d4	WakeUp	Label	USER_DEFINED
004187da	vWakeUp	Label	USER_DEFINED
004187dc	WakeGo	Label	USER_DEFINED
004187ee	WakeSetUp	Label	USER_DEFINED
004187fc	@1	Label	USER_DEFINED
00418816	LAB_00418816	Label	DEFAULT
00418828	GoWakeIt	Label	USER_DEFINED
00418842	InvalTrkCache	Label	USER_DEFINED
00418850	@1	Label	USER_DEFINED
00418852	SetParams?_Recal?	Label	USER_DEFINED
00418858	Recal	Label	USER_DEFINED
00418878	LAB_00418878	Label	DEFAULT
004188a2	LAB_004188a2	Label	DEFAULT
004188a8	LAB_004188a8	Label	DEFAULT
004188aa	LAB_004188aa	Label	DEFAULT
004188b6	LAB_004188b6	Label	DEFAULT
004188dc	LAB_004188dc	Label	DEFAULT
004188e0	LAB_004188e0	Label	DEFAULT
004188e2	LAB_004188e2	Label	DEFAULT
004188e8	SUB_004188e8	Label	DEFAULT
004188fa	LAB_004188fa	Label	DEFAULT
00418906	SUB_00418906	Label	DEFAULT
0041890a	RWPowerUp	Label	USER_DEFINED
0041890e	LAB_0041890e	Label	DEFAULT
00418928	LAB_00418928	Label	DEFAULT
0041892a	SUB_0041892a	Label	DEFAULT
0041892e	SUB_0041892e	Label	DEFAULT
00418934	DiskSelect	Label	USER_DEFINED
00418948	LAB_00418948	Label	DEFAULT
0041895c	LAB_0041895c	Label	DEFAULT
0041897e	LAB_0041897e	Label	DEFAULT
0041898a	LAB_0041898a	Label	DEFAULT
00418994	LAB_00418994	Label	DEFAULT
004189a4	LAB_004189a4	Label	DEFAULT
004189be	LAB_004189be	Label	DEFAULT
004189d0	DAT_004189d0	Label	DEFAULT
004189d2	DAT_004189d2	Label	DEFAULT
004189d4	DAT_004189d4	Label	DEFAULT
004189d6	DAT_004189d6	Label	DEFAULT
004189e4	MakeSpdTbl	Label	USER_DEFINED
004189ea	jtMakeSpdTbl	Label	USER_DEFINED
004189f8	LAB_004189f8	Label	DEFAULT
00418a14	LAB_00418a14	Label	DEFAULT
00418a24	LAB_00418a24	Label	DEFAULT
00418a2e	LAB_00418a2e	Label	DEFAULT
00418a38	LAB_00418a38	Label	DEFAULT
00418a46	LAB_00418a46	Label	DEFAULT
00418a5a	LAB_00418a5a	Label	DEFAULT
00418a5e	SUB_00418a5e	Label	DEFAULT
00418a6c	SUB_00418a6c	Label	DEFAULT
00418a70	LAB_00418a70	Label	DEFAULT
00418a88	LAB_00418a88	Label	DEFAULT
00418a8a	SUB_00418a8a	Label	DEFAULT
00418a90	FigTrkSpd	Label	USER_DEFINED
00418ac2	LAB_00418ac2	Label	DEFAULT
00418ad4	SUB_00418ad4	Label	DEFAULT
00418ade	LAB_00418ade	Label	DEFAULT
00418ae2	LAB_00418ae2	Label	DEFAULT
00418afa	LAB_00418afa	Label	DEFAULT
00418b0a	SUB_00418b0a	Label	DEFAULT
00418b0e	LAB_00418b0e	Label	DEFAULT
00418b14	LAB_00418b14	Label	DEFAULT
00418b1c	LAB_00418b1c	Label	DEFAULT
00418b20	LAB_00418b20	Label	DEFAULT
00418b22	DiskRtn	Label	USER_DEFINED
00418b2a	LAB_00418b2a	Label	DEFAULT
00418b30	LAB_00418b30	Label	DEFAULT
00418b40	SonyVBL	Label	USER_DEFINED
00418b46	&SonyVBL	Label	USER_DEFINED
00418b68	LAB_00418b68	Label	DEFAULT
00418b6a	LAB_00418b6a	Label	DEFAULT
00418b80	LAB_00418b80	Label	DEFAULT
00418b84	LAB_00418b84	Label	DEFAULT
00418b88	SUB_00418b88	Label	DEFAULT
00418ba4	LAB_00418ba4	Label	DEFAULT
00418bbe	LAB_00418bbe	Label	DEFAULT
00418bc6	LAB_00418bc6	Label	DEFAULT
00418bd4	LAB_00418bd4	Label	DEFAULT
00418bdc	LAB_00418bdc	Label	DEFAULT
00418bde	DAT_00418bde	Label	DEFAULT
00418be4	SUB_00418be4	Label	DEFAULT
00418bea	SetUpPoll	Label	USER_DEFINED
00418c04	RdAddrSetup	Label	USER_DEFINED
00418c14	LAB_00418c14	Label	DEFAULT
00418c18	SUB_00418c18	Label	DEFAULT
00418c22	RdAddr	Label	USER_DEFINED
00418c32	LAB_00418c32	Label	DEFAULT
00418c38	LAB_00418c38	Label	DEFAULT
00418c44	LAB_00418c44	Label	DEFAULT
00418c58	LAB_00418c58	Label	DEFAULT
00418c5c	LAB_00418c5c	Label	DEFAULT
00418c60	LAB_00418c60	Label	DEFAULT
00418c6a	LAB_00418c6a	Label	DEFAULT
00418c72	LAB_00418c72	Label	DEFAULT
00418c7a	LAB_00418c7a	Label	DEFAULT
00418c86	LAB_00418c86	Label	DEFAULT
00418c90	LAB_00418c90	Label	DEFAULT
00418ca2	LAB_00418ca2	Label	DEFAULT
00418cac	LAB_00418cac	Label	DEFAULT
00418cba	LAB_00418cba	Label	DEFAULT
00418cc4	LAB_00418cc4	Label	DEFAULT
00418ccc	LAB_00418ccc	Label	DEFAULT
00418cd0	LAB_00418cd0	Label	DEFAULT
00418cd4	LAB_00418cd4	Label	DEFAULT
00418cd8	DAT_00418cd8	Label	DEFAULT
00418cde	RdData	Label	USER_DEFINED
00418ce8	RdData	Label	USER_DEFINED
00418cfe	LAB_00418cfe	Label	DEFAULT
00418d02	LAB_00418d02	Label	DEFAULT
00418d0c	LAB_00418d0c	Label	DEFAULT
00418d14	LAB_00418d14	Label	DEFAULT
00418d1c	LAB_00418d1c	Label	DEFAULT
00418d28	LAB_00418d28	Label	DEFAULT
00418d2e	LAB_00418d2e	Label	DEFAULT
00418d3c	LAB_00418d3c	Label	DEFAULT
00418d56	LAB_00418d56	Label	DEFAULT
00418d6e	LAB_00418d6e	Label	DEFAULT
00418d8a	LAB_00418d8a	Label	DEFAULT
00418d90	LAB_00418d90	Label	DEFAULT
00418d9e	LAB_00418d9e	Label	DEFAULT
00418db8	LAB_00418db8	Label	DEFAULT
00418dd4	LAB_00418dd4	Label	DEFAULT
00418de6	LAB_00418de6	Label	DEFAULT
00418dec	LAB_00418dec	Label	DEFAULT
00418dfa	LAB_00418dfa	Label	DEFAULT
00418e16	LAB_00418e16	Label	DEFAULT
00418e2e	LAB_00418e2e	Label	DEFAULT
00418e34	LAB_00418e34	Label	DEFAULT
00418e40	LAB_00418e40	Label	DEFAULT
00418e48	LAB_00418e48	Label	DEFAULT
00418e4e	LAB_00418e4e	Label	DEFAULT
00418e5e	LAB_00418e5e	Label	DEFAULT
00418e74	LAB_00418e74	Label	DEFAULT
00418e8e	LAB_00418e8e	Label	DEFAULT
00418e9e	LAB_00418e9e	Label	DEFAULT
00418ea2	LAB_00418ea2	Label	DEFAULT
00418ea6	LAB_00418ea6	Label	DEFAULT
00418ea8	LAB_00418ea8	Label	DEFAULT
00418eb2	LAB_00418eb2	Label	DEFAULT
00418ebc	LAB_00418ebc	Label	DEFAULT
00418ec0	LAB_00418ec0	Label	DEFAULT
00418f2e	MarkTbl	Label	USER_DEFINED
00418f36	WrData	Label	USER_DEFINED
00418f40	jtWrData	Label	USER_DEFINED
00418f68	LAB_00418f68	Label	DEFAULT
00418f6a	LAB_00418f6a	Label	DEFAULT
00418f76	LAB_00418f76	Label	DEFAULT
00418f80	LAB_00418f80	Label	DEFAULT
00418f8c	LAB_00418f8c	Label	DEFAULT
00418f8e	LAB_00418f8e	Label	DEFAULT
00418f96	LAB_00418f96	Label	DEFAULT
00418faa	LAB_00418faa	Label	DEFAULT
00418fb0	LAB_00418fb0	Label	DEFAULT
00418fb8	LAB_00418fb8	Label	DEFAULT
00418fc6	LAB_00418fc6	Label	DEFAULT
00418fe2	LAB_00418fe2	Label	DEFAULT
00418ff8	LAB_00418ff8	Label	DEFAULT
0041900c	LAB_0041900c	Label	DEFAULT
0041901e	LAB_0041901e	Label	DEFAULT
0041902a	@1	Label	USER_DEFINED
00419036	@2	Label	USER_DEFINED
00419048	@3	Label	USER_DEFINED
00419054	@4	Label	USER_DEFINED
00419062	WrSlip	Label	USER_DEFINED
0041906e	@1	Label	USER_DEFINED
0041907c	@2	Label	USER_DEFINED
00419086	TrailMks	Label	USER_DEFINED
0041908a	niblTbl	Label	USER_DEFINED
0041908a	Nibl	Label	USER_DEFINED
0041908c	niblTbl[0][2]	Label	DEFAULT
00419095	niblTbl[1][3]	Label	DEFAULT
004190ac	niblTbl[4][2]	Label	DEFAULT
004190c9	niblTbl[7][7]	Label	DEFAULT
004190ca	DAT_004190ca	Label	DEFAULT
004190cb	DAT_004190cb	Label	DEFAULT
004190cc	DAT_004190cc	Label	DEFAULT
004190cd	DAT_004190cd	Label	DEFAULT
004190d4	DAT_004190d4	Label	DEFAULT
004190d5	DAT_004190d5	Label	DEFAULT
0041915c	LAB_0041915c	Label	DEFAULT
004191e6	LAB_004191e6	Label	DEFAULT
00419202	LAB_00419202	Label	DEFAULT
00419214	LAB_00419214	Label	DEFAULT
00419220	LAB_00419220	Label	DEFAULT
00419256	LAB_00419256	Label	DEFAULT
0041926a	LAB_0041926a	Label	DEFAULT
0041926e	LAB_0041926e	Label	DEFAULT
00419274	LAB_00419274	Label	DEFAULT
00419278	LAB_00419278	Label	DEFAULT
00419282	SUB_00419282	Label	DEFAULT
0041929a	LAB_0041929a	Label	DEFAULT
004192ce	LAB_004192ce	Label	DEFAULT
004192d2	LAB_004192d2	Label	DEFAULT
004192d4	LAB_004192d4	Label	DEFAULT
004192e2	LAB_004192e2	Label	DEFAULT
004192f0	LAB_004192f0	Label	DEFAULT
004192f2	LAB_004192f2	Label	DEFAULT
004192f6	LAB_004192f6	Label	DEFAULT
00419302	LAB_00419302	Label	DEFAULT
0041930c	LAB_0041930c	Label	DEFAULT
00419318	LAB_00419318	Label	DEFAULT
00419320	LAB_00419320	Label	DEFAULT
0041932e	LAB_0041932e	Label	DEFAULT
00419336	LAB_00419336	Label	DEFAULT
00419352	LAB_00419352	Label	DEFAULT
00419354	LAB_00419354	Label	DEFAULT
00419362	SUB_00419362	Label	DEFAULT
00419378	LAB_00419378	Label	DEFAULT
004193a0	LAB_004193a0	Label	DEFAULT
004193e2	LAB_004193e2	Label	DEFAULT
004193e8	LAB_004193e8	Label	DEFAULT
0041940c	LAB_0041940c	Label	DEFAULT
00419410	SUB_00419410	Label	DEFAULT
00419430	LAB_00419430	Label	DEFAULT
00419440	LAB_00419440	Label	DEFAULT
00419458	LAB_00419458	Label	DEFAULT
00419480	LAB_00419480	Label	DEFAULT
00419488	LAB_00419488	Label	DEFAULT
004194a0	LAB_004194a0	Label	DEFAULT
004194a2	LAB_004194a2	Label	DEFAULT
004194ae	EmptyPD	Label	USER_DEFINED
004194b6	SUB_004194b6	Label	DEFAULT
004194ba	LAB_004194ba	Label	DEFAULT
004194c0	LAB_004194c0	Label	DEFAULT
004194c8	SUB_004194c8	Label	DEFAULT
004194ca	&SyncCallRtn	Label	USER_DEFINED
004194d0	SUB_004194d0	Label	DEFAULT
004194d6	LAB_004194d6	Label	DEFAULT
004194ea	LAB_004194ea	Label	DEFAULT
00419508	DAT_00419508	Label	DEFAULT
00419544	LAB_00419544	Label	DEFAULT
00419586	LAB_00419586	Label	DEFAULT
00419590	LAB_00419590	Label	DEFAULT
0041959e	LAB_0041959e	Label	DEFAULT
004195ae	LAB_004195ae	Label	DEFAULT
004195b8	LAB_004195b8	Label	DEFAULT
004195d0	LAB_004195d0	Label	DEFAULT
004195dc	LAB_004195dc	Label	DEFAULT
004195fe	LAB_004195fe	Label	DEFAULT
00419608	LAB_00419608	Label	DEFAULT
0041960a	LAB_0041960a	Label	DEFAULT
00419616	LAB_00419616	Label	DEFAULT
00419618	LAB_00419618	Label	DEFAULT
0041962a	LAB_0041962a	Label	DEFAULT
00419648	LAB_00419648	Label	DEFAULT
00419658	SUB_00419658	Label	DEFAULT
0041965a	LAB_0041965a	Label	DEFAULT
0041965c	LAB_0041965c	Label	DEFAULT
0041967a	LAB_0041967a	Label	DEFAULT
0041967c	SUB_0041967c	Label	DEFAULT
004196a4	LAB_004196a4	Label	DEFAULT
004196ac	SUB_004196ac	Label	DEFAULT
004196b2	SendCmd	Label	USER_DEFINED
004196d6	LAB_004196d6	Label	DEFAULT
004196fa	LAB_004196fa	Label	DEFAULT
00419712	LAB_00419712	Label	DEFAULT
00419730	LAB_00419730	Label	DEFAULT
0041974c	LAB_0041974c	Label	DEFAULT
00419754	LAB_00419754	Label	DEFAULT
00419756	SUB_00419756	Label	DEFAULT
004197a2	LAB_004197a2	Label	DEFAULT
004197b8	LAB_004197b8	Label	DEFAULT
004197d4	LAB_004197d4	Label	DEFAULT
004197f6	LAB_004197f6	Label	DEFAULT
004197fe	LAB_004197fe	Label	DEFAULT
00419802	LAB_00419802	Label	DEFAULT
0041980e	SUB_0041980e	Label	DEFAULT
00419846	LAB_00419846	Label	DEFAULT
00419856	LAB_00419856	Label	DEFAULT
00419868	LAB_00419868	Label	DEFAULT
0041986a	LAB_0041986a	Label	DEFAULT
00419874	LAB_00419874	Label	DEFAULT
0041987e	LAB_0041987e	Label	DEFAULT
00419888	LAB_00419888	Label	DEFAULT
00419892	LAB_00419892	Label	DEFAULT
0041989c	LAB_0041989c	Label	DEFAULT
004198a6	LAB_004198a6	Label	DEFAULT
004198b6	LAB_004198b6	Label	DEFAULT
004198bc	LAB_004198bc	Label	DEFAULT
004198c4	LAB_004198c4	Label	DEFAULT
004198cc	LAB_004198cc	Label	DEFAULT
004198e2	LAB_004198e2	Label	DEFAULT
004198f2	LAB_004198f2	Label	DEFAULT
004198fc	LAB_004198fc	Label	DEFAULT
0041990e	LAB_0041990e	Label	DEFAULT
0041991e	LAB_0041991e	Label	DEFAULT
00419926	LAB_00419926	Label	DEFAULT
0041992c	LAB_0041992c	Label	DEFAULT
00419938	LAB_00419938	Label	DEFAULT
00419942	LAB_00419942	Label	DEFAULT
00419956	LAB_00419956	Label	DEFAULT
00419964	LAB_00419964	Label	DEFAULT
0041997e	LAB_0041997e	Label	DEFAULT
0041998e	LAB_0041998e	Label	DEFAULT
0041999c	LAB_0041999c	Label	DEFAULT
004199a0	LAB_004199a0	Label	DEFAULT
004199ae	LAB_004199ae	Label	DEFAULT
004199bc	LAB_004199bc	Label	DEFAULT
004199c8	LAB_004199c8	Label	DEFAULT
004199d6	LAB_004199d6	Label	DEFAULT
004199e2	LAB_004199e2	Label	DEFAULT
004199f0	LAB_004199f0	Label	DEFAULT
00419a0e	LAB_00419a0e	Label	DEFAULT
00419a20	SUB_00419a20	Label	DEFAULT
00419ab0	LAB_00419ab0	Label	DEFAULT
00419ad4	LAB_00419ad4	Label	DEFAULT
00419ad6	LAB_00419ad6	Label	DEFAULT
00419ae8	LAB_00419ae8	Label	DEFAULT
00419af0	LAB_00419af0	Label	DEFAULT
00419afc	LAB_00419afc	Label	DEFAULT
00419b08	LAB_00419b08	Label	DEFAULT
00419b14	LAB_00419b14	Label	DEFAULT
00419b2e	LAB_00419b2e	Label	DEFAULT
00419b48	LAB_00419b48	Label	DEFAULT
00419b64	LAB_00419b64	Label	DEFAULT
00419b76	LAB_00419b76	Label	DEFAULT
00419b8e	LAB_00419b8e	Label	DEFAULT
00419ba2	LAB_00419ba2	Label	DEFAULT
00419bae	LAB_00419bae	Label	DEFAULT
00419bb4	LAB_00419bb4	Label	DEFAULT
00419bb6	LAB_00419bb6	Label	DEFAULT
00419bc4	LAB_00419bc4	Label	DEFAULT
00419bdc	LAB_00419bdc	Label	DEFAULT
00419bf0	LAB_00419bf0	Label	DEFAULT
00419bfa	LAB_00419bfa	Label	DEFAULT
00419c00	LAB_00419c00	Label	DEFAULT
00419c08	LAB_00419c08	Label	DEFAULT
00419c0e	LAB_00419c0e	Label	DEFAULT
00419c16	LAB_00419c16	Label	DEFAULT
00419c1c	LAB_00419c1c	Label	DEFAULT
00419c24	LAB_00419c24	Label	DEFAULT
00419c2a	LAB_00419c2a	Label	DEFAULT
00419c30	LAB_00419c30	Label	DEFAULT
00419c38	LAB_00419c38	Label	DEFAULT
00419c4a	LAB_00419c4a	Label	DEFAULT
00419c56	LAB_00419c56	Label	DEFAULT
00419c66	SUB_00419c66	Label	DEFAULT
00419c6c	DCDReset	Label	USER_DEFINED
00419ca0	LAB_00419ca0	Label	DEFAULT
00419cb6	LAB_00419cb6	Label	DEFAULT
00419cba	LAB_00419cba	Label	DEFAULT
00419ce8	SUB_00419ce8	Label	DEFAULT
00419cf2	LAB_00419cf2	Label	DEFAULT
00419d04	LAB_00419d04	Label	DEFAULT
00419d42	LAB_00419d42	Label	DEFAULT
00419d48	LAB_00419d48	Label	DEFAULT
00419d60	LAB_00419d60	Label	DEFAULT
00419d70	LAB_00419d70	Label	DEFAULT
00419d82	LAB_00419d82	Label	DEFAULT
00419d84	LAB_00419d84	Label	DEFAULT
00419d90	LAB_00419d90	Label	DEFAULT
00419da0	_DRVR_10_.ATP	Label	USER_DEFINED
00419db8	ATPOpen	Label	USER_DEFINED
00419dd0	LAB_00419dd0	Label	DEFAULT
00419e04	&FromATP	Label	USER_DEFINED
00419e06	ATPDoControl	Label	USER_DEFINED
00419e0e	LAB_00419e0e	Label	DEFAULT
00419e12	LAB_00419e12	Label	DEFAULT
00419e1e	LAB_00419e1e	Label	DEFAULT
00419e3c	&IntoDispatch	Label	USER_DEFINED
00419e58	LAB_00419e58	Label	DEFAULT
00419e62	LAB_00419e62	Label	DEFAULT
00419e6e	DAT_00419e6e	Label	DEFAULT
00419e7e	LAB_00419e7e	Label	DEFAULT
00419e8a	LAB_00419e8a	Label	DEFAULT
00419e8e	ATPClose	Label	USER_DEFINED
00419e9e	LAB_00419e9e	Label	DEFAULT
00419eaa	LAB_00419eaa	Label	DEFAULT
00419eb8	LAB_00419eb8	Label	DEFAULT
00419ebe	LAB_00419ebe	Label	DEFAULT
00419ed6	LAB_00419ed6	Label	DEFAULT
00419ed8	SUB_00419ed8	Label	DEFAULT
00419edc	LAB_00419edc	Label	DEFAULT
00419f64	LAB_00419f64	Label	DEFAULT
00419f66	ATPExit	Label	USER_DEFINED
00419f6a	LAB_00419f6a	Label	DEFAULT
00419f8e	LAB_00419f8e	Label	DEFAULT
00419fa2	LAB_00419fa2	Label	DEFAULT
00419fba	LAB_00419fba	Label	DEFAULT
00419fd8	&IntoSendRsp	Label	USER_DEFINED
00419fde	LAB_00419fde	Label	DEFAULT
00419fec	LAB_00419fec	Label	DEFAULT
0041a018	&NoBuffs	Label	USER_DEFINED
0041a024	LAB_0041a024	Label	DEFAULT
0041a030	LAB_0041a030	Label	DEFAULT
0041a04c	LAB_0041a04c	Label	DEFAULT
0041a050	LAB_0041a050	Label	DEFAULT
0041a054	SUB_0041a054	Label	DEFAULT
0041a05a	LAB_0041a05a	Label	DEFAULT
0041a06c	LAB_0041a06c	Label	DEFAULT
0041a074	LAB_0041a074	Label	DEFAULT
0041a076	SUB_0041a076	Label	DEFAULT
0041a08a	LAB_0041a08a	Label	DEFAULT
0041a0fc	LAB_0041a0fc	Label	DEFAULT
0041a118	LAB_0041a118	Label	DEFAULT
0041a11a	LAB_0041a11a	Label	DEFAULT
0041a11c	LAB_0041a11c	Label	DEFAULT
0041a126	LAB_0041a126	Label	DEFAULT
0041a140	&IntoSendReq	Label	USER_DEFINED
0041a146	&PastSL	Label	USER_DEFINED
0041a15a	LAB_0041a15a	Label	DEFAULT
0041a170	LAB_0041a170	Label	DEFAULT
0041a176	LAB_0041a176	Label	DEFAULT
0041a1bc	SUB_0041a1bc	Label	DEFAULT
0041a206	SUB_0041a206	Label	DEFAULT
0041a226	LAB_0041a226	Label	DEFAULT
0041a23e	SUB_0041a23e	Label	DEFAULT
0041a25a	SUB_0041a25a	Label	DEFAULT
0041a26c	LAB_0041a26c	Label	DEFAULT
0041a27a	IntoCheckTime	Label	USER_DEFINED
0041a27e	LAB_0041a27e	Label	DEFAULT
0041a284	LAB_0041a284	Label	DEFAULT
0041a2b0	LAB_0041a2b0	Label	DEFAULT
0041a2c4	LAB_0041a2c4	Label	DEFAULT
0041a2dc	LAB_0041a2dc	Label	DEFAULT
0041a2e2	LAB_0041a2e2	Label	DEFAULT
0041a2ee	LAB_0041a2ee	Label	DEFAULT
0041a310	LAB_0041a310	Label	DEFAULT
0041a316	LAB_0041a316	Label	DEFAULT
0041a31a	SUB_0041a31a	Label	DEFAULT
0041a32e	LAB_0041a32e	Label	DEFAULT
0041a33a	LAB_0041a33a	Label	DEFAULT
0041a35a	LAB_0041a35a	Label	DEFAULT
0041a35e	LAB_0041a35e	Label	DEFAULT
0041a366	LAB_0041a366	Label	DEFAULT
0041a388	LAB_0041a388	Label	DEFAULT
0041a3a6	LAB_0041a3a6	Label	DEFAULT
0041a3a8	ATPIgnore	Label	USER_DEFINED
0041a3b0	LAB_0041a3b0	Label	DEFAULT
0041a3b6	LAB_0041a3b6	Label	DEFAULT
0041a3d2	LAB_0041a3d2	Label	DEFAULT
0041a3e0	LAB_0041a3e0	Label	DEFAULT
0041a3e2	LAB_0041a3e2	Label	DEFAULT
0041a3e4	LAB_0041a3e4	Label	DEFAULT
0041a418	DAT_0041a418	Label	DEFAULT
0041a41e	LAB_0041a41e	Label	DEFAULT
0041a436	LAB_0041a436	Label	DEFAULT
0041a448	ReadResp	Label	USER_DEFINED
0041a4c2	LAB_0041a4c2	Label	DEFAULT
0041a4d0	LAB_0041a4d0	Label	DEFAULT
0041a4f2	LAB_0041a4f2	Label	DEFAULT
0041a524	LAB_0041a524	Label	DEFAULT
0041a536	SUB_0041a536	Label	DEFAULT
0041a542	LAB_0041a542	Label	DEFAULT
0041a544	LAB_0041a544	Label	DEFAULT
0041a572	LAB_0041a572	Label	DEFAULT
0041a584	LAB_0041a584	Label	DEFAULT
0041a58e	LAB_0041a58e	Label	DEFAULT
0041a592	LAB_0041a592	Label	DEFAULT
0041a594	LAB_0041a594	Label	DEFAULT
0041a5ce	LAB_0041a5ce	Label	DEFAULT
0041a5ea	LAB_0041a5ea	Label	DEFAULT
0041a608	LAB_0041a608	Label	DEFAULT
0041a60a	LAB_0041a60a	Label	DEFAULT
0041a634	LAB_0041a634	Label	DEFAULT
0041a636	LAB_0041a636	Label	DEFAULT
0041a640	LAB_0041a640	Label	DEFAULT
0041a64e	SUB_0041a64e	Label	DEFAULT
0041a68a	LAB_0041a68a	Label	DEFAULT
0041a690	LAB_0041a690	Label	DEFAULT
0041a692	LAB_0041a692	Label	DEFAULT
0041a6a4	LAB_0041a6a4	Label	DEFAULT
0041a6aa	LAB_0041a6aa	Label	DEFAULT
0041a6ac	SUB_0041a6ac	Label	DEFAULT
0041a6b8	GetDataArea	Label	USER_DEFINED
0041a6e4	LAB_0041a6e4	Label	DEFAULT
0041a6ec	SUB_0041a6ec	Label	DEFAULT
0041a6fa	_DRVR_9_.MPP	Label	USER_DEFINED
0041a702	@Open	Label	USER_DEFINED
0041a704	@Prime	Label	USER_DEFINED
0041a706	@Control	Label	USER_DEFINED
0041a708	@Status	Label	USER_DEFINED
0041a70a	@Close	Label	USER_DEFINED
0041a714	MPPControl	Label	USER_DEFINED
0041a71e	LAB_0041a71e	Label	DEFAULT
0041a72c	LAB_0041a72c	Label	DEFAULT
0041a738	LAB_0041a738	Label	DEFAULT
0041a76a	DAT_0041a76a	Label	DEFAULT
0041a77a	LAB_0041a77a	Label	DEFAULT
0041a786	LAB_0041a786	Label	DEFAULT
0041a79c	LAB_0041a79c	Label	DEFAULT
0041a7a0	SUB_0041a7a0	Label	DEFAULT
0041a7b8	SUB_0041a7b8	Label	DEFAULT
0041a7ca	LAB_0041a7ca	Label	DEFAULT
0041a7cc	LAB_0041a7cc	Label	DEFAULT
0041a7ea	LAB_0041a7ea	Label	DEFAULT
0041a7f6	LAB_0041a7f6	Label	DEFAULT
0041a80a	LAB_0041a80a	Label	DEFAULT
0041a80c	SUB_0041a80c	Label	DEFAULT
0041a80e	LAB_0041a80e	Label	DEFAULT
0041a820	SUB_0041a820	Label	DEFAULT
0041a824	LAB_0041a824	Label	DEFAULT
0041a860	LAB_0041a860	Label	DEFAULT
0041a86a	LAB_0041a86a	Label	DEFAULT
0041a870	LAB_0041a870	Label	DEFAULT
0041a888	SUB_0041a888	Label	DEFAULT
0041a892	LAB_0041a892	Label	DEFAULT
0041a894	LAB_0041a894	Label	DEFAULT
0041a8a4	LAB_0041a8a4	Label	DEFAULT
0041a8ac	LAB_0041a8ac	Label	DEFAULT
0041a8b8	LAB_0041a8b8	Label	DEFAULT
0041a8ce	LAB_0041a8ce	Label	DEFAULT
0041a8d2	LAB_0041a8d2	Label	DEFAULT
0041a8e4	LAB_0041a8e4	Label	DEFAULT
0041a8ea	LAB_0041a8ea	Label	DEFAULT
0041a8f2	LAB_0041a8f2	Label	DEFAULT
0041a904	LAB_0041a904	Label	DEFAULT
0041a908	LAB_0041a908	Label	DEFAULT
0041a926	LAB_0041a926	Label	DEFAULT
0041a934	LAB_0041a934	Label	DEFAULT
0041a948	LAB_0041a948	Label	DEFAULT
0041a94a	LAB_0041a94a	Label	DEFAULT
0041a94c	SUB_0041a94c	Label	DEFAULT
0041a94e	LAB_0041a94e	Label	DEFAULT
0041a95c	LAB_0041a95c	Label	DEFAULT
0041a980	LAB_0041a980	Label	DEFAULT
0041a984	LAB_0041a984	Label	DEFAULT
0041a992	SUB_0041a992	Label	DEFAULT
0041a99a	SUB_0041a99a	Label	DEFAULT
0041a9a8	LAB_0041a9a8	Label	DEFAULT
0041a9c8	SUB_0041a9c8	Label	DEFAULT
0041a9cc	LAB_0041a9cc	Label	DEFAULT
0041a9d2	LAB_0041a9d2	Label	DEFAULT
0041a9da	LAB_0041a9da	Label	DEFAULT
0041a9e4	LAB_0041a9e4	Label	DEFAULT
0041a9fa	LAB_0041a9fa	Label	DEFAULT
0041a9fc	LAB_0041a9fc	Label	DEFAULT
0041aa14	LAB_0041aa14	Label	DEFAULT
0041aa1c	LAB_0041aa1c	Label	DEFAULT
0041aa2c	LAB_0041aa2c	Label	DEFAULT
0041aa32	LAB_0041aa32	Label	DEFAULT
0041aa56	LAB_0041aa56	Label	DEFAULT
0041aa7e	LAB_0041aa7e	Label	DEFAULT
0041aa86	SUB_0041aa86	Label	DEFAULT
0041aa88	LAB_0041aa88	Label	DEFAULT
0041aa92	LAB_0041aa92	Label	DEFAULT
0041aa96	LAB_0041aa96	Label	DEFAULT
0041aa9a	LAB_0041aa9a	Label	DEFAULT
0041aa9c	LAB_0041aa9c	Label	DEFAULT
0041aaa4	LAB_0041aaa4	Label	DEFAULT
0041aac4	LAB_0041aac4	Label	DEFAULT
0041aade	LAB_0041aade	Label	DEFAULT
0041aaf4	DAT_0041aaf4	Label	DEFAULT
0041ab0e	LAB_0041ab0e	Label	DEFAULT
0041ab1e	VBLHnd	Label	USER_DEFINED
0041ab32	LAB_0041ab32	Label	DEFAULT
0041ab4e	SUB_0041ab4e	Label	DEFAULT
0041ab54	LAB_0041ab54	Label	DEFAULT
0041ab62	LAB_0041ab62	Label	DEFAULT
0041ab66	LAB_0041ab66	Label	DEFAULT
0041ab68	SUB_0041ab68	Label	DEFAULT
0041ab7e	DAT_0041ab7e	Label	DEFAULT
0041ab82	SUB_0041ab82	Label	DEFAULT
0041ab84	LAB_0041ab84	Label	DEFAULT
0041ab92	LAB_0041ab92	Label	DEFAULT
0041ab96	SUB_0041ab96	Label	DEFAULT
0041aba2	LAB_0041aba2	Label	DEFAULT
0041abac	SUB_0041abac	Label	DEFAULT
0041abd8	LAB_0041abd8	Label	DEFAULT
0041abda	LAB_0041abda	Label	DEFAULT
0041abe8	LAB_0041abe8	Label	DEFAULT
0041abf2	LAB_0041abf2	Label	DEFAULT
0041abfe	LAB_0041abfe	Label	DEFAULT
0041ac00	LAB_0041ac00	Label	DEFAULT
0041ac0e	LAB_0041ac0e	Label	DEFAULT
0041ac22	SUB_0041ac22	Label	DEFAULT
0041ac3a	SUB_0041ac3a	Label	DEFAULT
0041ac40	LAB_0041ac40	Label	DEFAULT
0041ac46	LAB_0041ac46	Label	DEFAULT
0041ac5a	LAB_0041ac5a	Label	DEFAULT
0041ac5e	SUB_0041ac5e	Label	DEFAULT
0041ac64	SUB_0041ac64	Label	DEFAULT
0041ac6c	LAB_0041ac6c	Label	DEFAULT
0041ac70	SUB_0041ac70	Label	DEFAULT
0041ac7a	LAB_0041ac7a	Label	DEFAULT
0041ac88	LAB_0041ac88	Label	DEFAULT
0041ac9c	LAB_0041ac9c	Label	DEFAULT
0041aca8	LAB_0041aca8	Label	DEFAULT
0041acc2	LAB_0041acc2	Label	DEFAULT
0041acca	LAB_0041acca	Label	DEFAULT
0041ace2	LAB_0041ace2	Label	DEFAULT
0041acf4	LAB_0041acf4	Label	DEFAULT
0041ad16	LAB_0041ad16	Label	DEFAULT
0041ad18	LAB_0041ad18	Label	DEFAULT
0041ad28	LAB_0041ad28	Label	DEFAULT
0041ad2e	LAB_0041ad2e	Label	DEFAULT
0041ad36	LAB_0041ad36	Label	DEFAULT
0041ad3a	LAB_0041ad3a	Label	DEFAULT
0041ad3c	SUB_0041ad3c	Label	DEFAULT
0041ad44	LAB_0041ad44	Label	DEFAULT
0041ad48	SUB_0041ad48	Label	DEFAULT
0041ad4c	LAB_0041ad4c	Label	DEFAULT
0041ad60	LAB_0041ad60	Label	DEFAULT
0041ad72	SUB_0041ad72	Label	DEFAULT
0041ad80	LAB_0041ad80	Label	DEFAULT
0041ad86	LAB_0041ad86	Label	DEFAULT
0041ada0	SUB_0041ada0	Label	DEFAULT
0041adaa	SUB_0041adaa	Label	DEFAULT
0041adb4	LAB_0041adb4	Label	DEFAULT
0041adbc	LAB_0041adbc	Label	DEFAULT
0041adbe	LAB_0041adbe	Label	DEFAULT
0041adc0	LAB_0041adc0	Label	DEFAULT
0041adc4	LAB_0041adc4	Label	DEFAULT
0041adc6	LAB_0041adc6	Label	DEFAULT
0041adcc	LAB_0041adcc	Label	DEFAULT
0041add2	LAB_0041add2	Label	DEFAULT
0041ade8	LAB_0041ade8	Label	DEFAULT
0041adf0	LAB_0041adf0	Label	DEFAULT
0041ae28	LAB_0041ae28	Label	DEFAULT
0041ae32	LAB_0041ae32	Label	DEFAULT
0041ae3a	LAB_0041ae3a	Label	DEFAULT
0041ae3c	LAB_0041ae3c	Label	DEFAULT
0041ae3e	LAB_0041ae3e	Label	DEFAULT
0041ae40	LAB_0041ae40	Label	DEFAULT
0041ae62	LAB_0041ae62	Label	DEFAULT
0041ae66	LAB_0041ae66	Label	DEFAULT
0041ae68	LAB_0041ae68	Label	DEFAULT
0041aec4	LAB_0041aec4	Label	DEFAULT
0041aece	LAB_0041aece	Label	DEFAULT
0041aed4	LAB_0041aed4	Label	DEFAULT
0041aed8	LAB_0041aed8	Label	DEFAULT
0041aeda	SUB_0041aeda	Label	DEFAULT
0041aede	LAB_0041aede	Label	DEFAULT
0041aeea	DAT_0041aeea	Label	DEFAULT
0041aef6	MPPOpen	Label	USER_DEFINED
0041af46	LAB_0041af46	Label	DEFAULT
0041af5e	LAB_0041af5e	Label	DEFAULT
0041af60	LAB_0041af60	Label	DEFAULT
0041afdc	LAB_0041afdc	Label	DEFAULT
0041afe0	LAB_0041afe0	Label	DEFAULT
0041affc	LAB_0041affc	Label	DEFAULT
0041b006	LAB_0041b006	Label	DEFAULT
0041b08a	LAB_0041b08a	Label	DEFAULT
0041b098	SUB_0041b098	Label	DEFAULT
0041b0c0	LAB_0041b0c0	Label	DEFAULT
0041b0cc	SUB_0041b0cc	Label	DEFAULT
0041b0d6	DAT_0041b0d6	Label	DEFAULT
0041b0dc	SUB_0041b0dc	Label	DEFAULT
0041b0e6	SUB_0041b0e6	Label	DEFAULT
0041b0f6	DAT_0041b0f6	Label	DEFAULT
0041b112	DAT_0041b112	Label	DEFAULT
0041b114	DAT_0041b114	Label	DEFAULT
0041b11a	DAT_0041b11a	Label	DEFAULT
0041b11e	DAT_0041b11e	Label	DEFAULT
0041b120	DAT_0041b120	Label	DEFAULT
0041b122	DAT_0041b122	Label	DEFAULT
0041b140	s_`L`L&j_0041b124+0x1c	Label	DEFAULT
0041b2e4	LAB_0041b2e4	Label	DEFAULT
0041b300	DAT_0041b300	Label	DEFAULT
0041b30e	LAB_0041b30e	Label	DEFAULT
0041b546	LAB_0041b546	Label	DEFAULT
0041b6d0	_SERD_0_	Label	USER_DEFINED
0041b77a	LAB_0041b77a	Label	DEFAULT
0041b784	ChkAConfig	Label	USER_DEFINED
0041b78a	ChkBConfig	Label	USER_DEFINED
0041b78e	ChkConfig	Label	USER_DEFINED
0041b7a0	LAB_0041b7a0	Label	DEFAULT
0041b7a4	LAB_0041b7a4	Label	DEFAULT
0041b7ba	LAB_0041b7ba	Label	DEFAULT
0041b7c4	LAB_0041b7c4	Label	DEFAULT
0041b7c6	AOutOpen	Label	USER_DEFINED
0041b7f4	BOutOpen	Label	USER_DEFINED
0041b81e	LAB_0041b81e	Label	DEFAULT
0041b82a	SUB_0041b82a	Label	DEFAULT
0041b832	LAB_0041b832	Label	DEFAULT
0041b858	LAB_0041b858	Label	DEFAULT
0041b866	LAB_0041b866	Label	DEFAULT
0041b888	LAB_0041b888	Label	DEFAULT
0041b8a0	LAB_0041b8a0	Label	DEFAULT
0041b8d3	DAT_0041b8d3	Label	DEFAULT
0041b8d4	DAT_0041b8d4	Label	DEFAULT
0041b8d5	DAT_0041b8d5	Label	DEFAULT
0041b8d6	DAT_0041b8d6	Label	DEFAULT
0041b8d7	DAT_0041b8d7	Label	DEFAULT
0041b8d8	DAT_0041b8d8	Label	DEFAULT
0041b8d9	PTR_DAT_0041b8d9	Label	DEFAULT
0041b8ec	DAT_0041b8ec	Label	DEFAULT
0041b8ee	DAT_0041b8ee	Label	DEFAULT
0041b910	SUB_0041b910	Label	DEFAULT
0041b920	InitSCC	Label	USER_DEFINED
0041b926	InitSCC1	Label	USER_DEFINED
0041b938	LAB_0041b938	Label	DEFAULT
0041b942	LAB_0041b942	Label	DEFAULT
0041b960	ResetData	Label	USER_DEFINED
0041b970	AOutClose	Label	USER_DEFINED
0041b984	BOutClose	Label	USER_DEFINED
0041b992	LAB_0041b992	Label	DEFAULT
0041b9a4	LAB_0041b9a4	Label	DEFAULT
0041b9ca	FreePort	Label	USER_DEFINED
0041b9dc	SyncOutput	Label	USER_DEFINED
0041b9e6	LAB_0041b9e6	Label	DEFAULT
0041ba06	AStatus	Label	USER_DEFINED
0041ba0c	BStatus	Label	USER_DEFINED
0041ba10	LAB_0041ba10	Label	DEFAULT
0041ba3a	LAB_0041ba3a	Label	DEFAULT
0041ba68	CtlDisp	Label	USER_DEFINED
0041ba78	LAB_0041ba78	Label	DEFAULT
0041ba7e	LAB_0041ba7e	Label	DEFAULT
0041ba9e	CtlGood	Label	USER_DEFINED
0041baa0	CtlExit	Label	USER_DEFINED
0041baac	LAB_0041baac	Label	DEFAULT
0041bab4	LAB_0041bab4	Label	DEFAULT
0041bab8	DAT_0041bab8	Label	DEFAULT
0041baf6	InstllLBuf	Label	USER_DEFINED
0041bb16	LAB_0041bb16	Label	DEFAULT
0041bb20	LAB_0041bb20	Label	DEFAULT
0041bb38	LAB_0041bb38	Label	DEFAULT
0041bb4a	LAB_0041bb4a	Label	DEFAULT
0041bb52	SUB_0041bb52	Label	DEFAULT
0041bb5e	SUB_0041bb5e	Label	DEFAULT
0041bb68	LAB_0041bb68	Label	DEFAULT
0041bb7e	LAB_0041bb7e	Label	DEFAULT
0041bb80	ToCtlSet	Label	USER_DEFINED
0041bc02	AOutPrime	Label	USER_DEFINED
0041bc08	BOutPrime	Label	USER_DEFINED
0041bc0c	&backToBOutPrime	Label	USER_DEFINED
0041bc1a	LAB_0041bc1a	Label	DEFAULT
0041bc32	LAB_0041bc32	Label	DEFAULT
0041bc3a	LAB_0041bc3a	Label	DEFAULT
0041bc40	LAB_0041bc40	Label	DEFAULT
0041bc46	LAB_0041bc46	Label	DEFAULT
0041bc4c	SUB_0041bc4c	Label	DEFAULT
0041bc64	SUB_0041bc64	Label	DEFAULT
0041bc70	LAB_0041bc70	Label	DEFAULT
0041bc7c	LAB_0041bc7c	Label	DEFAULT
0041bc80	LAB_0041bc80	Label	DEFAULT
0041bc84	DAT_0041bc84	Label	DEFAULT
0041bc88	&backToTXIntHnd	Label	USER_DEFINED
0041bc8a	TAIntHnd	Label	USER_DEFINED
0041bc8e	LAB_0041bc8e	Label	DEFAULT
0041bc9e	LAB_0041bc9e	Label	DEFAULT
0041bca6	LAB_0041bca6	Label	DEFAULT
0041bcac	LAB_0041bcac	Label	DEFAULT
0041bcb0	SUB_0041bcb0	Label	DEFAULT
0041bcba	LAB_0041bcba	Label	DEFAULT
0041bcc6	&backToBInPrime	Label	USER_DEFINED
0041bcd0	LAB_0041bcd0	Label	DEFAULT
0041bce8	LAB_0041bce8	Label	DEFAULT
0041bcfa	LAB_0041bcfa	Label	DEFAULT
0041bd00	SUB_0041bd00	Label	DEFAULT
0041bd06	LAB_0041bd06	Label	DEFAULT
0041bd18	LAB_0041bd18	Label	DEFAULT
0041bd1e	SUB_0041bd1e	Label	DEFAULT
0041bd22	LAB_0041bd22	Label	DEFAULT
0041bd24	SUB_0041bd24	Label	DEFAULT
0041bd34	SUB_0041bd34	Label	DEFAULT
0041bd3c	LAB_0041bd3c	Label	DEFAULT
0041bd3e	SUB_0041bd3e	Label	DEFAULT
0041bd50	LAB_0041bd50	Label	DEFAULT
0041bd56	SUB_0041bd56	Label	DEFAULT
0041bd62	SUB_0041bd62	Label	DEFAULT
0041bd68	LAB_0041bd68	Label	DEFAULT
0041bd6c	LAB_0041bd6c	Label	DEFAULT
0041bd6e	LAB_0041bd6e	Label	DEFAULT
0041bd7e	LAB_0041bd7e	Label	DEFAULT
0041bd86	LAB_0041bd86	Label	DEFAULT
0041bd8e	LAB_0041bd8e	Label	DEFAULT
0041bdaa	&backToPollDtain	Label	USER_DEFINED
0041bdb4	LAB_0041bdb4	Label	DEFAULT
0041bdba	LAB_0041bdba	Label	DEFAULT
0041bdbe	LAB_0041bdbe	Label	DEFAULT
0041bdc2	SUB_0041bdc2	Label	DEFAULT
0041bdd8	LAB_0041bdd8	Label	DEFAULT
0041bdf2	LAB_0041bdf2	Label	DEFAULT
0041be08	LAB_0041be08	Label	DEFAULT
0041be18	LAB_0041be18	Label	DEFAULT
0041be24	LAB_0041be24	Label	DEFAULT
0041be52	LAB_0041be52	Label	DEFAULT
0041be62	LAB_0041be62	Label	DEFAULT
0041be64	LAB_0041be64	Label	DEFAULT
0041be6a	LAB_0041be6a	Label	DEFAULT
0041be6e	LAB_0041be6e	Label	DEFAULT
0041bea4	LAB_0041bea4	Label	DEFAULT
0041beac	LAB_0041beac	Label	DEFAULT
0041beb0	LAB_0041beb0	Label	DEFAULT
0041beb8	LAB_0041beb8	Label	DEFAULT
0041bec2	LAB_0041bec2	Label	DEFAULT
0041bec8	DAT_0041bec8	Label	DEFAULT
0041becc	LAB_0041becc	Label	DEFAULT
0041bef0	LAB_0041bef0	Label	DEFAULT
0041bf0a	LAB_0041bf0a	Label	DEFAULT
0041bf1c	LAB_0041bf1c	Label	DEFAULT
0041bf24	LAB_0041bf24	Label	DEFAULT
0041bf2e	LAB_0041bf2e	Label	DEFAULT
0041bf40	_MDEF_0_	Label	USER_DEFINED
0041bf4c	LAB_0041bf4c	Label	DEFAULT
0041bf9a	LAB_0041bf9a	Label	DEFAULT
0041bfbc	LAB_0041bfbc	Label	DEFAULT
0041bfce	LAB_0041bfce	Label	DEFAULT
0041bfd2	LAB_0041bfd2	Label	DEFAULT
0041bfea	LAB_0041bfea	Label	DEFAULT
0041bff0	LAB_0041bff0	Label	DEFAULT
0041bffc	LAB_0041bffc	Label	DEFAULT
0041c00a	SUB_0041c00a	Label	DEFAULT
0041c016	LAB_0041c016	Label	DEFAULT
0041c01a	LAB_0041c01a	Label	DEFAULT
0041c01c	SUB_0041c01c	Label	DEFAULT
0041c030	LAB_0041c030	Label	DEFAULT
0041c036	SUB_0041c036	Label	DEFAULT
0041c040	LAB_0041c040	Label	DEFAULT
0041c042	SUB_0041c042	Label	DEFAULT
0041c050	LAB_0041c050	Label	DEFAULT
0041c052	SUB_0041c052	Label	DEFAULT
0041c062	LAB_0041c062	Label	DEFAULT
0041c076	LAB_0041c076	Label	DEFAULT
0041c098	LAB_0041c098	Label	DEFAULT
0041c09e	LAB_0041c09e	Label	DEFAULT
0041c0aa	SUB_0041c0aa	Label	DEFAULT
0041c0bc	LAB_0041c0bc	Label	DEFAULT
0041c0be	LAB_0041c0be	Label	DEFAULT
0041c0ca	LAB_0041c0ca	Label	DEFAULT
0041c0ce	LAB_0041c0ce	Label	DEFAULT
0041c0d4	SUB_0041c0d4	Label	DEFAULT
0041c0ee	LAB_0041c0ee	Label	DEFAULT
0041c128	LAB_0041c128	Label	DEFAULT
0041c146	LAB_0041c146	Label	DEFAULT
0041c18a	LAB_0041c18a	Label	DEFAULT
0041c1a8	LAB_0041c1a8	Label	DEFAULT
0041c1c0	LAB_0041c1c0	Label	DEFAULT
0041c1de	LAB_0041c1de	Label	DEFAULT
0041c208	LAB_0041c208	Label	DEFAULT
0041c21c	LAB_0041c21c	Label	DEFAULT
0041c228	LAB_0041c228	Label	DEFAULT
0041c232	LAB_0041c232	Label	DEFAULT
0041c25a	SUB_0041c25a	Label	DEFAULT
0041c268	LAB_0041c268	Label	DEFAULT
0041c276	LAB_0041c276	Label	DEFAULT
0041c27e	LAB_0041c27e	Label	DEFAULT
0041c28a	LAB_0041c28a	Label	DEFAULT
0041c2b6	LAB_0041c2b6	Label	DEFAULT
0041c2d0	LAB_0041c2d0	Label	DEFAULT
0041c2da	LAB_0041c2da	Label	DEFAULT
0041c2ee	LAB_0041c2ee	Label	DEFAULT
0041c306	LAB_0041c306	Label	DEFAULT
0041c310	LAB_0041c310	Label	DEFAULT
0041c312	LAB_0041c312	Label	DEFAULT
0041c328	SUB_0041c328	Label	DEFAULT
0041c346	_WDEF_0_	Label	USER_DEFINED
0041c352	LAB_0041c352	Label	DEFAULT
0041c384	LAB_0041c384	Label	DEFAULT
0041c3ce	DAT_0041c3ce	Label	DEFAULT
0041c9e0	_PACK_7_	Label	USER_DEFINED
0041c9ec	LAB_0041c9ec	Label	DEFAULT
0041ca18	LAB_0041ca18	Label	DEFAULT
0041ca1e	LAB_0041ca1e	Label	DEFAULT
0041ca40	LAB_0041ca40	Label	DEFAULT
0041ca4e	SUB_0041ca4e	Label	DEFAULT
0041ca54	SUB_0041ca54	Label	DEFAULT
0041ca5e	LAB_0041ca5e	Label	DEFAULT
0041ca66	LAB_0041ca66	Label	DEFAULT
0041ca68	LAB_0041ca68	Label	DEFAULT
0041ca92	LAB_0041ca92	Label	DEFAULT
0041ca98	LAB_0041ca98	Label	DEFAULT
0041caae	LAB_0041caae	Label	DEFAULT
0041cab4	LAB_0041cab4	Label	DEFAULT
0041cac2	LAB_0041cac2	Label	DEFAULT
0041cac6	LAB_0041cac6	Label	DEFAULT
0041caca	LAB_0041caca	Label	DEFAULT
0041cace	LAB_0041cace	Label	DEFAULT
0041cad4	LAB_0041cad4	Label	DEFAULT
0041cad6	LAB_0041cad6	Label	DEFAULT
0041cb1e	LAB_0041cb1e	Label	DEFAULT
0041cb42	LAB_0041cb42	Label	DEFAULT
0041cb44	LAB_0041cb44	Label	DEFAULT
0041cb56	LAB_0041cb56	Label	DEFAULT
0041cb68	LAB_0041cb68	Label	DEFAULT
0041cb78	LAB_0041cb78	Label	DEFAULT
0041cb7a	LAB_0041cb7a	Label	DEFAULT
0041cb84	LAB_0041cb84	Label	DEFAULT
0041cb94	SUB_0041cb94	Label	DEFAULT
0041cb9e	LAB_0041cb9e	Label	DEFAULT
0041cba6	LAB_0041cba6	Label	DEFAULT
0041cbaa	SUB_0041cbaa	Label	DEFAULT
0041cbb4	LAB_0041cbb4	Label	DEFAULT
0041cbba	LAB_0041cbba	Label	DEFAULT
0041cbc0	LAB_0041cbc0	Label	DEFAULT
0041cbc2	LAB_0041cbc2	Label	DEFAULT
0041cbd0	LAB_0041cbd0	Label	DEFAULT
0041cbdc	LAB_0041cbdc	Label	DEFAULT
0041cbe4	LAB_0041cbe4	Label	DEFAULT
0041cbee	LAB_0041cbee	Label	DEFAULT
0041cbf6	LAB_0041cbf6	Label	DEFAULT
0041cbfc	LAB_0041cbfc	Label	DEFAULT
0041cc0c	LAB_0041cc0c	Label	DEFAULT
0041cc1e	LAB_0041cc1e	Label	DEFAULT
0041cc20	LAB_0041cc20	Label	DEFAULT
0041cc42	LAB_0041cc42	Label	DEFAULT
0041cc44	LAB_0041cc44	Label	DEFAULT
0041cc4a	LAB_0041cc4a	Label	DEFAULT
0041cc4c	LAB_0041cc4c	Label	DEFAULT
0041cc5a	LAB_0041cc5a	Label	DEFAULT
0041cc60	LAB_0041cc60	Label	DEFAULT
0041cc72	LAB_0041cc72	Label	DEFAULT
0041cc74	LAB_0041cc74	Label	DEFAULT
0041cc7e	LAB_0041cc7e	Label	DEFAULT
0041cca2	LAB_0041cca2	Label	DEFAULT
0041cce6	LAB_0041cce6	Label	DEFAULT
0041ccfe	LAB_0041ccfe	Label	DEFAULT
0041cd12	LAB_0041cd12	Label	DEFAULT
0041cd18	LAB_0041cd18	Label	DEFAULT
0041cd24	LAB_0041cd24	Label	DEFAULT
0041cd28	LAB_0041cd28	Label	DEFAULT
0041cd36	LAB_0041cd36	Label	DEFAULT
0041cd3c	LAB_0041cd3c	Label	DEFAULT
0041cd44	SUB_0041cd44	Label	DEFAULT
0041cd58	LAB_0041cd58	Label	DEFAULT
0041cd5c	SUB_0041cd5c	Label	DEFAULT
0041cd6a	LAB_0041cd6a	Label	DEFAULT
0041cd70	LAB_0041cd70	Label	DEFAULT
0041cd9e	LAB_0041cd9e	Label	DEFAULT
0041cda8	LAB_0041cda8	Label	DEFAULT
0041cdaa	LAB_0041cdaa	Label	DEFAULT
0041cdb0	LAB_0041cdb0	Label	DEFAULT
0041cde8	LAB_0041cde8	Label	DEFAULT
0041cdf2	LAB_0041cdf2	Label	DEFAULT
0041cdf6	SUB_0041cdf6	Label	DEFAULT
0041ce06	LAB_0041ce06	Label	DEFAULT
0041ce0c	LAB_0041ce0c	Label	DEFAULT
0041ce16	LAB_0041ce16	Label	DEFAULT
0041ce24	LAB_0041ce24	Label	DEFAULT
0041ce36	LAB_0041ce36	Label	DEFAULT
0041ce42	LAB_0041ce42	Label	DEFAULT
0041ce56	LAB_0041ce56	Label	DEFAULT
0041ce5c	LAB_0041ce5c	Label	DEFAULT
0041ce5e	LAB_0041ce5e	Label	DEFAULT
0041ce62	LAB_0041ce62	Label	DEFAULT
0041ce70	LAB_0041ce70	Label	DEFAULT
0041ce74	LAB_0041ce74	Label	DEFAULT
0041ce82	LAB_0041ce82	Label	DEFAULT
0041ce8a	SUB_0041ce8a	Label	DEFAULT
0041ce90	LAB_0041ce90	Label	DEFAULT
0041ce96	LAB_0041ce96	Label	DEFAULT
0041ce98	SUB_0041ce98	Label	DEFAULT
0041cea2	LAB_0041cea2	Label	DEFAULT
0041ceaa	SUB_0041ceaa	Label	DEFAULT
0041ceb0	LAB_0041ceb0	Label	DEFAULT
0041ceba	LAB_0041ceba	Label	DEFAULT
0041ced0	LAB_0041ced0	Label	DEFAULT
0041cee2	LAB_0041cee2	Label	DEFAULT
0041cef0	LAB_0041cef0	Label	DEFAULT
0041cef8	LAB_0041cef8	Label	DEFAULT
0041cf02	LAB_0041cf02	Label	DEFAULT
0041cf0e	LAB_0041cf0e	Label	DEFAULT
0041cf1e	DAT_0041cf1e	Label	DEFAULT
0041cf20	DAT_0041cf20	Label	DEFAULT
0041cf22	DAT_0041cf22	Label	DEFAULT
0041cf24	DAT_0041cf24	Label	DEFAULT
0041cf2e	_PACK_5_	Label	USER_DEFINED
0041cf3a	LAB_0041cf3a	Label	DEFAULT
0041cf76	LAB_0041cf76	Label	DEFAULT
0041cf7c	LAB_0041cf7c	Label	DEFAULT
0041cf7e	LAB_0041cf7e	Label	DEFAULT
0041cf8a	SUB_0041cf8a	Label	DEFAULT
0041cfa2	LAB_0041cfa2	Label	DEFAULT
0041cfa4	LAB_0041cfa4	Label	DEFAULT
0041cfb0	LAB_0041cfb0	Label	DEFAULT
0041cfd4	LAB_0041cfd4	Label	DEFAULT
0041cfe2	LAB_0041cfe2	Label	DEFAULT
0041cfe6	LAB_0041cfe6	Label	DEFAULT
0041cff4	DAT_0041cff4	Label	DEFAULT
0041d016	SUB_0041d016	Label	DEFAULT
0041d020	SUB_0041d020	Label	DEFAULT
0041d02c	LAB_0041d02c	Label	DEFAULT
0041d04c	SUB_0041d04c	Label	DEFAULT
0041d050	SUB_0041d050	Label	DEFAULT
0041d054	SUB_0041d054	Label	DEFAULT
0041d058	SUB_0041d058	Label	DEFAULT
0041d05a	LAB_0041d05a	Label	DEFAULT
0041d06e	LAB_0041d06e	Label	DEFAULT
0041d074	SUB_0041d074	Label	DEFAULT
0041d078	SUB_0041d078	Label	DEFAULT
0041d07c	SUB_0041d07c	Label	DEFAULT
0041d080	SUB_0041d080	Label	DEFAULT
0041d084	SUB_0041d084	Label	DEFAULT
0041d086	LAB_0041d086	Label	DEFAULT
0041d096	SUB_0041d096	Label	DEFAULT
0041d09a	SUB_0041d09a	Label	DEFAULT
0041d09e	SUB_0041d09e	Label	DEFAULT
0041d0a2	SUB_0041d0a2	Label	DEFAULT
0041d0a4	LAB_0041d0a4	Label	DEFAULT
0041d0b2	SUB_0041d0b2	Label	DEFAULT
0041d0e2	LAB_0041d0e2	Label	DEFAULT
0041d0e4	LAB_0041d0e4	Label	DEFAULT
0041d0ee	LAB_0041d0ee	Label	DEFAULT
0041d0f0	LAB_0041d0f0	Label	DEFAULT
0041d102	SUB_0041d102	Label	DEFAULT
0041d110	SUB_0041d110	Label	DEFAULT
0041d2ac	LAB_0041d2ac	Label	DEFAULT
0041d2b2	LAB_0041d2b2	Label	DEFAULT
0041d2b8	LAB_0041d2b8	Label	DEFAULT
0041d2be	LAB_0041d2be	Label	DEFAULT
0041d2c4	LAB_0041d2c4	Label	DEFAULT
0041d2c8	LAB_0041d2c8	Label	DEFAULT
0041d2ce	LAB_0041d2ce	Label	DEFAULT
0041d2d2	LAB_0041d2d2	Label	DEFAULT
0041d2d6	LAB_0041d2d6	Label	DEFAULT
0041d2de	LAB_0041d2de	Label	DEFAULT
0041d2f0	LAB_0041d2f0	Label	DEFAULT
0041d318	LAB_0041d318	Label	DEFAULT
0041d322	LAB_0041d322	Label	DEFAULT
0041d340	LAB_0041d340	Label	DEFAULT
0041d35a	SUB_0041d35a	Label	DEFAULT
0041d37c	SUB_0041d37c	Label	DEFAULT
0041d3ca	LAB_0041d3ca	Label	DEFAULT
0041d3ce	LAB_0041d3ce	Label	DEFAULT
0041d3e6	LAB_0041d3e6	Label	DEFAULT
0041d3f0	LAB_0041d3f0	Label	DEFAULT
0041d3f6	LAB_0041d3f6	Label	DEFAULT
0041d414	LAB_0041d414	Label	DEFAULT
0041d44c	LAB_0041d44c	Label	DEFAULT
0041d450	SUB_0041d450	Label	DEFAULT
0041d460	LAB_0041d460	Label	DEFAULT
0041d4e0	LAB_0041d4e0	Label	DEFAULT
0041d4f4	LAB_0041d4f4	Label	DEFAULT
0041d4fe	LAB_0041d4fe	Label	DEFAULT
0041d504	LAB_0041d504	Label	DEFAULT
0041d510	LAB_0041d510	Label	DEFAULT
0041d534	LAB_0041d534	Label	DEFAULT
0041d538	SUB_0041d538	Label	DEFAULT
0041d548	LAB_0041d548	Label	DEFAULT
0041d550	LAB_0041d550	Label	DEFAULT
0041d574	LAB_0041d574	Label	DEFAULT
0041d58e	LAB_0041d58e	Label	DEFAULT
0041d592	SUB_0041d592	Label	DEFAULT
0041d5a0	LAB_0041d5a0	Label	DEFAULT
0041d5aa	LAB_0041d5aa	Label	DEFAULT
0041d5b8	LAB_0041d5b8	Label	DEFAULT
0041d5be	SUB_0041d5be	Label	DEFAULT
0041d5fa	LAB_0041d5fa	Label	DEFAULT
0041d5fc	LAB_0041d5fc	Label	DEFAULT
0041d606	LAB_0041d606	Label	DEFAULT
0041d658	LAB_0041d658	Label	DEFAULT
0041d65c	SUB_0041d65c	Label	DEFAULT
0041d672	LAB_0041d672	Label	DEFAULT
0041d676	LAB_0041d676	Label	DEFAULT
0041d67c	LAB_0041d67c	Label	DEFAULT
0041d686	LAB_0041d686	Label	DEFAULT
0041d69a	LAB_0041d69a	Label	DEFAULT
0041d6c6	LAB_0041d6c6	Label	DEFAULT
0041d6ce	LAB_0041d6ce	Label	DEFAULT
0041d6f6	LAB_0041d6f6	Label	DEFAULT
0041d6fa	LAB_0041d6fa	Label	DEFAULT
0041d702	LAB_0041d702	Label	DEFAULT
0041d706	LAB_0041d706	Label	DEFAULT
0041d718	LAB_0041d718	Label	DEFAULT
0041d74a	LAB_0041d74a	Label	DEFAULT
0041d75a	LAB_0041d75a	Label	DEFAULT
0041d76e	LAB_0041d76e	Label	DEFAULT
0041d78e	LAB_0041d78e	Label	DEFAULT
0041d792	LAB_0041d792	Label	DEFAULT
0041d796	LAB_0041d796	Label	DEFAULT
0041d79a	LAB_0041d79a	Label	DEFAULT
0041d7a0	LAB_0041d7a0	Label	DEFAULT
0041d7ac	LAB_0041d7ac	Label	DEFAULT
0041d7c6	LAB_0041d7c6	Label	DEFAULT
0041d7f0	LAB_0041d7f0	Label	DEFAULT
0041d82c	LAB_0041d82c	Label	DEFAULT
0041d834	LAB_0041d834	Label	DEFAULT
0041d848	LAB_0041d848	Label	DEFAULT
0041d85a	LAB_0041d85a	Label	DEFAULT
0041d872	LAB_0041d872	Label	DEFAULT
0041d87a	LAB_0041d87a	Label	DEFAULT
0041d888	LAB_0041d888	Label	DEFAULT
0041d8d8	LAB_0041d8d8	Label	DEFAULT
0041d8e8	LAB_0041d8e8	Label	DEFAULT
0041d8ec	LAB_0041d8ec	Label	DEFAULT
0041d8f8	LAB_0041d8f8	Label	DEFAULT
0041d914	LAB_0041d914	Label	DEFAULT
0041d91c	LAB_0041d91c	Label	DEFAULT
0041d92c	SUB_0041d92c	Label	DEFAULT
0041d93c	SUB_0041d93c	Label	DEFAULT
0041d962	SUB_0041d962	Label	DEFAULT
0041d970	SUB_0041d970	Label	DEFAULT
0041d9a2	SUB_0041d9a2	Label	DEFAULT
0041d9e8	LAB_0041d9e8	Label	DEFAULT
0041dcee	PTR_DAT_0041dcee	Label	DEFAULT
0041dd18	PTR_DAT_0041dd18	Label	DEFAULT
0041dd38	DAT_0041dd38	Label	DEFAULT
0041dd42	DAT_0041dd42	Label	DEFAULT
0041dd4c	DAT_0041dd4c	Label	DEFAULT
0041dd56	DAT_0041dd56	Label	DEFAULT
0041dd60	DAT_0041dd60	Label	DEFAULT
0041dd6a	DAT_0041dd6a	Label	DEFAULT
0041dd74	DAT_0041dd74	Label	DEFAULT
0041dd78	DAT_0041dd78	Label	DEFAULT
0041dd7c	DAT_0041dd7c	Label	DEFAULT
0041dd7e	DAT_0041dd7e	Label	DEFAULT
0041dd92	DAT_0041dd92	Label	DEFAULT
0041dd9c	DAT_0041dd9c	Label	DEFAULT
0041ddb0	DAT_0041ddb0	Label	DEFAULT
0041ddba	DAT_0041ddba	Label	DEFAULT
0041de00	DAT_0041de00	Label	DEFAULT
0041de28	PTR_DAT_0041de28	Label	DEFAULT
0041de7c	PTR_DAT_0041de7c	Label	DEFAULT
0041df94	_PACK_4_	Label	USER_DEFINED
0041dfa0	FPBEGIN	Label	USER_DEFINED
0041dfae	OPMASKS	Label	USER_DEFINED
0041dfcc	REFP68K	Label	USER_DEFINED
0041dfd4	FPCOM	Label	USER_DEFINED
0041e012	@2	Label	USER_DEFINED
0041e02e	@3	Label	USER_DEFINED
0041e054	@4	Label	USER_DEFINED
0041e05c	@6	Label	USER_DEFINED
0041e06c	ARITHOP	Label	USER_DEFINED
0041e074	ARITHTAB	Label	USER_DEFINED
0041e092	PREPACK	Label	USER_DEFINED
0041e0a2	CHKERR	Label	USER_DEFINED
0041e0ca	PASTHALT	Label	USER_DEFINED
0041e0d0	LAB_0041e0d0	Label	DEFAULT
0041e0d6	LAB_0041e0d6	Label	DEFAULT
0041e0da	LAB_0041e0da	Label	DEFAULT
0041e0f6	UNPACK	Label	USER_DEFINED
0041e106	UNPCASE	Label	USER_DEFINED
0041e114	UNPI16	Label	USER_DEFINED
0041e11c	UNPI32	Label	USER_DEFINED
0041e122	UNPC64	Label	USER_DEFINED
0041e130	@7	Label	USER_DEFINED
0041e146	UNPIGEN	Label	USER_DEFINED
0041e14a	UNPCGEN	Label	USER_DEFINED
0041e154	LAB_0041e154	Label	DEFAULT
0041e15e	switchD_0041e102::caseD_41e15e	Label	ANALYSIS
0041e16a	LAB_0041e16a	Label	DEFAULT
0041e17c	LAB_0041e17c	Label	DEFAULT
0041e184	LAB_0041e184	Label	DEFAULT
0041e18a	LAB_0041e18a	Label	DEFAULT
0041e18e	LAB_0041e18e	Label	DEFAULT
0041e196	LAB_0041e196	Label	DEFAULT
0041e19c	LAB_0041e19c	Label	DEFAULT
0041e1b0	LAB_0041e1b0	Label	DEFAULT
0041e1ba	LAB_0041e1ba	Label	DEFAULT
0041e1be	switchD_0041e102::caseD_41e1be	Label	ANALYSIS
0041e1e0	LAB_0041e1e0	Label	DEFAULT
0041e1e8	switchD_0041e102::caseD_41e1e8	Label	ANALYSIS
0041e1f0	LAB_0041e1f0	Label	DEFAULT
0041e21e	LAB_0041e21e	Label	DEFAULT
0041e232	INVALIDOP	Label	USER_DEFINED
0041e246	NANS	Label	USER_DEFINED
0041e262	LAB_0041e262	Label	DEFAULT
0041e26a	LAB_0041e26a	Label	DEFAULT
0041e284	LAB_0041e284	Label	DEFAULT
0041e28a	LAB_0041e28a	Label	DEFAULT
0041e28e	LAB_0041e28e	Label	DEFAULT
0041e2a0	LAB_0041e2a0	Label	DEFAULT
0041e2aa	LAB_0041e2aa	Label	DEFAULT
0041e2ae	LAB_0041e2ae	Label	DEFAULT
0041e2ba	LAB_0041e2ba	Label	DEFAULT
0041e2c4	LAB_0041e2c4	Label	DEFAULT
0041e2d6	LAB_0041e2d6	Label	DEFAULT
0041e2e2	SUB_0041e2e2	Label	DEFAULT
0041e2ec	LAB_0041e2ec	Label	DEFAULT
0041e2fc	LAB_0041e2fc	Label	DEFAULT
0041e30c	LAB_0041e30c	Label	DEFAULT
0041e310	LAB_0041e310	Label	DEFAULT
0041e318	LAB_0041e318	Label	DEFAULT
0041e31a	COERCE	Label	USER_DEFINED
0041e344	LAB_0041e344	Label	DEFAULT
0041e346	SUB_0041e346	Label	DEFAULT
0041e34e	LAB_0041e34e	Label	DEFAULT
0041e356	SUB_0041e356	Label	DEFAULT
0041e362	LAB_0041e362	Label	DEFAULT
0041e374	LAB_0041e374	Label	DEFAULT
0041e37a	LAB_0041e37a	Label	DEFAULT
0041e388	LAB_0041e388	Label	DEFAULT
0041e390	LAB_0041e390	Label	DEFAULT
0041e396	LAB_0041e396	Label	DEFAULT
0041e3a6	LAB_0041e3a6	Label	DEFAULT
0041e3a8	SUB_0041e3a8	Label	DEFAULT
0041e3b0	LAB_0041e3b0	Label	DEFAULT
0041e3ca	LAB_0041e3ca	Label	DEFAULT
0041e3d4	LAB_0041e3d4	Label	DEFAULT
0041e3de	LAB_0041e3de	Label	DEFAULT
0041e3e4	LAB_0041e3e4	Label	DEFAULT
0041e41a	LAB_0041e41a	Label	DEFAULT
0041e41c	LAB_0041e41c	Label	DEFAULT
0041e438	LAB_0041e438	Label	DEFAULT
0041e45e	LAB_0041e45e	Label	DEFAULT
0041e460	PACK	Label	USER_DEFINED
0041e472	switchD_0041e472::switchD	Label	ANALYSIS
0041e476	switchD_0041e472::switchdataD_0041e476	Label	ANALYSIS
0041e484	switchD_0041e472::caseD_8	Label	ANALYSIS
0041e488	switchD_0041e472::caseD_a	Label	ANALYSIS
0041e48c	switchD_0041e472::caseD_c	Label	ANALYSIS
0041e492	switchD_0041e472::caseD_0	Label	ANALYSIS
0041e4a8	LAB_0041e4a8	Label	DEFAULT
0041e4ae	LAB_0041e4ae	Label	DEFAULT
0041e4b0	LAB_0041e4b0	Label	DEFAULT
0041e4b8	LAB_0041e4b8	Label	DEFAULT
0041e4c0	switchD_0041e472::caseD_4	Label	ANALYSIS
0041e4c8	LAB_0041e4c8	Label	DEFAULT
0041e4d0	LAB_0041e4d0	Label	DEFAULT
0041e4da	LAB_0041e4da	Label	DEFAULT
0041e4e6	switchD_0041e472::caseD_2	Label	ANALYSIS
0041e4ee	LAB_0041e4ee	Label	DEFAULT
0041e4f6	LAB_0041e4f6	Label	DEFAULT
0041e500	LAB_0041e500	Label	DEFAULT
0041e58a	LAB_0041e58a	Label	DEFAULT
0041e594	ZEROSUM	Label	USER_DEFINED
0041e5a6	ADDQ00	Label	USER_DEFINED
0041e5a8	ADDS0	Label	USER_DEFINED
0041e5b4	ADDINF	Label	USER_DEFINED
0041e5bc	@25	Label	USER_DEFINED
0041e780	LAB_0041e780	Label	DEFAULT
0041e790	LAB_0041e790	Label	DEFAULT
0041e7ac	LAB_0041e7ac	Label	DEFAULT
0041e7b4	LAB_0041e7b4	Label	DEFAULT
0041e7bc	LAB_0041e7bc	Label	DEFAULT
0041e7d8	LAB_0041e7d8	Label	DEFAULT
0041e7da	LAB_0041e7da	Label	DEFAULT
0041e7e2	LAB_0041e7e2	Label	DEFAULT
0041e7e4	LAB_0041e7e4	Label	DEFAULT
0041e7f2	LAB_0041e7f2	Label	DEFAULT
0041e7fe	LAB_0041e7fe	Label	DEFAULT
0041e80a	LAB_0041e80a	Label	DEFAULT
0041e81e	LAB_0041e81e	Label	DEFAULT
0041e826	LAB_0041e826	Label	DEFAULT
0041e828	SUB_0041e828	Label	DEFAULT
0041e838	LAB_0041e838	Label	DEFAULT
0041e83e	SUB_0041e83e	Label	DEFAULT
0041e840	LAB_0041e840	Label	DEFAULT
0041e84c	LAB_0041e84c	Label	DEFAULT
0041e866	LAB_0041e866	Label	DEFAULT
0041e870	LAB_0041e870	Label	DEFAULT
0041e880	LAB_0041e880	Label	DEFAULT
0041e892	LAB_0041e892	Label	DEFAULT
0041e8a0	LAB_0041e8a0	Label	DEFAULT
0041e8a8	LAB_0041e8a8	Label	DEFAULT
0041e8aa	LAB_0041e8aa	Label	DEFAULT
0041e8ac	LAB_0041e8ac	Label	DEFAULT
0041e8b6	LAB_0041e8b6	Label	DEFAULT
0041e8c8	LAB_0041e8c8	Label	DEFAULT
0041e8d8	LAB_0041e8d8	Label	DEFAULT
0041e8e2	LAB_0041e8e2	Label	DEFAULT
0041e904	LAB_0041e904	Label	DEFAULT
0041e912	LAB_0041e912	Label	DEFAULT
0041e93e	LAB_0041e93e	Label	DEFAULT
0041e940	LAB_0041e940	Label	DEFAULT
0041e954	LAB_0041e954	Label	DEFAULT
0041e956	LAB_0041e956	Label	DEFAULT
0041e97c	LAB_0041e97c	Label	DEFAULT
0041e984	LAB_0041e984	Label	DEFAULT
0041e994	LAB_0041e994	Label	DEFAULT
0041e9a2	LAB_0041e9a2	Label	DEFAULT
0041e9bc	LAB_0041e9bc	Label	DEFAULT
0041e9be	LAB_0041e9be	Label	DEFAULT
0041e9c4	LAB_0041e9c4	Label	DEFAULT
0041e9cc	ODDBALL	Label	USER_DEFINED
0041e9da	DAT_0041e9da	Label	DEFAULT
0041eb06	LAB_0041eb06	Label	DEFAULT
0041eb1e	LAB_0041eb1e	Label	DEFAULT
0041eb2a	LAB_0041eb2a	Label	DEFAULT
0041eb34	LAB_0041eb34	Label	DEFAULT
0041eb4e	LAB_0041eb4e	Label	DEFAULT
0041eb52	LAB_0041eb52	Label	DEFAULT
0041eb66	LAB_0041eb66	Label	DEFAULT
0041eb6e	LAB_0041eb6e	Label	DEFAULT
0041eb70	LAB_0041eb70	Label	DEFAULT
0041eb7e	LAB_0041eb7e	Label	DEFAULT
0041eb9c	LAB_0041eb9c	Label	DEFAULT
0041eb9e	LAB_0041eb9e	Label	DEFAULT
0041eba0	LAB_0041eba0	Label	DEFAULT
0041ebba	LAB_0041ebba	Label	DEFAULT
0041ebfc	LAB_0041ebfc	Label	DEFAULT
0041ec08	SUB_0041ec08	Label	DEFAULT
0041ec1a	LAB_0041ec1a	Label	DEFAULT
0041ec20	LAB_0041ec20	Label	DEFAULT
0041ec26	LAB_0041ec26	Label	DEFAULT
0041ec36	LAB_0041ec36	Label	DEFAULT
0041ec3c	LAB_0041ec3c	Label	DEFAULT
0041ec42	LAB_0041ec42	Label	DEFAULT
0041ec44	LAB_0041ec44	Label	DEFAULT
0041ec4c	LAB_0041ec4c	Label	DEFAULT
0041ec54	SUB_0041ec54	Label	DEFAULT
0041ec6a	LAB_0041ec6a	Label	DEFAULT
0041ec86	LAB_0041ec86	Label	DEFAULT
0041ec90	LAB_0041ec90	Label	DEFAULT
0041ec94	LAB_0041ec94	Label	DEFAULT
0041eca0	LAB_0041eca0	Label	DEFAULT
0041eca4	LAB_0041eca4	Label	DEFAULT
0041ecc2	SUB_0041ecc2	Label	DEFAULT
0041eccc	SUB_0041eccc	Label	DEFAULT
0041ece4	LAB_0041ece4	Label	DEFAULT
0041ece8	LAB_0041ece8	Label	DEFAULT
0041ecee	LAB_0041ecee	Label	DEFAULT
0041ecf2	LAB_0041ecf2	Label	DEFAULT
0041ecfa	LAB_0041ecfa	Label	DEFAULT
0041ecfc	LAB_0041ecfc	Label	DEFAULT
0041ed16	LAB_0041ed16	Label	DEFAULT
0041ed54	LAB_0041ed54	Label	DEFAULT
0041ed56	LAB_0041ed56	Label	DEFAULT
0041ed66	LAB_0041ed66	Label	DEFAULT
0041ed74	LAB_0041ed74	Label	DEFAULT
0041edd8	DAT_0041edd8	Label	DEFAULT
0041edda	DAT_0041edda	Label	DEFAULT
0041eddc	DAT_0041eddc	Label	DEFAULT
0041ede0	DAT_0041ede0	Label	DEFAULT
0041ede4	DAT_0041ede4	Label	DEFAULT
0041ede6	DAT_0041ede6	Label	DEFAULT
0041ede8	DAT_0041ede8	Label	DEFAULT
0041edea	DAT_0041edea	Label	DEFAULT
0041edee	DAT_0041edee	Label	DEFAULT
0041edf2	DAT_0041edf2	Label	DEFAULT
0041edf4	SUB_0041edf4	Label	DEFAULT
0041edfc	LAB_0041edfc	Label	DEFAULT
0041ee0c	LAB_0041ee0c	Label	DEFAULT
0041ee10	LAB_0041ee10	Label	DEFAULT
0041ee2a	LAB_0041ee2a	Label	DEFAULT
0041ee34	LAB_0041ee34	Label	DEFAULT
0041ee42	LAB_0041ee42	Label	DEFAULT
0041ee44	LAB_0041ee44	Label	DEFAULT
0041ee58	LAB_0041ee58	Label	DEFAULT
0041ee5c	LAB_0041ee5c	Label	DEFAULT
0041ee5e	LAB_0041ee5e	Label	DEFAULT
0041ee66	LAB_0041ee66	Label	DEFAULT
0041ee6e	SUB_0041ee6e	Label	DEFAULT
0041ee80	LAB_0041ee80	Label	DEFAULT
0041ee90	DAT_0041ee90	Label	DEFAULT
0041ee92	DAT_0041ee92	Label	DEFAULT
0041ee96	DAT_0041ee96	Label	DEFAULT
0041f154	_CURS_2_	Label	USER_DEFINED
0041f1a0	_CURS_3_	Label	USER_DEFINED
0041f1ec	_CURS_1_	Label	USER_DEFINED
0041f238	_CURS_4_	Label	USER_DEFINED
0041f284	_FONT_0_Chicago	Label	USER_DEFINED
0041f28c	_FONT_12_	Label	USER_DEFINED
0041ffc0	InstallDriver?	Label	USER_DEFINED
00420000	DAT_00420000	Label	DEFAULT
00421ae5	switchD_0041e472::caseD_e	Label	ANALYSIS
00425105	switchD_0041e102::caseD_425105	Label	ANALYSIS
00440000	DAT_00440000	Label	DEFAULT
00480040	DAT_00480040	Label	DEFAULT
00580050	DAT_00580050	Label	DEFAULT
00580070	DAT_00580070	Label	DEFAULT
009ffff7	SCCRBase-1	Label	USER_DEFINED
009ffff8	SCCRBase	Label	USER_DEFINED
009ffffa	DAT_009ffffa	Label	DEFAULT
00bffff9	SCCWBase	Label	USER_DEFINED
00bffffb	DAT_00bffffb	Label	DEFAULT
00dfe1ff	DBase	Label	USER_DEFINED
00dfe7ff	DAT_00dfe7ff	Label	DEFAULT
00dfe9ff	DAT_00dfe9ff	Label	DEFAULT
00dff1ff	DAT_00dff1ff	Label	DEFAULT
00dff9ff	DAT_00dff9ff	Label	DEFAULT
00dffbff	DAT_00dffbff	Label	DEFAULT
00dffdff	DAT_00dffdff	Label	DEFAULT
00dfffff	DAT_00dfffff	Label	DEFAULT
00efe1fe	vBase+vBufB	Label	USER_DEFINED
00efe5fe	vBase+vDirB	Label	USER_DEFINED
00efe7fe	DAT_00efe7fe	Label	DEFAULT
00efe9fe	DAT_00efe9fe	Label	DEFAULT
00efebfe	DAT_00efebfe	Label	DEFAULT
00efec22	vDirB	Label	USER_DEFINED
00efedfe	DAT_00efedfe	Label	DEFAULT
00efeffe	DAT_00efeffe	Label	DEFAULT
00eff1fe	DAT_00eff1fe	Label	DEFAULT
00eff3fe	DAT_00eff3fe	Label	DEFAULT
00eff5fe	DAT_00eff5fe	Label	DEFAULT
00eff7fe	DAT_00eff7fe	Label	DEFAULT
00eff9fe	vBase+vPCR	Label	USER_DEFINED
00effbfe	DAT_00effbfe	Label	DEFAULT
00effdfe	vBase+vIER	Label	USER_DEFINED
00effffe	aVBufA	Label	USER_DEFINED
00f00000	PhaseRead	Label	USER_DEFINED
00f00002	DAT_00f00002	Label	DEFAULT
00f00004	DAT_00f00004	Label	DEFAULT
00f80000	DiagROM	Label	USER_DEFINED
00f80004	DAT_00f80004	Label	DEFAULT
00f80080	DAT_00f80080	Label	DEFAULT
00f80084	DAT_00f80084	Label	DEFAULT
00f80088	DAT_00f80088	Label	DEFAULT
00f8008c	DAT_00f8008c	Label	DEFAULT
0707070b	DAT_0707070b	Label	DEFAULT
2001a58e	DAT_2001a58e	Label	DEFAULT
2001a592	DAT_2001a592	Label	DEFAULT
205f4e76	DAT_205f4e76	Label	DEFAULT
3c004011	DAT_3c004011	Label	DEFAULT
4001935e	DAT_4001935e	Label	DEFAULT
4001936a	DAT_4001936a	Label	DEFAULT
4001936e	DAT_4001936e	Label	DEFAULT
40019370	DAT_40019370	Label	DEFAULT
40019372	DAT_40019372	Label	DEFAULT
40019374	DAT_40019374	Label	DEFAULT
40019375	DAT_40019375	Label	DEFAULT
40019376	DAT_40019376	Label	DEFAULT
40019380	DAT_40019380	Label	DEFAULT
40019381	DAT_40019381	Label	DEFAULT
40113234	DAT_40113234	Label	DEFAULT
40113235	DAT_40113235	Label	DEFAULT
401132c6	DAT_401132c6	Label	DEFAULT
40113400	DAT_40113400	Label	DEFAULT
401134ff	DAT_401134ff	Label	DEFAULT
401136a4	DAT_401136a4	Label	DEFAULT
40113a11	DAT_40113a11	Label	DEFAULT
40113c00	DAT_40113c00	Label	DEFAULT
401f52a4	DAT_401f52a4	Label	DEFAULT
55555555	DAT_55555555	Label	DEFAULT
80001574	DAT_80001574	Label	DEFAULT
80001578	DAT_80001578	Label	DEFAULT
800032c7	DAT_800032c7	Label	DEFAULT
800032f7	DAT_800032f7	Label	DEFAULT
8000d896	SUB_8000d896	Label	DEFAULT
80010090	SUB_80010090	Label	DEFAULT
800c29da	DAT_800c29da	Label	DEFAULT
800c29dc	DAT_800c29dc	Label	DEFAULT
a4220048	DAT_a4220048	Label	DEFAULT
f8000000	DAT_f8000000	Label	DEFAULT
f8000006	DAT_f8000006	Label	DEFAULT
f8000008	DAT_f8000008	Label	DEFAULT
ffff0048	DAT_ffff0048	Label	DEFAULT
fffffffb	DAT_fffffffb	Label	DEFAULT
