rom_address	rom_label	match	source	line	source_label	directive
00400000	Checksum	exact	OS/StartMgr/USTTestMgr.a	1460	CheckSum	label
00400000	Checksum	exact	Toolbox/DiskInit/DiskInit.a	513	CheckSum	ds.l
00400004	StartPC	exact	OS/StartMgr/StartInit.a	1165	StartPC	dc.l
00400009	ROMVersion	exact	Internal/Asm/HardwarePrivateEqu.a	2857	ROMVersion	ds.b
00400009	ROMVersion	exact	OS/StartMgr/StartInit.a	1166	ROMVersion	dc.b
0040000a	StBoot	exact	OS/StartMgr/StartInit.a	1175	StBoot	jmp
0040000e	BadDisk	exact	Internal/Asm/HardwarePrivateEqu.a	2859	BadDisk	ds.w
0040000e	BadDisk	exact	OS/StartMgr/StartInit.a	1176	BadDisk	jmp
0040001e	DoEject	exact	Make/VectorTable.a	1336	DOEJECT	vindirect
0040001e	DoEject	exact	OS/HFS/TFS.a	1271	DoEject	label
0040001e	DoEject	exact	Toolbox/DiskInit/DiskInit.a	1028	DoEject	btst.l
0040002a	ResetEntry	exact	Internal/Asm/HardwarePrivateEqu.a	2868	ResetEntry	ds.w
0040002a	ResetEntry	exact	OS/StartMgr/StartInit.a	1185	ResetEntry	jmp
0040002a	ResetEntry	exact	ProcessMgr/PuppetString.Default.a	39	ResetEntry	dc.w
0040002a	ResetEntry	exact	ProcessMgr/PuppetString.MacDraw.a	41	ResetEntry	dc.w
0040002a	ResetEntry	exact	ProcessMgr/PuppetString.MacPaint.a	36	ResetEntry	dc.w
0040002a	ResetEntry	exact	ProcessMgr/PuppetString.MacWrite.a	36	ResetEntry	dc.w
00400062	StartBoot	exact	Make/VectorTable.a	3767	STARTBOOT	vnovector
00400062	StartBoot	exact	OS/StartMgr/StartInit.a	1229	StartBoot	move
004001f8	ClkNoMem	exact	Make/VectorTable.a	385	CLKNOMEM	vatrap
004001f8	ClkNoMem	exact	OS/IoPrimitives/ClockPRAMPrimitives.a	1637	ClkNoMem	rts5
00400672	OurSwitch	exact	OS/StartMgr/StartInit.a	3024	OurSwitch	dc.w
00400806	Debugger	exact	Make/VectorTable.a	3756	DEBUGGER	vnovector
00400806	Debugger	exact	OS/StartMgr/StartErr.a	245	Debugger	proc
00400806	ScrnAddress	exact	Make/VectorTable.a	2709	SCRNADDRESS	vatrap
00400806	ScrnAddress	exact	QuickDraw/CCrsrCore.a	1979	ScrnAddress	proc
00400806	ScrnAddress	exact	QuickDraw/Classic/CrsrCore.a	863	ScrnAddress	label
00400806	ScrnSize	exact	Make/VectorTable.a	2710	SCRNSIZE	vatrap
00400806	ScrnSize	exact	QuickDraw/CCrsrCore.a	1990	ScrnSize	proc
00400806	ScrnSize	exact	QuickDraw/Classic/CrsrCore.a	874	ScrnSize	label
0040084e	WriteSCC	exact	OS/StartMgr/USTNonCritTsts.a	659	writescc	label
00400860	JmpTbl2	exact	OS/StartMgr/StartInit.a	2270	JmpTbl2	moveq
0040086e	DiskName	exact	OS/StartMgr/StartInit.a	3423	DiskName	dc.w
00400874	SndName	exact	OS/StartMgr/StartInit.a	3425	SndName	dc.w
0040087c	LoadDrivers	exact	OS/StartMgr/StartInit.a	3290	LoadDrivers	label
00400b82	ReBoot	exact	OS/StartMgr/StartBoot.a	362	ReBoot	move.w
00400bda	LoadBelowBufPtr	exact	OS/StartMgr/Boot3.a	2695	LoadBelowBufPtr	label
00400bdc	LoadBelowBufPtrCommon	exact	OS/StartMgr/Boot3.a	2698	LoadBelowBufPtrCommon	label
00400c76	FSInitErr	exact	OS/HFS/TFS.a	1431	FSInitErr	moveq
00400c7a	InitFS	exact	Make/VectorTable.a	1337	INITFS	vatrap
00400c7a	InitFS	exact	OS/HFS/TFS.a	1304	InitFS	tst.w
00400d48	FSInitOK	exact	OS/HFS/TFS.a	1428	FSInitOK	moveq
00400d4c	InitEvents	exact	Make/VectorTable.a	3754	INITEVENTS	vatrap
00400d4c	InitEvents	exact	OS/OSEventMgr.a	157	InitEvents	move.w
00400d76	StartUpROMTest	exact	Make/VectorTable.a	3789	STARTUPROMTEST	vnovector
00400d76	StartUpROMTest	exact	OS/StartMgr/STCritTests.a	172	StartUpROMTest	label
00400d76	StartUpROMTest	exact	OS/StartMgr/USTCritTests.a	589	StartUpROMTest	label
00400d8a	ROMLoop	exact	OS/StartMgr/STCritTests.a	180	ROMLoop	label
00400ec4	PutIcon	exact	Make/VectorTable.a	3766	PUTICON	vnovector
00400ec4	PutIcon	exact	OS/StartMgr/StartFail.a	501	PutIcon	moveq
00400eca	UILOOP	exact	OS/StartMgr/StartFail.a	505	UILOOP	move
00400ed0	MLOOP	exact	OS/StartMgr/StartFail.a	508	MLOOP	lsr.w
00400eda	IBLACK	exact	OS/StartMgr/StartFail.a	514	IBLACK	move.b
00400edc	CHECK	exact	OS/StartMgr/StartFail.a	515	CHECK	dbf
00400edc	CHECK	exact	QuickDraw/Angles.a	82	CHECK	bclr
00400edc	CHECK	exact	QuickDraw/Classic/Angles.m.a	102	CHECK	bclr
00400ee8	DONE	exact	DeclData/DeclVideo/ATI/ATIDrvr.a	192	done	proc
00400ee8	DONE	exact	Drivers/Sony/SonyPatches.a	318	Done	label
00400ee8	DONE	exact	Drivers/Sony/SonyPatches.a	357	Done	label
00400ee8	DONE	exact	LinkedPatches/LinkedPatchLoader.a	1270	Done	label
00400ee8	DONE	exact	LinkedPatches/LinkedPatchLoader.a	1464	Done	label
00400ee8	DONE	exact	LinkedPatches/LinkedPatchLoader.a	1951	Done	label
00400ee8	DONE	exact	LinkedPatches/LinkedPatchLoader.a	2200	Done	label
00400ee8	DONE	exact	OS/DockingMgr.a	624	Done	rts
00400ee8	DONE	exact	OS/Gestalt/GestaltFunction.a	1759	done	move.w
00400ee8	DONE	exact	OS/HFS/Extensions/DTDBMgr.a	1232	Done	label
00400ee8	DONE	exact	OS/HFS/Extensions/DTDBMgr.a	1375	Done	label
00400ee8	DONE	exact	OS/Keyboard/KbdInstall.a	197	Done	label
00400ee8	DONE	exact	OS/Mouse.a	327	Done	label
00400ee8	DONE	exact	OS/StartMgr/StartFail.a	522	DONE	dbf
00400ee8	DONE	exact	Patches/PatchIIROM.a	937	Done	label
00400ee8	DONE	exact	Patches/PatchIIROM.a	3415	Done	rtd
00400ee8	DONE	exact	Patches/PatchSEROM.a	1993	Done	label
00400ee8	DONE	exact	QuickDraw/Angles.a	44	DONE	move.l
00400ee8	DONE	exact	QuickDraw/Angles.a	298	DONE	move.l
00400ee8	DONE	exact	QuickDraw/BitMaps.a	1212	DONE	move.l
00400ee8	DONE	exact	QuickDraw/BitMaps.a	1531	DONE	movem.l
00400ee8	DONE	exact	QuickDraw/BitMaps.a	2282	DONE	move.l
00400ee8	DONE	exact	QuickDraw/BitMaps.a	2432	DONE	clr.l
00400ee8	DONE	exact	QuickDraw/BitMaps.a	2584	DONE	clr.l
00400ee8	DONE	exact	QuickDraw/Classic/Angles.m.a	64	DONE	move.l
00400ee8	DONE	exact	QuickDraw/Classic/Angles.m.a	318	DONE	move.l
00400ee8	DONE	exact	QuickDraw/Classic/Bitmaps.m.a	292	DONE	movem.l
00400ee8	DONE	exact	QuickDraw/Classic/Bitmaps.m.a	901	DONE	movem.l
00400ee8	DONE	exact	QuickDraw/Classic/Bitmaps.m.a	1018	DONE	clr.l
00400ee8	DONE	exact	QuickDraw/Classic/CrsrCore.a	770	DONE	movem.l
00400ee8	DONE	exact	QuickDraw/Classic/DrawArc.m.a	873	DONE	move.l
00400ee8	DONE	exact	QuickDraw/Classic/DrawLine.m.a	556	DONE	move.l
00400ee8	DONE	exact	QuickDraw/Classic/GrafAsm.m.a	501	DONE	move.l
00400ee8	DONE	exact	QuickDraw/Classic/PackRgn.m.a	145	DONE	move.l
00400ee8	DONE	exact	QuickDraw/Classic/Patterns.m.a	254	DONE	move.l
00400ee8	DONE	exact	QuickDraw/Classic/Patterns.m.a	573	DONE	movem.l
00400ee8	DONE	exact	QuickDraw/Classic/Patterns.m.a	1078	DONE	move.l
00400ee8	DONE	exact	QuickDraw/Classic/Patterns.m.a	1328	DONE	move.l
00400ee8	DONE	exact	QuickDraw/Classic/Pictures.m.a	220	DONE	movem.l
00400ee8	DONE	exact	QuickDraw/Classic/Pictures.m.a	434	DONE	movem.l
00400ee8	DONE	exact	QuickDraw/Classic/Pictures.m.a	707	DONE	label
00400ee8	DONE	exact	QuickDraw/Classic/Pictures.m.a	812	DONE	add.l
00400ee8	DONE	exact	QuickDraw/Classic/Pictures.m.a	1970	DONE	movem.l
00400ee8	DONE	exact	QuickDraw/Classic/Pictures.m.a	2329	DONE	label
00400ee8	DONE	exact	QuickDraw/Classic/Pictures.m.a	2620	DONE	rts
00400ee8	DONE	exact	QuickDraw/Classic/Pictures.m.a	2734	DONE	movem.l
00400ee8	DONE	exact	QuickDraw/Classic/Pictures.m.a	2835	DONE	movem.l
00400ee8	DONE	exact	QuickDraw/Classic/Pictures.m.a	2871	DONE	movem.l
00400ee8	DONE	exact	QuickDraw/Classic/Pictures.m.a	2934	DONE	movem.l
00400ee8	DONE	exact	QuickDraw/Classic/Pictures.m.a	3032	DONE	movem.l
00400ee8	DONE	exact	QuickDraw/Classic/Polygons.m.a	400	DONE	movem.l
00400ee8	DONE	exact	QuickDraw/Classic/Polygons.m.a	434	DONE	movem.l
00400ee8	DONE	exact	QuickDraw/Classic/Polygons.m.a	1396	DONE	movem.l
00400ee8	DONE	exact	QuickDraw/Classic/PutLine.m.a	229	DONE	move.l
00400ee8	DONE	exact	QuickDraw/Classic/PutRgn.m.a	96	DONE	sub.l
00400ee8	DONE	exact	QuickDraw/Classic/Rects.m.a	117	DONE	jmp
00400ee8	DONE	exact	QuickDraw/Classic/Rects.m.a	372	DONE	move.l
00400ee8	DONE	exact	QuickDraw/Classic/Rects.m.a	395	DONE	jmp
00400ee8	DONE	exact	QuickDraw/Classic/Rects.m.a	429	DONE	jmp
00400ee8	DONE	exact	QuickDraw/Classic/Rects.m.a	511	DONE	move.l
00400ee8	DONE	exact	QuickDraw/Classic/Regions.m.a	189	DONE	unlink
00400ee8	DONE	exact	QuickDraw/Classic/Regions.m.a	242	DONE	movem.l
00400ee8	DONE	exact	QuickDraw/Classic/Regions.m.a	343	DONE	movem.l
00400ee8	DONE	exact	QuickDraw/Classic/Regions.m.a	387	DONE	unlink
00400ee8	DONE	exact	QuickDraw/Classic/Regions.m.a	437	DONE	movem.l
00400ee8	DONE	exact	QuickDraw/Classic/Regions.m.a	494	DONE	jmp
00400ee8	DONE	exact	QuickDraw/Classic/Regions.m.a	605	DONE	move.l
00400ee8	DONE	exact	QuickDraw/Classic/Regions.m.a	657	DONE	move.b
00400ee8	DONE	exact	QuickDraw/Classic/Regions.m.a	853	DONE	movem.l
00400ee8	DONE	exact	QuickDraw/Classic/Regions.m.a	915	DONE	neg.b
00400ee8	DONE	exact	QuickDraw/Classic/Regions.m.a	1083	DONE	movem.l
00400ee8	DONE	exact	QuickDraw/Classic/Regions.m.a	1179	DONE	movem.l
00400ee8	DONE	exact	QuickDraw/Classic/RgnBlt.m.a	540	DONE	move.l
00400ee8	DONE	exact	QuickDraw/Classic/RgnOp.m.a	312	DONE	move.l
00400ee8	DONE	exact	QuickDraw/Classic/RgnOp.m.a	375	DONE	move
00400ee8	DONE	exact	QuickDraw/Classic/RgnOp.m.a	436	DONE	move
00400ee8	DONE	exact	QuickDraw/Classic/SeekRgn.m.a	200	DONE	moveq
00400ee8	DONE	exact	QuickDraw/Classic/SortPoints.m.a	181	DONE	move.l
00400ee8	DONE	exact	QuickDraw/Classic/Stretch.m.a	521	DONE	jsr
00400ee8	DONE	exact	QuickDraw/Classic/Stretch.m.a	1197	DONE	rts
00400ee8	DONE	exact	QuickDraw/Classic/Util.m.a	116	DONE	move.l
00400ee8	DONE	exact	QuickDraw/Classic/Util.m.a	433	DONE	move.l
00400ee8	DONE	exact	QuickDraw/ColorAsm.a	256	DONE	move.l
00400ee8	DONE	exact	QuickDraw/ColorAsm.a	407	DONE	rtd
00400ee8	DONE	exact	QuickDraw/ColorAsm.a	422	DONE	rtd
00400ee8	DONE	exact	QuickDraw/ColorMgr.a	1549	DONE	move.l
00400ee8	DONE	exact	QuickDraw/ColorMgr.a	1625	DONE	move.l
00400ee8	DONE	exact	QuickDraw/DrawArc.a	953	DONE	move.b
00400ee8	DONE	exact	QuickDraw/DrawLine.a	710	DONE	move.b
00400ee8	DONE	exact	QuickDraw/GDevice.a	215	DONE	move.l
00400ee8	DONE	exact	QuickDraw/GDevice.a	819	DONE	move.l
00400ee8	DONE	exact	QuickDraw/GDevice.a	1331	DONE	_releaseresource
00400ee8	DONE	exact	QuickDraw/GrafAsm.a	833	DONE	move.l
00400ee8	DONE	exact	QuickDraw/GrafAsm.a	987	DONE	move.l
00400ee8	DONE	exact	QuickDraw/Lines.a	359	DONE	move.l
00400ee8	DONE	exact	QuickDraw/Lines.a	468	DONE	move.l
00400ee8	DONE	exact	QuickDraw/PackRgn.a	142	DONE	move.l
00400ee8	DONE	exact	QuickDraw/PaletteMgr.a	5309	Done	move.l
00400ee8	DONE	exact	QuickDraw/Patches/AllB&WQDPatch.a	657	DONE	move.l
00400ee8	DONE	exact	QuickDraw/Patches/AllB&WQDPatch.a	711	DONE	move.l
00400ee8	DONE	exact	QuickDraw/Patches/AllB&WQDPatch.a	995	DONE	movem.l
00400ee8	DONE	exact	QuickDraw/Patches/AllB&WQDPatch.a	1134	DONE	label
00400ee8	DONE	exact	QuickDraw/Patches/AllB&WQDPatch.a	1214	DONE	rts
00400ee8	DONE	exact	QuickDraw/Patches/AllB&WQDPatch.a	1925	DONE	movem.l
00400ee8	DONE	exact	QuickDraw/Patches/AllB&WQDPatch.a	2003	Done	jmprom
00400ee8	DONE	exact	QuickDraw/Patches/DrawPicture32Patch.a	205	DONE	add.l
00400ee8	DONE	exact	QuickDraw/Patches/DrawPicture32Patch.a	736	Done	label
00400ee8	DONE	exact	QuickDraw/Patches/DrawPicture32Patch.a	1295	DONE	movem.l
00400ee8	DONE	exact	QuickDraw/Patches/DrawPicturePatch.a	304	DONE	label
00400ee8	DONE	exact	QuickDraw/Patches/DrawPicturePatch.a	325	DONE	label
00400ee8	DONE	exact	QuickDraw/Patches/DrawPicturePatch.a	389	DONE	add.l
00400ee8	DONE	exact	QuickDraw/Patches/DrawPicturePatch.a	1537	DONE	movem.l
00400ee8	DONE	exact	QuickDraw/Patches/DrawPicturePatch.a	1542	DONE	jmp
00400ee8	DONE	exact	QuickDraw/Patches/DrawPicturePatch.a	1952	DONE	label
00400ee8	DONE	exact	QuickDraw/Patches/DrawPicturePatch.a	2179	DONE	movem.l
00400ee8	DONE	exact	QuickDraw/Patches/DrawPicturePlusSE.a	385	DONE	move.l
00400ee8	DONE	exact	QuickDraw/Patches/DrawPicturePlusSE.a	1885	DONE	movem.l
00400ee8	DONE	exact	QuickDraw/Patches/DrawPicturePlusSE.a	1890	DONE	jmprom
00400ee8	DONE	exact	QuickDraw/Patches/DrawPicturePortable.a	368	DONE	move.l
00400ee8	DONE	exact	QuickDraw/Patches/DrawPicturePortable.a	1856	DONE	movem.l
00400ee8	DONE	exact	QuickDraw/Patches/DrawPicturePortable.a	1861	DONE	jmprom
00400ee8	DONE	exact	QuickDraw/Patches/PaletteMgrPatch.a	3398	Done	move.l
00400ee8	DONE	exact	QuickDraw/Patches/QDciPatchROM.a	1646	DONE	jmprom
00400ee8	DONE	exact	QuickDraw/Patches/QDciPatchROM.a	2294	DONE	label
00400ee8	DONE	exact	QuickDraw/Patches/QDciPatchROM.a	3893	DONE	move.l
00400ee8	DONE	exact	QuickDraw/Patches/QDciPatchROM.a	5312	DONE	movem.l
00400ee8	DONE	exact	QuickDraw/Patches/QDciPatchROM.a	5547	DONE	rts
00400ee8	DONE	exact	QuickDraw/Patches/QDciPatchROM.a	6187	DONE	move.l
00400ee8	DONE	exact	QuickDraw/Patches/QDciPatchROM.a	7241	Done	moveq
00400ee8	DONE	exact	QuickDraw/Patches/QDciPatchROM.a	11577	DONE	clr.w
00400ee8	DONE	exact	QuickDraw/Patches/QDciPatchROM.a	17058	DONE	add.l
00400ee8	DONE	exact	QuickDraw/Patches/QDciPatchROM.a	17384	DONE	move.l
00400ee8	DONE	exact	QuickDraw/Patches/QDciPatchROM.a	18128	Done	jmprom
00400ee8	DONE	exact	QuickDraw/Patches/QDciPatchROM.a	18469	DONE	movem.l
00400ee8	DONE	exact	QuickDraw/Patches/QDciPatchROM.a	19158	DONE	jmprom
00400ee8	DONE	exact	QuickDraw/Patches/QuickDrawPatches.a	152	Done	label
00400ee8	DONE	exact	QuickDraw/Patches/QuickDrawPatches.a	809	DONE	label
00400ee8	DONE	exact	QuickDraw/Patches/QuickDrawPatches.a	1126	DONE	move.l
00400ee8	DONE	exact	QuickDraw/Patches/QuickDrawPatches.a	2380	Done	moveq
00400ee8	DONE	exact	QuickDraw/Patches/QuickDrawPatches.a	2598	Done	moveq
00400ee8	DONE	exact	QuickDraw/Patches/QuickPolysMacIIPatch.a	1262	DONE	rts
00400ee8	DONE	exact	QuickDraw/Patterns.a	262	DONE	move.l
00400ee8	DONE	exact	QuickDraw/Patterns.a	362	DONE	move.l
00400ee8	DONE	exact	QuickDraw/Patterns.a	403	DONE	rtd
00400ee8	DONE	exact	QuickDraw/Patterns.a	488	DONE	move.l
00400ee8	DONE	exact	QuickDraw/Patterns.a	803	DONE	movem.l
00400ee8	DONE	exact	QuickDraw/Patterns.a	1881	DONE	movem.l
00400ee8	DONE	exact	QuickDraw/Patterns.a	1989	DONE	movem.l
00400ee8	DONE	exact	QuickDraw/Pictures.a	235	DONE	movem.l
00400ee8	DONE	exact	QuickDraw/Pictures.a	444	DONE	add.l
00400ee8	DONE	exact	QuickDraw/Pictures.a	793	DONE	movem.l
00400ee8	DONE	exact	QuickDraw/Pictures.a	1262	DONE	move.l
00400ee8	DONE	exact	QuickDraw/Pictures.a	3003	DONE	movem.l
00400ee8	DONE	exact	QuickDraw/Pictures.a	3177	DONE	rts
00400ee8	DONE	exact	QuickDraw/Pictures.a	3253	DONE	rts
00400ee8	DONE	exact	QuickDraw/Pictures.a	3353	DONE	movem.l
00400ee8	DONE	exact	QuickDraw/Pictures.a	3452	DONE	movem.l
00400ee8	DONE	exact	QuickDraw/Pictures.a	3541	DONE	movem.l
00400ee8	DONE	exact	QuickDraw/Pictures.a	3831	DONE	rtd
00400ee8	DONE	exact	QuickDraw/Pictures.a	4331	DONE	move.l
00400ee8	DONE	exact	QuickDraw/Pictures.a	4485	DONE	move.l
00400ee8	DONE	exact	QuickDraw/Pictures.a	4747	DONE	movem.l
00400ee8	DONE	exact	QuickDraw/Pictures.a	4783	DONE	movem.l
00400ee8	DONE	exact	QuickDraw/Pictures.a	4845	DONE	movem.l
00400ee8	DONE	exact	QuickDraw/Pictures.a	4911	DONE	movem.l
00400ee8	DONE	exact	QuickDraw/Pictures.a	5002	DONE	movem.l
00400ee8	DONE	exact	QuickDraw/Polygons.a	142	DONE	rts
00400ee8	DONE	exact	QuickDraw/Polygons.a	416	DONE	movem.l
00400ee8	DONE	exact	QuickDraw/Polygons.a	452	DONE	movem.l
00400ee8	DONE	exact	QuickDraw/Polygons.a	502	DONE	movem.l
00400ee8	DONE	exact	QuickDraw/PutLine.a	247	DONE	move.l
00400ee8	DONE	exact	QuickDraw/PutRgn.a	105	DONE	sub.l
00400ee8	DONE	exact	QuickDraw/QDUtil.a	220	DONE	move.l
00400ee8	DONE	exact	QuickDraw/QDUtil.a	369	DONE	move
00400ee8	DONE	exact	QuickDraw/QDUtil.a	1519	DONE	tst.b
00400ee8	DONE	exact	QuickDraw/QDUtil.a	1711	DONE	rts
00400ee8	DONE	exact	QuickDraw/QDUtil.a	4727	DONE	move.l
00400ee8	DONE	exact	QuickDraw/QuickPolys.a	1160	DONE	rts
00400ee8	DONE	exact	QuickDraw/Rects.a	357	DONE	move.l
00400ee8	DONE	exact	QuickDraw/Rects.a	710	DONE	move.l
00400ee8	DONE	exact	QuickDraw/Rects.a	733	DONE	jmp
00400ee8	DONE	exact	QuickDraw/Rects.a	767	DONE	jmp
00400ee8	DONE	exact	QuickDraw/Rects.a	849	DONE	move.l
00400ee8	DONE	exact	QuickDraw/Regions.a	139	DONE	rts
00400ee8	DONE	exact	QuickDraw/Regions.a	272	DONE	unlink
00400ee8	DONE	exact	QuickDraw/Regions.a	325	DONE	movem.l
00400ee8	DONE	exact	QuickDraw/Regions.a	431	DONE	movem.l
00400ee8	DONE	exact	QuickDraw/Regions.a	475	DONE	unlink
00400ee8	DONE	exact	QuickDraw/Regions.a	525	DONE	movem.l
00400ee8	DONE	exact	QuickDraw/Regions.a	582	DONE	jmp
00400ee8	DONE	exact	QuickDraw/Regions.a	693	DONE	move.l
00400ee8	DONE	exact	QuickDraw/Regions.a	745	DONE	move.b
00400ee8	DONE	exact	QuickDraw/Regions.a	940	DONE	movem.l
00400ee8	DONE	exact	QuickDraw/Regions.a	1002	DONE	neg.b
00400ee8	DONE	exact	QuickDraw/Regions.a	1173	DONE	movem.l
00400ee8	DONE	exact	QuickDraw/Regions.a	1396	DONE	move.l
00400ee8	DONE	exact	QuickDraw/Regions.a	1505	DONE	movem.l
00400ee8	DONE	exact	QuickDraw/RgnBlt.a	822	DONE	move.l
00400ee8	DONE	exact	QuickDraw/RgnOp.a	333	DONE	move.l
00400ee8	DONE	exact	QuickDraw/RgnOp.a	396	DONE	move
00400ee8	DONE	exact	QuickDraw/RgnOp.a	457	DONE	move
00400ee8	DONE	exact	QuickDraw/ScaleBlt.a	647	Done	moveq
00400ee8	DONE	exact	QuickDraw/SeekRgn.a	183	DONE	rts
00400ee8	DONE	exact	QuickDraw/SortPoints.a	181	DONE	move.l
00400ee8	DONE	exact	QuickDraw/Stretch.a	3217	DONE	clr.w
00400ee8	DONE	exact	QuickDraw/Text.a	1131	DONE	move
00400ee8	DONE	exact	QuickDraw/getPMData.a	305	DONE	move.l
00400ee8	DONE	exact	QuickDraw/getPMData.a	423	DONE	move.l
00400ee8	DONE	exact	QuickDraw/getPMData.a	573	DONE	clr.l
00400ee8	DONE	exact	Toolbox/AliasMgr/FolderMgr.a	1260	Done	label
00400ee8	DONE	exact	Toolbox/AliasMgr/FolderMgr.a	1298	Done	label
00400ee8	DONE	exact	Toolbox/AliasMgr/FolderMgr.a	1435	Done	label
00400ee8	DONE	exact	Toolbox/AliasMgr/FolderMgr.a	1505	Done	label
00400ee8	DONE	exact	Toolbox/AliasMgr/FolderMgr.a	1578	Done	label
00400ee8	DONE	exact	Toolbox/BitEdit/BitEdit.a	353	DONE	movem.l
00400ee8	DONE	exact	Toolbox/DialogMgr/DialogDispatch.a	918	Done	label
00400ee8	DONE	exact	Toolbox/HelpMgr/BalloonExtensions.a	178	done	label
00400ee8	DONE	exact	Toolbox/InSANE/FPBD.a	1109	Done	label
00400ee8	DONE	exact	Toolbox/InSANE/FPHWB2DC.a	1366	Done	unlk
00400ee8	DONE	exact	Toolbox/MenuMgr/MenuMgr.a	1236	Done	label
00400ee8	DONE	exact	Toolbox/MenuMgr/MenuMgr.a	3056	Done	label
00400ee8	DONE	exact	Toolbox/MenuMgr/SaveRestoreBits.a	267	Done	label
00400ee8	DONE	exact	Toolbox/MenuMgr/SaveRestoreBits.a	422	Done	label
00400ee8	DONE	exact	Toolbox/MenuMgr/SaveRestoreBits.a	460	Done	label
00400ee8	DONE	exact	Toolbox/MenuMgr/SaveRestoreBits.a	612	Done	label
00400ee8	DONE	exact	Toolbox/MenuMgr/SaveRestoreBits.a	787	Done	label
00400ee8	DONE	exact	Toolbox/MenuMgr/SaveRestoreBits.a	820	Done	label
00400ee8	DONE	exact	Toolbox/SANE/Dec2Str.a	309	done	unlk
00400ee8	DONE	exact	Toolbox/SANE/FP020BD.a	1128	Done	label
00400ee8	DONE	exact	Toolbox/ScriptMgr/ScriptMgrSysMenuPatch.a	581	Done	label
00400ee8	DONE	exact	Toolbox/TextEdit/TextEdit.a	3351	Done	label
00400ee8	DONE	exact	Toolbox/WindowMgr/WindowMgr.a	3344	Done	label
00400ee8	DONE	exact	Toolbox/WindowMgr/WindowMgrPatches.a	1668	Done	label
00400ef0	XLOOP	exact	OS/StartMgr/StartFail.a	529	XLOOP	adda
00400fd2	HappyMac	exact	Make/VectorTable.a	3783	HAPPYMAC	vnovector
00400fd2	HappyMac	exact	OS/StartMgr/StartSearch.a	1159	HappyMac	bsr.s
00401036	SysErrInit	exact	Make/VectorTable.a	3755	SYSERRINIT	vnovector
00401036	SysErrInit	exact	OS/StartMgr/StartErr.a	157	SysErrInit	proc
004010ac	DebugErr	exact	OS/StartMgr/StartErr.a	274	DebugErr	moveq
004010ae	DebugAdios	exact	OS/StartMgr/StartErr.a	265	DebugAdios	unlk
004010ca	DebugProlog	exact	Make/VectorTable.a	3757	DEBUGPROLOG	vnovector
004010ca	DebugProlog	exact	OS/StartMgr/StartErr.a	280	DebugProlog	label
004010dc	ToDeepShit	exact	Make/VectorTable.a	3758	TODEEPSHIT	vnovector
004010dc	ToDeepShit	exact	OS/StartMgr/StartErr.a	302	ToDeepShit	proc
00401128	GenExcps	exact	Make/VectorTable.a	3759	GENEXCPS	vnovector
00401128	GenExcps	exact	OS/StartMgr/StartErr.a	348	GenExcps	proc
00401140	IRQException	exact	Make/VectorTable.a	3760	IRQEXCEPTION	vnovector
00401140	IRQException	exact	OS/StartMgr/StartErr.a	365	IRQException	label
00401142	SysError	exact	ProcessMgr/Data.a	121	SYSERROR	ds
0040115e	SysErr2	exact	Make/VectorTable.a	3764	SYSERR2	vnovector
0040115e	SysErr2	exact	OS/StartMgr/StartErr.a	405	SysErr2	label
0040117c	Call2DS	exact	OS/StartMgr/StartErr.a	495	Call2DS	cmp.w
00401186	CallDS	exact	OS/StartMgr/StartErr.a	501	CallDS	lea
0040118a	CallDB	exact	OS/StartMgr/StartErr.a	502	CallDB	move.l
004011ac	AllocFakeRgns	exact	Make/VectorTable.a	3746	ALLOCFAKERGNS	vnovector
004011ac	AllocFakeRgns	exact	OS/StartMgr/StartAlert.a	121	AllocFakeRgns	label
004011c4	OpenClip	exact	OS/StartMgr/StartAlert.a	132	OpenClip	label
004011d2	FakeRgn	exact	OS/StartMgr/StartAlert.a	140	FakeRgn	dc.w
004011dc	SysBeep	exact	Make/VectorTable.a	251	SYSBEEP	vatrap
004011dc	SysBeep	exact	Patches/SysBeepPatch.a	83	SYSBEEP	label
00401216	ClipBox	exact	OS/StartMgr/StartAlert.a	149	ClipBox	lea
00401234	DSErrorHandler	exact	Make/VectorTable.a	3747	DSERRORHANDLER	vnovector
00401234	DSErrorHandler	exact	OS/StartMgr/StartAlert.a	178	DSErrorHandler	label
004012cc	RTS2SysErr	exact	OS/StartMgr/StartAlert.a	314	RTS2SysErr	bsr
004012e4	FindObject	exact	OS/StartMgr/StartAlert.a	328	FindObject	move.l
00401300	DrawText	exact	Make/VectorTable.a	2665	DRAWTEXT	vatrap
00401300	DrawText	exact	OS/StartMgr/StartAlert.a	350	DrawText	move.w
00401300	DrawText	exact	QuickDraw/Text.a	1055	DrawText	label
0040133a	DrawBox	exact	OS/StartMgr/StartAlert.a	393	DrawBox	move.l
00401356	DrawSysErr	exact	OS/StartMgr/StartAlert.a	405	DrawSysErr	label
0040136e	DrawSysAlert	exact	OS/StartMgr/StartAlert.a	442	DrawSysAlert	label
00401378	DrawBox2	exact	OS/StartMgr/StartAlert.a	450	DrawBox2	move.l
004013a2	NoButtons	exact	OS/StartMgr/StartAlert.a	465	NoButtons	rts
004013a4	DoButtons	exact	OS/StartMgr/StartAlert.a	475	DoButtons	bsr
00401438	myPtInRect	exact	OS/StartMgr/StartAlert.a	565	myPtInRect	subq
00401446	InvertBut	exact	OS/StartMgr/StartAlert.a	576	InvertBut	move.l
00401452	MicroBug	exact	OS/StartMgr/StartAlert.a	601	MicroBug	clr.w
0040147a	CmdReset	exact	OS/StartMgr/StartAlert.a	616	CmdReset	move.l
004014aa	CmdLoop	exact	OS/StartMgr/StartAlert.a	639	CmdLoop	move.l
00401508	RegChar	exact	OS/StartMgr/StartAlert.a	692	RegChar	tst.w
00401516	GotCommand	exact	OS/StartMgr/StartAlert.a	701	GotCommand	cmp.l
0040154c	MBcmds	exact	OS/StartMgr/StartAlert.a	727	MBcmds	dc.w
0040156e	GCmd	exact	OS/StartMgr/StartAlert.a	739	GCmd	bsr
0040157c	GotResume	exact	OS/StartMgr/StartAlert.a	745	GotResume	add.w
00401588	MBDoErase	exact	OS/StartMgr/StartAlert.a	752	MBDoErase	move.l
00401592	DMCmd	exact	OS/StartMgr/StartAlert.a	760	DMCmd	move.l
004015e2	Print6Hx	exact	OS/StartMgr/StartAlert.a	793	Print6Hx	swap
004015e8	Print4Hx	exact	OS/StartMgr/StartAlert.a	797	Print4Hx	move.w
004015f0	Print2Hx	exact	OS/StartMgr/StartAlert.a	802	Print2Hx	move.w
004015f8	PUTHEX	exact	OS/StartMgr/StartAlert.a	807	PUTHEX	andi.b
00401612	SMCmd	exact	OS/StartMgr/StartAlert.a	822	SMCmd	bsr
0040163e	TDCmd	exact	OS/StartMgr/StartAlert.a	842	TDCmd	move.l
0040164c	DCmd	exact	OS/StartMgr/StartAlert.a	847	DCmd	lea
00401672	SetR	exact	OS/StartMgr/StartAlert.a	862	SetR	bsr.s
00401678	SetR0	exact	OS/StartMgr/StartAlert.a	866	SetR0	bsr.s
00401680	SetR2	exact	OS/StartMgr/StartAlert.a	871	SetR2	moveq
00401682	SetR1	exact	OS/StartMgr/StartAlert.a	873	SetR1	move.l
004016a8	GetHex	exact	OS/StartMgr/StartAlert.a	885	GetHex	and.l
004016bc	ReadXToken	exact	OS/StartMgr/StartAlert.a	898	ReadXToken	bsr.s
004016c8	ReadToken	exact	OS/StartMgr/StartAlert.a	903	ReadToken	moveq
004016cc	ReadMore	exact	OS/StartMgr/StartAlert.a	906	ReadMore	moveq
004016da	blanks	exact	OS/StartMgr/StartAlert.a	912	blanks	cmp.l
004016e0	leadSP	exact	OS/StartMgr/StartAlert.a	915	leadSP	move.b
00401706	getBase	exact	OS/StartMgr/StartAlert.a	933	getBase	cmp.b
00401712	getNumber	exact	OS/StartMgr/StartAlert.a	939	getNumber	bsr
00401726	ReadExit	exact	Drivers/Sony/SonyMFM.a	1143	ReadExit	move.b
00401726	ReadExit	exact	Libs/InterfaceSrcs/piDDP.a	824	ReadExit	movem.l
00401726	ReadExit	exact	OS/StartMgr/StartAlert.a	955	ReadExit	tst
0040176e	getLabel	exact	OS/StartMgr/StartAlert.a	997	getLabel	cmp.b
0040177c	goLabel	exact	OS/StartMgr/StartAlert.a	1002	goLabel	label
0040177e	cleanExit	exact	OS/StartMgr/StartAlert.a	1004	cleanExit	label
00401786	notDot	exact	OS/StartMgr/StartAlert.a	1011	notDot	move
0040179c	notPC	exact	OS/StartMgr/StartAlert.a	1023	notPC	cmp.b
004017b0	doReg	exact	OS/StartMgr/StartAlert.a	1031	doReg	moveq
004017d0	notAs	exact	OS/StartMgr/StartAlert.a	1045	notAs	label
004019ca	Enqueue	exact	Libs/InterfaceSrcs/OSTraps.a	1069	Enqueue	proc
004019ca	Enqueue	exact	Make/VectorTable.a	2007	EnQueue	vindirect
004019ca	Enqueue	trap_suffix	Make/VectorTable.a	463	ENQUEUETRAP	vatrap
004019ca	Enqueue	trap_suffix	OS/Queue.a	58	ENQUEUETRAP	proc
004019de	DOQINSERT	exact	OS/Queue.a	76	DOQINSERT	move.l
004019de	DOQINSERT	exact	OS/SCSIMgr4pt3/QueueUtils.a	76	DOQINSERT	move.l
004019ea	ENQDONE	exact	OS/Queue.a	83	ENQDONE	subq
004019ea	ENQDONE	exact	OS/SCSIMgr4pt3/QueueUtils.a	82	ENQDONE	subq
004019f0	Dequeue	exact	Libs/InterfaceSrcs/OSTraps.a	1080	Dequeue	proc
004019f0	Dequeue	trap_suffix	Make/VectorTable.a	464	DEQUEUETRAP	vatrap
004019f0	Dequeue	trap_suffix	OS/Queue.a	143	DEQUEUETRAP	proc
00401a00	QDELSRCH	exact	OS/Queue.a	152	QDELSRCH	cmp.l
00401a12	GODEL	exact	OS/Queue.a	167	GODEL	cmp.l
00401a20	QDELDONE	exact	OS/Queue.a	176	QDELDONE	moveq
00401a22	QDONE1	exact	OS/Queue.a	177	QDONE1	movem.l
00401a2a	QUNLINK	exact	OS/Queue.a	183	QUNLINK	move.l
00401a38	InitQueue	exact	Make/VectorTable.a	465	INITQUEUE	vindirect
00401a38	InitQueue	exact	Make/VectorTable.a	6084	InitQueue	vnovector
00401a38	InitQueue	exact	OS/Queue.a	198	INITQUEUE	proc
00401a84	SccDecode	exact	Make/VectorTable.a	393	SCCDECODE	vnovector
00401a84	SccDecode	exact	OS/InterruptHandlers.a	1918	SccDecode	label
00401a84	SccDecode	exact	Patches/PatchIIciROM.a	9484	SccDecode	move.l
00401a84	SccDecode	exact	Patches/PatchPlusROM.a	2193	SccDecode	move.l
00401a84	SccDecode	exact	Patches/PatchSEROM.a	4904	SccDecode	move.l
00401ae8	OneSecInt	exact	Make/VectorTable.a	268	ONESECINT	vnovector
00401ae8	OneSecInt	exact	OS/Clock.a	153	OneSecInt	move.b
00401ae8	OneSecInt	exact	OS/Clock.a	178	OneSecInt	movea.l
00401c2a	VInstall	exact	Libs/InterfaceSrcs/OSTraps.a	3708	VInstall	func
00401c2a	VInstall	exact	Make/VectorTable.a	452	VINSTALL	vatrap
00401c2a	VInstall	exact	OS/VerticalRetraceMgr.a	118	VInstall	lea
00401c74	VRemove	exact	Libs/InterfaceSrcs/OSTraps.a	3720	VRemove	func
00401c74	VRemove	exact	Make/VectorTable.a	453	VREMOVE	vatrap
00401c74	VRemove	exact	OS/VerticalRetraceMgr.a	168	VRemove	cmpi.w
00401c8a	InitCrTable	exact	Make/VectorTable.a	2698	INITCRTABLE	vdatatable
00401c8a	InitCrTable	exact	QuickDraw/CCrsrCore.a	127	InitCrTable	label
00401c8a	InitCrTable	exact	QuickDraw/Classic/CrsrCore.a	189	InitCrTable	label
00401ca8	HideCursor	exact	Make/VectorTable.a	2255	HIDECURSOR	vatrap
00401ca8	HideCursor	exact	QuickDraw/CCrsrCore.a	545	HideCursor	label
00401ca8	HideCursor	exact	QuickDraw/Classic/CrsrCore.a	228	HideCursor	label
00401ca8	HideCursor	exact	QuickDraw/Classic/CrsrCore.a	262	HideCursor	label
00401ca8	HideCursor	exact	QuickDraw/Classic/LCursor.m.a	70	HideCursor	proc
00401ca8	HideCursor	exact	QuickDraw/LCursor.a	103	HideCursor	proc
00401cd2	ERASLP	exact	QuickDraw/Classic/CrsrCore.a	246	ERASLP	move.l
00401cda	DRKXLPLYTKC	exact	QuickDraw/Classic/CrsrCore.a	251	DRKXLPLYTKC	label
00401cda	DRKXLPLYTKC	exact	QuickDraw/Classic/CrsrCore.a	289	DRKXLPLYTKC	label
00401ce2	NOHIDE	exact	QuickDraw/Classic/CrsrCore.a	254	NOHIDE	sub
00401ce2	NOHIDE	exact	QuickDraw/Classic/CrsrCore.a	292	NOHIDE	sub
00401ce6	DoneHide	exact	Patches/PatchIIROM.a	5115	DONEHIDE	label
00401ce6	DoneHide	exact	QuickDraw/CCrsrCore.a	1969	DONEHIDE	rts
00401ce6	DoneHide	exact	QuickDraw/Classic/CrsrCore.a	256	DoneHide	label
00401ce6	DoneHide	exact	QuickDraw/Classic/CrsrCore.a	294	DONEHIDE	clr.b
00401ce6	DoneHide	exact	QuickDraw/Patches/AllB&WQDPatch.a	2114	DoneHide	label
00401cfa	ShowCursor	exact	Make/VectorTable.a	2256	SHOWCURSOR	vatrap
00401cfa	ShowCursor	exact	QuickDraw/CCrsrCore.a	593	ShowCursor	label
00401cfa	ShowCursor	exact	QuickDraw/Classic/CrsrCore.a	328	SHOWCURSOR	label
00401cfa	ShowCursor	exact	QuickDraw/Classic/CrsrCore.a	450	SHOWCURSOR	label
00401cfa	ShowCursor	exact	QuickDraw/Classic/LCursor.m.a	82	ShowCursor	proc
00401cfa	ShowCursor	exact	QuickDraw/LCursor.a	115	ShowCursor	proc
00401cfa	ShowCursor	exact	QuickDraw/Patches/QDciPatchROM.a	2126	ShowCursor	label
00401dc8	ShieldCursor	exact	Libs/InterfaceSrcs/TOOLUTILS.a	144	shieldcursor	proc
00401dc8	ShieldCursor	exact	Make/VectorTable.a	2257	SHIELDCURSOR	vatrap
00401dc8	ShieldCursor	exact	Make/VectorTable.a	6037	shieldcursor	vnovector
00401dc8	ShieldCursor	exact	QuickDraw/CCrsrCore.a	646	ShieldCursor	label
00401dc8	ShieldCursor	exact	QuickDraw/Classic/CrsrCore.a	739	ShieldCursor	label
00401dc8	ShieldCursor	exact	QuickDraw/Classic/LCursor.m.a	94	ShieldCursor	proc
00401dc8	ShieldCursor	exact	QuickDraw/LCursor.a	127	ShieldCursor	proc
00401e62	ScrnSize	exact	Make/VectorTable.a	2710	SCRNSIZE	vatrap
00401e62	ScrnSize	exact	QuickDraw/CCrsrCore.a	1990	ScrnSize	proc
00401e62	ScrnSize	exact	QuickDraw/Classic/CrsrCore.a	874	ScrnSize	label
00401e6c	ScrnCmn	exact	QuickDraw/Classic/CrsrCore.a	879	ScrnCmn	move
00401e72	ScrnBitMap	exact	Make/VectorTable.a	2711	SCRNBITMAP	vatrap
00401e72	ScrnBitMap	exact	QuickDraw/CCrsrCore.a	2011	ScrnBitMap	proc
00401e72	ScrnBitMap	exact	QuickDraw/Classic/CrsrCore.a	888	ScrnBitMap	label
00401e86	CrsrVBLTask	exact	Make/VectorTable.a	2699	CRSRVBLTASK	vindirect
00401e86	CrsrVBLTask	exact	QuickDraw/CCrsrCore.a	158	CrsrVBLTask	label
00401e86	CrsrVBLTask	exact	QuickDraw/Classic/CrsrCore.a	919	CrsrVBLTask	label
00401ea6	AbslXl	exact	QuickDraw/CCrsrCore.a	178	AbslXl	label
00401ea6	AbslXl	exact	QuickDraw/Classic/CrsrCore.a	937	AbslXl	label
00401ec6	DoPin	exact	OS/Mouse.a	295	DoPin	label
00401ec6	DoPin	exact	Patches/PatchIIROM.a	907	DoPin	label
00401ec6	DoPin	exact	Patches/PatchSEROM.a	1963	DoPin	label
00401ec6	DoPin	exact	QuickDraw/CCrsrCore.a	294	DoPin	label
00401ec6	DoPin	exact	QuickDraw/Classic/CrsrCore.a	1043	DoPin	label
00401eee	SkipPin	exact	OS/Mouse.a	308	SkipPin	label
00401eee	SkipPin	exact	Patches/PatchIIROM.a	920	SkipPin	label
00401eee	SkipPin	exact	Patches/PatchSEROM.a	1976	SkipPin	label
00401eee	SkipPin	exact	QuickDraw/CCrsrCore.a	311	skipPin	move.l
00401eee	SkipPin	exact	QuickDraw/Classic/CrsrCore.a	1056	SkipPin	move.l
00401ef2	Repaint	exact	OS/Mouse.a	311	Repaint	label
00401ef2	Repaint	exact	Patches/PatchIIROM.a	923	Repaint	label
00401ef2	Repaint	exact	Patches/PatchSEROM.a	1979	Repaint	label
00401ef2	Repaint	exact	QuickDraw/Classic/CrsrCore.a	1058	Repaint	tst.b
00401efc	Unpainted	exact	OS/Mouse.a	315	Unpainted	label
00401efc	Unpainted	exact	Patches/PatchIIROM.a	927	Unpainted	label
00401efc	Unpainted	exact	Patches/PatchSEROM.a	1983	Unpainted	label
00401efc	Unpainted	exact	QuickDraw/Classic/CrsrCore.a	1061	Unpainted	label
00401f08	TrackDone	exact	QuickDraw/CCrsrCore.a	321	TrackDone	label
00401f08	TrackDone	exact	QuickDraw/Classic/CrsrCore.a	1069	TrackDone	label
00401f08	TrackDone	exact	Toolbox/ControlMgr/ControlMgr.a	1502	TrackDone	label
00401f0a	PinGuts	exact	OS/Mouse.a	348	PinGuts	label
00401f0a	PinGuts	exact	Patches/PatchSEROM.a	2012	PinGuts	label
00401f0a	PinGuts	exact	QuickDraw/CCrsrCore.a	436	PinGuts	label
00401f0a	PinGuts	exact	QuickDraw/Classic/CrsrCore.a	1089	PinGuts	label
00401f38	PinRect	exact	Libs/InterfaceSrcs/WINDOWS.a	143	pinrect	proc
00401f38	PinRect	exact	Make/VectorTable.a	2700	PINRECT	vatrap
00401f38	PinRect	exact	Make/VectorTable.a	6046	pinrect	vnovector
00401f38	PinRect	exact	QuickDraw/CCrsrCore.a	464	PinRect	label
00401f38	PinRect	exact	QuickDraw/Classic/CrsrCore.a	1117	PinRect	label
00401f4a	Dispatch	exact	Toolbox/ColorPicker/ColorPicker.a	50	Dispatch	label
00401f4a	Dispatch	exact	Toolbox/ComponentMgr/ThingManagerDispatcher.a	281	Dispatch	label
00401f52	EMT1010	exact	Make/VectorTable.a	539	EMT1010	vdirect
00401fba	SetTrapAddress	exact	Libs/InterfaceSrcs/OSTraps.a	829	SetTrapAddress	func
00401fba	SetTrapAddress	exact	OS/TrapDispatcher/DispatchPatch.a	525	SetTrapAddress	label
00401fba	SetTrapAddress	exact	ProcessMgr/Data.a	134	SETTRAPADDRESS	ds
00401fba	SetTrapAddress	trap_suffix	Make/VectorTable.a	428	SETTRAPADDRESSTRAP	vatrap
00401fba	SetTrapAddress	trap_suffix	OS/TrapDispatcher/Dispatch.a	422	SetTrapAddressTrap	label
0040200a	GetTrapAddress	exact	Libs/InterfaceSrcs/OSTraps.a	819	GetTrapAddress	func
0040200a	GetTrapAddress	exact	OS/TrapDispatcher/DispatchPatch.a	505	GetTrapAddress	label
0040200a	GetTrapAddress	trap_suffix	Make/VectorTable.a	427	GETTRAPADDRESSTRAP	vatrap
0040200a	GetTrapAddress	trap_suffix	OS/TrapDispatcher/Dispatch.a	384	GetTrapAddressTrap	label
00402030	FSIODneTbl	exact	Make/VectorTable.a	295	FSIODNETBL	vdatatable
00402030	FSIODneTbl	exact	OS/DeviceMgr.a	276	FSIODneTbl	label
00402036	Fetch	exact	Make/VectorTable.a	296	FETCH	vnovector
00402036	Fetch	exact	OS/DeviceMgr.a	294	Fetch	bclr
00402036	Fetch	exact	Patches/PatchIIROM.a	6731	Fetch	movea.l
0040203a	FetchStash	exact	OS/DeviceMgr.a	296	FetchStash	movem.l
0040205a	StashOne	exact	OS/DeviceMgr.a	308	StashOne	move.b
0040205e	FinishFS	exact	OS/DeviceMgr.a	310	FinishFS	addq.l
0040206e	FSDone	exact	OS/DeviceMgr.a	316	FSDone	label
00402076	IOCoreErr	exact	OS/DeviceMgr.a	323	IOCoreErr	moveq
0040207a	Stash	exact	Make/VectorTable.a	297	STASH	vnovector
0040207a	Stash	exact	OS/DeviceMgr.a	339	Stash	bset
00402080	IOOK	exact	OS/DeviceMgr.a	358	IOOK	moveq
00402082	IODone	exact	Make/VectorTable.a	298	IODONE	vnovector
00402082	IODone	exact	OS/DeviceMgr.a	359	IODone	label
00402082	IODone	exact	Patches/PatchPlusROM.a	1125	IODone	proc
004020a2	DeActDrvr	exact	OS/DeviceMgr.a	402	DeActDrvr	bclr
004020a8	DeActImed	exact	OS/DeviceMgr.a	403	DeActImed	label
004020c2	IORTS7	exact	OS/DeviceMgr.a	417	IORTS7	rts
004020c4	PostCompletion	exact	OS/DeviceMgr.a	436	PostCompletion	label
004020f8	DoAsyncIO	exact	OS/DeviceMgr.a	480	DoAsyncIO	move.l
0040210a	GoIO	exact	OS/DeviceMgr.a	489	GoIO	bset
0040211e	DoImedIO	exact	OS/DeviceMgr.a	503	DoImedIO	label
00402152	GoDriver	exact	OS/DeviceMgr.a	543	GoDriver	move.l
004021f4	Open	exact	DeclData/DeclNet/Mace/MaceEnet.a	246	Open	label
004021f4	Open	exact	DeclData/DeclNet/Mace/PDMMaceEnet/PDMMaceEnet.a	219	Open	label
004021f4	Open	exact	DeclData/DeclNet/Sonic/SonicEnet.a	259	Open	label
004021f4	Open	exact	DeclData/DeclVideo/ATI/ATIDrvr.a	291	Open	proc
004021f4	Open	exact	Drivers/NewAge/NewAgeDrvr.a	202	Open	movem.l
004021f4	Open	exact	Make/VectorTable.a	300	OPEN	vatrap
004021f4	Open	exact	Make/VectorTable.a	6061	open	vnovector
004021f4	Open	exact	OS/DeviceMgr.a	748	Open	movem.l
004021f4	Open	exact	Patches/PatchPlusROM.a	1465	Open	jmp
004021f4	Open	exact	ProcessMgr/Data.a	104	OPEN	ds
00402386	Close	exact	DeclData/DeclNet/Mace/MaceEnet.a	1933	Close	label
00402386	Close	exact	DeclData/DeclNet/Mace/PDMMaceEnet/PDMMaceEnet.a	1710	Close	label
00402386	Close	exact	DeclData/DeclNet/Sonic/SonicEnet.a	1720	Close	label
00402386	Close	exact	DeclData/DeclVideo/ATI/ATIDrvr.a	343	Close	proc
00402386	Close	exact	Drivers/NewAge/NewAgeDrvr.a	3052	Close	moveq
00402386	Close	exact	Drivers/NewAge/NewAgeDrvr.a	3067	Close	movem.l
00402386	Close	exact	Make/VectorTable.a	301	CLOSE	vatrap
00402386	Close	exact	Make/VectorTable.a	6062	close	vnovector
00402386	Close	exact	OS/DeviceMgr.a	1210	Close	move.w
00402386	Close	exact	Patches/PatchPlusROM.a	1466	Close	jmp
00402386	Close	exact	ProcessMgr/Data.a	82	CLOSE	ds
004023be	Read	exact	Make/VectorTable.a	303	READ	vatrap
004023be	Read	exact	Make/VectorTable.a	6063	read	vnovector
004023be	Read	exact	OS/DeviceMgr.a	1275	Read	label
0040242e	Write	exact	Make/VectorTable.a	305	WRITE	vatrap
0040242e	Write	exact	Make/VectorTable.a	6064	write	vnovector
0040242e	Write	exact	OS/DeviceMgr.a	1366	Write	label
00402442	Control	exact	DeclData/DeclNet/Mace/MaceEnet.a	878	Control	label
00402442	Control	exact	DeclData/DeclNet/Mace/PDMMaceEnet/PDMMaceEnet.a	743	Control	label
00402442	Control	exact	DeclData/DeclNet/Sonic/SonicEnet.a	806	Control	label
00402442	Control	exact	DeclData/DeclVideo/ATI/ATIDrvr.a	446	Control	proc
00402442	Control	exact	Drivers/NewAge/NewAgeDrvr.a	1398	Control	label
00402442	Control	exact	Libs/InterfaceSrcs/OSTraps.a	1414	Control	func
00402442	Control	exact	Patches/PatchIIciROM.a	4886	Control	label
00402442	Control	exact	Patches/PatchPlusROM.a	5773	Control	move.w
00402442	Control	trap_suffix	Make/VectorTable.a	306	CONTROLTRAP	vatrap
00402442	Control	trap_suffix	OS/DeviceMgr.a	1390	ControlTrap	movem.l
00402450	Status	exact	DeclData/DeclNet/Mace/Mace.a	245	Status	ds.b
00402450	Status	exact	DeclData/DeclNet/Sonic/SonicEnet.a	89	Status	ds.l
00402450	Status	exact	DeclData/DeclNet/Sonic/SonicEqu.a	286	status	ds.l
00402450	Status	exact	DeclData/DeclNet/Sonic/SonicEqu.a	294	status	ds.w
00402450	Status	exact	DeclData/DeclNet/Sonic/SonicEqu.a	313	status	ds.l
00402450	Status	exact	DeclData/DeclNet/Sonic/SonicEqu.a	327	status	ds.w
00402450	Status	exact	DeclData/DeclVideo/ATI/ATIDrvr.a	395	Status	proc
00402450	Status	exact	Drivers/NewAge/NewAgeDrvr.a	2772	Status	label
00402450	Status	exact	Libs/InterfaceSrcs/OSTraps.a	1439	Status	func
00402450	Status	exact	Patches/PatchIIciROM.a	4975	Status	label
00402450	Status	trap_suffix	Make/VectorTable.a	307	STATUSTRAP	vatrap
00402450	Status	trap_suffix	OS/DeviceMgr.a	1407	StatusTrap	movem.l
00402476	KillIO	exact	Drivers/NewAge/NewAgeDrvr.a	1451	KillIO	moveq
00402476	KillIO	exact	Libs/InterfaceSrcs/OSTraps.a	1461	KillIO	func
00402476	KillIO	trap_suffix	Make/VectorTable.a	308	KILLIOTRAP	vatrap
00402476	KillIO	trap_suffix	OS/DeviceMgr.a	1435	KillIOTrap	label
004024ca	DrvrInstall	exact	Make/VectorTable.a	309	DRVRINSTALL	vatrap
004024ca	DrvrInstall	exact	OS/DeviceMgr.a	1490	DrvrInstall	label
004024e8	ClearDCE	exact	OS/DeviceMgr.a	1509	ClearDCE	moveq
00402502	DInstRTS	exact	OS/DeviceMgr.a	1522	DInstRTS	movem.l
00402508	MpUnitNum	exact	OS/DeviceMgr.a	1527	MpUnitNum	not.w
00402528	DrvrRemove	exact	Make/VectorTable.a	310	DRVRREMOVE	vatrap
00402528	DrvrRemove	exact	OS/DeviceMgr.a	1559	DrvrRemove	label
00402558	AddDrive	exact	Libs/InterfaceSrcs/OSTraps.a	1319	AddDrive	proc
00402558	AddDrive	trap_suffix	Make/VectorTable.a	311	ADDDRIVETRAP	vatrap
00402558	AddDrive	trap_suffix	OS/DeviceMgr.a	1603	AddDriveTrap	move.l
004026ec	PostEvent	exact	Libs/InterfaceSrcs/OSTraps.a	2099	PostEvent	proc
004026ec	PostEvent	exact	ProcessMgr/Data.a	110	POSTEVENT	ds
004026ec	PostEvent	trap_suffix	Make/VectorTable.a	413	POSTEVENTTRAP	vatrap
004026ec	PostEvent	trap_suffix	OS/OSEventMgr.a	229	PostEventTrap	label
00402764	OSEventAvail	exact	Libs/InterfaceSrcs/OSTraps.a	2123	OSEventAvail	func
00402764	OSEventAvail	exact	Make/VectorTable.a	5225	OSEVENTAVAIL	vnovector
00402764	OSEventAvail	exact	Patches/PatchSEROM.a	561	OSEventAvail	lea
00402764	OSEventAvail	trap_suffix	Make/VectorTable.a	414	OSEVENTAVAILTRAP	vatrap
00402764	OSEventAvail	trap_suffix	OS/OSEventMgr.a	332	OSEventAvailTrap	label
004027ec	GetOSEvent	exact	Libs/InterfaceSrcs/OSTraps.a	2135	GetOSEvent	func
004027ec	GetOSEvent	exact	Patches/PatchSEROM.a	524	GetOSEvent	proc
004027ec	GetOSEvent	trap_suffix	Make/VectorTable.a	415	GETOSEVENTTRAP	vatrap
004027ec	GetOSEvent	trap_suffix	OS/OSEventMgr.a	461	GetOSEventTrap	bsr.s
0040280a	FlushEvents	exact	Make/VectorTable.a	416	FLUSHEVENTS	vatrap
0040280a	FlushEvents	exact	OS/OSEventMgr.a	508	FlushEvents	move
00402852	TFSDispatch	exact	Make/VectorTable.a	1326	TFSDISPATCH	vindirect
00402852	TFSDispatch	exact	OS/HFS/TFS.a	219	TFSDispatch	proc
004028a6	FSQueueSync	exact	Make/VectorTable.a	1330	FSQUEUESYNC	vindirect
004028a6	FSQueueSync	exact	OS/HFS/FileMgrPatches.a	300	FSQUEUESYNC	rombind
004028a6	FSQueueSync	exact	OS/HFS/TFS.a	619	FSQueueSync	label
004028aa	FSQueue	exact	Make/VectorTable.a	1331	FSQUEUE	vindirect
004028aa	FSQueue	exact	OS/HFS/FileMgrPatches.a	301	FSQUEUE	rombind
004028aa	FSQueue	exact	OS/HFS/TFS.a	659	FSQueue	label
004028f0	SyncWait	exact	Make/VectorTable.a	3152	SyncWait	vindirect
004028f0	SyncWait	exact	OS/DeviceMgr.a	1340	SyncWait	label
004028f0	SyncWait	exact	OS/HFS/FileMgrHooks.a	113	SyncWait	move.w
004028f0	SyncWait	exact	OS/HFS/FileMgrPatches.a	2740	SyncWait	move.w
004028f0	SyncWait	exact	OS/HFS/TFS.a	688	SyncWait	move.w
00402912	FSAsync	exact	OS/HFS/FileMgrHooks.a	192	FSAsync	label
00402912	FSAsync	exact	OS/HFS/FileMgrPatches.a	2818	FSAsync	label
00402912	FSAsync	exact	OS/HFS/TFS.a	706	FSAsync	lea
0040295a	toDSFSErr	exact	OS/HFS/Extensions/QMgr.a	336	toDSFSErr	moveq
0040295a	toDSFSErr	exact	OS/HFS/FileMgrHooks.a	1410	toDSFSErr	label
0040295a	toDSFSErr	exact	OS/HFS/FileMgrPatches.a	3840	toDSFSErr	label
0040295a	toDSFSErr	exact	OS/HFS/TFS.a	750	toDSFSErr	moveq
0040295e	CmdDone	exact	Make/VectorTable.a	1332	CMDDONE	vindirect
0040295e	CmdDone	exact	OS/HFS/FileMgrPatches.a	288	CMDDONE	rombind
0040295e	CmdDone	exact	OS/HFS/TFS.a	753	CmdDone	label
0040295e	CmdDone	exact	Patches/PatchSEROM.a	1301	CmdDone	label
004029e2	cd_CkExtFs	exact	OS/HFS/TFS.a	835	cd_CkExtFS	bclr
00402a5a	FInitQueue	exact	Make/VectorTable.a	1333	FINITQUEUE	vatrap
00402a5a	FInitQueue	exact	OS/HFS/TFS.a	914	FInitQueue	label
00402a6c	InitQueue	exact	Make/VectorTable.a	465	INITQUEUE	vindirect
00402a6c	InitQueue	exact	Make/VectorTable.a	6084	InitQueue	vnovector
00402a6c	InitQueue	exact	OS/Queue.a	198	INITQUEUE	proc
00402a86	DSHook	exact	Make/VectorTable.a	1334	DSHOOK	vindirect
00402a86	DSHook	exact	OS/HFS/TFS.a	945	DSHook	label
00402ab6	TellUser	exact	OS/HFS/TFS.a	974	TellUser	move.w
00402ab6	TellUser	exact	OS/HFS/TFS.a	992	TellUser	move.l
00402b54	EjectMtDisk	exact	OS/HFS/TFS.a	1017	EjectMtDisk	label
00402b5a	WaitForDsk	exact	OS/HFS/TFS.a	1021	WaitForDsk	label
00402be8	DSExit	exact	OS/HFS/FileMgrPatches.a	350	DSExit	rombind
00402be8	DSExit	exact	OS/HFS/TFS.a	977	DSExit	label
00402be8	DSExit	exact	OS/HFS/TFS.a	1086	DSExit	bset
00402c08	TFSAgain	exact	OS/HFS/TFS.a	1108	TFSAgain	or.b
00402c1c	DoEject	exact	Make/VectorTable.a	1336	DOEJECT	vindirect
00402c1c	DoEject	exact	OS/HFS/TFS.a	1271	DoEject	label
00402c1c	DoEject	exact	Toolbox/DiskInit/DiskInit.a	1028	DoEject	btst.l
00402c50	DivUp	exact	Make/VectorTable.a	1341	DIVUP	vindirect
00402c50	DivUp	exact	OS/HFS/TFSCOMMON.a	64	DivUp	divu
00402c64	RoundAlloc	exact	Make/VectorTable.a	1342	ROUNDALLOC	vindirect
00402c64	RoundAlloc	exact	OS/HFS/TFSCOMMON.a	89	RoundAlloc	label
00402c86	QWordSearch	exact	OS/HFS/TFSCOMMON.a	125	QWordSearch	label
00402d1e	MarkVCB	exact	Make/VectorTable.a	1344	MARKVCB	vindirect
00402d1e	MarkVCB	exact	OS/HFS/TFSCOMMON.a	232	MarkVCB	label
00402d20	MarkVCB	exact	Make/VectorTable.a	1344	MARKVCB	vindirect
00402d20	MarkVCB	exact	OS/HFS/TFSCOMMON.a	232	MarkVCB	label
00402d28	MarkVCBDirty	exact	OS/HFS/FileMgrPatches.a	393	MarkVCBDirty	rombind
00402d28	MarkVCBDirty	exact	OS/HFS/TFSCOMMON.a	251	MarkVCBDirty	label
00402d2e	FlushMDB	exact	Make/VectorTable.a	1346	FLUSHMDB	vdirect
00402d2e	FlushMDB	exact	OS/HFS/FileMgrPatches.a	394	FlushMDB	rombind
00402d2e	FlushMDB	exact	OS/HFS/TFSCOMMON.a	264	FlushMDB	label
00402de6	MakeStkPB	exact	Make/VectorTable.a	1395	MAKESTKPB	vindirect
00402de6	MakeStkPB	exact	OS/HFS/TFSVOL.a	25	MakeStkPB	move.l
00402df8	MountVol	exact	Make/VectorTable.a	1396	MOUNTVOL	vatrap
00402df8	MountVol	exact	OS/HFS/TFSVOL.a	126	MountVol	label
00402df8	MountVol	exact	ProcessMgr/Data.a	101	MOUNTVOL	ds
00403138	MtVolOK	exact	OS/HFS/FileMgrPatches.a	354	MtVolOK	rombind
00403138	MtVolOK	exact	OS/HFS/TFSVOL.a	437	MtVolOK	moveq
0040313a	MtVolDone	exact	OS/HFS/TFSVOL.a	438	MtVolDone	tst.w
0040336e	DsposVBlks	exact	OS/HFS/FileMgrPatches.a	389	DsposVBlks	rombind
0040336e	DsposVBlks	exact	OS/HFS/TFSVOL.a	807	DsposVBlks	move.l
004033a2	DsposVCB	exact	OS/HFS/FileMgrPatches.a	390	DsposVCB	rombind
004033a2	DsposVCB	exact	OS/HFS/TFSVOL.a	778	DsposVCB	move.l
00403414	FindDrive	exact	Make/VectorTable.a	1400	FINDDRIVE	vdirect
00403414	FindDrive	exact	OS/HFS/TFSVOL.a	909	FindDrive	label
0040343a	Offline	exact	Make/VectorTable.a	1402	OFFLINE	vindirect
0040343a	Offline	exact	OS/HFS/TFSVOL.a	950	OffLine	label
0040343a	Offline	exact	ProcessMgr/Data.a	103	OFFLINE	ds
00403442	DumpCaches	exact	OS/HFS/TFSVOL.a	1004	DumpCaches	move.l
0040344e	FlushBuffers	exact	OS/HFS/TFSVOL.a	1017	FlushBuffers	label
004034a0	flVCaches	exact	OS/HFS/TFSVOL.a	1049	flVCaches	label
004034d4	flBufOK	exact	OS/HFS/TFSVOL.a	1069	flBufOK	moveq
004034d6	flBufExit	exact	OS/HFS/TFSVOL.a	1071	flBufExit	movem.l
004034e0	Eject	exact	Internal/Asm/HardwarePrivateEqu.a	2865	Eject	ds.w
004034e0	Eject	exact	Libs/InterfaceSrcs/FILES.a	165	eject	func
004034e0	Eject	exact	Libs/InterfaceSrcs/OSTraps.a	1584	Eject	func
004034e0	Eject	exact	Make/VectorTable.a	4927	EJECT	vnovector
004034e0	Eject	exact	Make/VectorTable.a	5970	eject	vnovector
004034e0	Eject	exact	OS/StartMgr/StartInit.a	1182	Eject	jmp
004034e0	Eject	exact	ProcessMgr/Data.a	85	EJECT	ds
004034e0	Eject	trap_suffix	Make/VectorTable.a	1403	EJECTTRAP	vatrap
004034e0	Eject	trap_suffix	OS/HFS/TFSVOL.a	1076	EjectTrap	label
004034e4	Eject1	exact	OS/HFS/TFSVOL.a	1081	Eject1	label
004034fa	ejectDrvNum	exact	OS/HFS/FileMgrPatches.a	2099	ejectDrvNum	label
004034fa	ejectDrvNum	exact	OS/HFS/TFSVOL.a	1090	ejectDrvNum	bsr
00403508	EjectDone	exact	OS/HFS/FileMgrPatches.a	2105	ejectDone	label
00403508	EjectDone	exact	OS/HFS/TFSVOL.a	1095	ejectDone	bra
0040350c	ejectMnted	exact	OS/HFS/TFSVOL.a	1097	ejectMnted	lea
00403570	ejectMark	exact	OS/HFS/TFSVOL.a	1154	ejectMark	clr.w
00403598	EjectIt	exact	OS/HFS/FileMgrPatches.a	391	EjectIt	rombind
00403598	EjectIt	exact	OS/HFS/TFSVOL.a	1177	ejectIt	label
00403598	EjectIt	exact	Toolbox/DiskInit/DiskInit.a	1016	EjectIt	bsr.s
004035b4	UnmountVol	exact	Libs/InterfaceSrcs/FILES.a	146	unmountvol	func
004035b4	UnmountVol	exact	Libs/InterfaceSrcs/OSTraps.a	1568	UnMountVol	func
004035b4	UnmountVol	exact	Make/VectorTable.a	5569	UNMOUNTVOL	vnovector
004035b4	UnmountVol	exact	Make/VectorTable.a	5969	unmountvol	vnovector
004035b4	UnmountVol	exact	ProcessMgr/Data.a	126	UNMOUNTVOL	ds
004035b4	UnmountVol	trap_suffix	Make/VectorTable.a	1404	UNMOUNTVOLTRAP	vatrap
004035b4	UnmountVol	trap_suffix	OS/HFS/TFSVOL.a	1224	UnMountVolTrap	label
004035be	FlushVFiles	exact	Make/VectorTable.a	1405	FLUSHVFILES	vindirect
004035be	FlushVFiles	exact	OS/HFS/FileMgrPatches.a	379	FlushVFiles	rombind
004035be	FlushVFiles	exact	OS/HFS/TFSVOL.a	1313	FlushVFiles	label
004035fc	FlushVol	exact	Libs/InterfaceSrcs/FILES.a	127	flushvol	func
004035fc	FlushVol	exact	Libs/InterfaceSrcs/OSTraps.a	1600	FlushVol	func
004035fc	FlushVol	exact	Make/VectorTable.a	5776	flushvol	vnovector
004035fc	FlushVol	trap_suffix	Make/VectorTable.a	1406	FLUSHVOLTRAP	vatrap
004035fc	FlushVol	trap_suffix	OS/HFS/TFSVOL.a	1343	FlushVolTrap	label
00403638	CkExtFS	exact	OS/HFS/TFSVOL.a	1425	CkExtFS	label
00403642	DtrmV3	exact	Make/VectorTable.a	1408	DTRMV3	vdirect
00403642	DtrmV3	exact	OS/HFS/FileMgrPatches.a	295	DTRMV3	rombind
00403642	DtrmV3	exact	OS/HFS/TFSVOL.a	1498	DtrmV3	label
00403650	DtrmV1	exact	OS/HFS/TFSVOL.a	1511	DtrmV1	label
00403656	vDtrmV1	exact	Make/VectorTable.a	1410	VDTRMV1	vdirect
00403656	vDtrmV1	exact	OS/HFS/TFSVOL.a	1514	vDtrmV1	label
00403788	DtrmV2	exact	OS/HFS/FileMgrPatches.a	364	DtrmV2	rombind
00403788	DtrmV2	exact	OS/HFS/TFSVOL.a	1705	DtrmV2	label
00403824	GetVolInfo	exact	Make/VectorTable.a	1413	GETVOLINFO	vatrap
00403824	GetVolInfo	exact	OS/HFS/TFSVOL.a	1848	GetVolInfo	label
00403824	GetVolInfo	exact	ProcessMgr/Data.a	94	GETVOLINFO	ds
00403858	RetVolInfo	exact	OS/HFS/TFSVOL.a	1875	RetVolInfo	moveq
00403906	retVRef	exact	OS/HFS/TFSVOL.a	1946	retVRef	tst.w
004039ca	TGVIDone	exact	OS/HFS/TFSVOL.a	2014	TGVIDone	bra
00403a76	CVFlgs	exact	Make/VectorTable.a	1415	CVFLGS	vindirect
00403a76	CVFlgs	exact	OS/HFS/Extensions/BTreeMgr/BTreeFuncs.a	2082	CVFlgs	moveq
00403a76	CVFlgs	exact	OS/HFS/FileMgrPatches.a	293	CVFLGS	rombind
00403a76	CVFlgs	exact	OS/HFS/TFSVOL.a	2106	CVFlgs	moveq
00403a8a	GetVol	exact	Libs/InterfaceSrcs/FILES.a	90	getvol	func
00403a8a	GetVol	exact	Libs/InterfaceSrcs/OSTraps.a	1535	GetVol	func
00403a8a	GetVol	exact	Make/VectorTable.a	5804	getvol	vnovector
00403a8a	GetVol	exact	ProcessMgr/Data.a	93	GETVOL	ds
00403a8a	GetVol	trap_suffix	Make/VectorTable.a	1416	GETVOLTRAP	vatrap
00403a8a	GetVol	trap_suffix	OS/HFS/TFSVOL.a	2138	GetVolTrap	label
00403aa6	GetVolDone	exact	OS/HFS/TFSVOL.a	2150	GetVolDone	bra
00403aaa	NSVErrXit	exact	OS/HFS/TFSVOL.a	2152	NSVErrXit	moveq
00403aae	XferVName	exact	OS/HFS/TFSVOL.a	2159	XferVName	movem.l
00403ada	SetVol	exact	Libs/InterfaceSrcs/FILES.a	108	setvol	func
00403ada	SetVol	exact	Libs/InterfaceSrcs/OSTraps.a	1552	SetVol	func
00403ada	SetVol	exact	Make/VectorTable.a	5899	setvol	vnovector
00403ada	SetVol	trap_suffix	Make/VectorTable.a	1417	SETVOLTRAP	vatrap
00403ada	SetVol	trap_suffix	OS/HFS/TFSVOL.a	2204	SetVolTrap	label
00403b1a	SetDir	exact	Make/VectorTable.a	1418	SETDIR	vindirect
00403b1a	SetDir	exact	OS/HFS/TFSVOL.a	2246	SetDir	label
00403b3e	SetDefDir	exact	OS/HFS/TFSVOL.a	2270	SetDefDir	move.w
00403b4a	SetDirExit	exact	OS/HFS/TFSVOL.a	2277	SetDirExit	bra
00403b4e	GetDir	exact	Make/VectorTable.a	1419	GETDIR	vindirect
00403b4e	GetDir	exact	OS/HFS/TFSVOL.a	2293	GetDir	label
00403b72	OpenWD	trap_suffix	Make/VectorTable.a	1420	OPENWDTRAP	vindirect
00403b72	OpenWD	trap_suffix	OS/HFS/TFSVOL.a	2325	OpenWDTrap	label
00403baa	opnWDExit	exact	OS/HFS/FileMgrPatches.a	3214	opnWDExit	jmprom
00403baa	opnWDExit	exact	OS/HFS/TFSVOL.a	2350	opnWDExit	bra
00403bae	SetDefWDCB	exact	OS/HFS/TFSVOL.a	2352	SetDefWDCB	move.l
00403bb4	FillWDCB	exact	OS/HFS/TFSVOL.a	2355	FillWDCB	move.l
00403bd2	PickWDCB	exact	Make/VectorTable.a	547	PICKWDCB	vindirect
00403bd2	PickWDCB	exact	OS/HFS/FileMgrPatches.a	3218	PickWDCB	label
00403bd2	PickWDCB	exact	OS/HFS/TFSVOL.a	2368	PickWDCB	label
00403d20	RetDefInfo	exact	OS/HFS/TFSVOL.a	2624	RetDefInfo	label
00403df6	MDspsMap	exact	OS/HFS/MFSVOL.a	150	MDspsMap	movem.l
00403f00	MFSFlush	exact	OS/HFS/FileMgrPatches.a	392	MFSFlush	rombind
00403f00	MFSFlush	exact	OS/HFS/MFSVOL.a	321	MFSFlush	label
00403f42	mvMpOut	exact	OS/HFS/MFSVOL.a	359	mvMpOut	move.w
00403f62	mpTblOut	exact	OS/HFS/MFSVOL.a	378	mpTblOut	label
00403f70	MFSFlCaches	exact	OS/HFS/MFSVOL.a	385	MFSFlCaches	label
00403f76	MFSFlDone	exact	OS/HFS/MFSVOL.a	389	MFSFlDone	label
00403f8e	MFSFlOK	exact	OS/HFS/MFSVOL.a	405	MFSFlOK	moveq
00403f90	MFSFlExit	exact	OS/HFS/MFSVOL.a	406	MFSFlExit	movem.l
00403fc6	RetMFSVolInfo	exact	OS/HFS/MFSVOL.a	468	RetMFSVolInfo	label
00403fee	GMVIDone	exact	OS/HFS/MFSVOL.a	486	GMVIDone	bra
00403ff2	Gt1stFCB	exact	Make/VectorTable.a	1348	GT1STFCB	vindirect
00403ff2	Gt1stFCB	exact	OS/HFS/FileMgrPatches.a	316	GT1STFCB	rombind
00403ff2	Gt1stFCB	exact	OS/HFS/TFSDIR1.a	200	Gt1stFCB	move.l
00403ffa	GtNxtFCB	exact	Make/VectorTable.a	1349	GTNXTFCB	vindirect
00403ffa	GtNxtFCB	exact	OS/HFS/FileMgrPatches.a	317	GTNXTFCB	rombind
00403ffa	GtNxtFCB	exact	OS/HFS/TFSDIR1.a	204	GtNxtFCB	add.w
00404002	Gt1stMatch	exact	Make/VectorTable.a	1350	GT1STMATCH	vindirect
00404002	Gt1stMatch	exact	OS/HFS/TFSDIR1.a	208	Gt1stMatch	bsr.s
00404004	GNMLoop	exact	OS/HFS/Extensions/BTreeMgr/BTreeFuncs.a	512	GNMLoop	cmp.w
00404004	GNMLoop	exact	OS/HFS/TFSDIR1.a	209	GNMLoop	cmp.l
00404010	GtNxtMatch	exact	Make/VectorTable.a	1351	GTNXTMATCH	vindirect
00404010	GtNxtMatch	exact	OS/HFS/Extensions/BTreeMgr/BTreeFuncs.a	524	GtNxtMatch	add.w
00404010	GtNxtMatch	exact	OS/HFS/TFSDIR1.a	213	GtNxtMatch	bsr.s
00404018	GNMRTS	exact	OS/HFS/TFSDIR1.a	216	GNMRTS	rts
0040401a	OpenRF	exact	Libs/InterfaceSrcs/FILES.a	255	openrf	func
0040401a	OpenRF	exact	Libs/InterfaceSrcs/OSTraps.a	1667	OpenRF	func
0040401a	OpenRF	exact	Libs/InterfaceSrcs/PrGlue.a	548	OpenRF	label
0040401a	OpenRF	exact	Make/VectorTable.a	5863	openrf	vnovector
0040401a	OpenRF	exact	ProcessMgr/Data.a	106	OPENRF	ds
0040401a	OpenRF	trap_suffix	Make/VectorTable.a	1353	OPENRFTRAP	vatrap
0040401a	OpenRF	trap_suffix	OS/HFS/TFSDIR1.a	253	OpenRFTrap	label
00404024	FileOpen	exact	Make/VectorTable.a	1354	FILEOPEN	vdirect
00404024	FileOpen	exact	OS/HFS/TFSDIR1.a	334	FileOpen	label
0040402a	vFileOpen	exact	Make/VectorTable.a	1355	VFILEOPEN	vatrap
0040402a	vFileOpen	exact	OS/HFS/TFSDIR1.a	337	vFileOpen	label
00404032	FOpen1	exact	OS/HFS/FileMgrPatches.a	396	FOpen1	rombind
00404032	FOpen1	exact	OS/HFS/TFSDIR1.a	342	FOpen1	label
00404040	OpnErrExit	exact	OS/HFS/TFSDIR1.a	357	OpnErrExit	clr.w
00404044	OpnExit	exact	OS/HFS/TFSDIR1.a	358	OpnExit	bra
00404048	ChkVol	exact	OS/HFS/TFSDIR1.a	362	ChkVol	move.w
0040410e	SetupFCB	exact	OS/HFS/TFSDIR1.a	497	SetupFCB	move.l
0040416c	PermssnChk	exact	OS/HFS/TFSDIR1.a	573	PermssnChk	label
00404172	vPermssnChk	exact	Make/VectorTable.a	1356	VPERMSSNCHK	vdirect
00404172	vPermssnChk	exact	OS/HFS/TFSDIR1.a	576	vPermssnChk	label
0040419c	okToRead	exact	OS/HFS/TFSDIR1.a	601	okToRead	bclr
004041a2	pcheckRTS	exact	OS/HFS/TFSDIR1.a	603	pcheckRTS	rts
004041a4	FCBScan	exact	OS/HFS/TFSDIR1.a	605	FCBScan	bsr
004041d2	FCBScnOK	exact	OS/HFS/TFSDIR1.a	625	FCBScnOK	moveq
004041d4	FCBScnExit	exact	OS/HFS/TFSDIR1.a	626	FCBScnExit	rts
004041d6	CreateDir	exact	Make/VectorTable.a	1357	CREATEDIR	vindirect
004041d6	CreateDir	exact	OS/HFS/TFSDIR1.a	651	CreateDir	label
004041e2	FileCreate	exact	Make/VectorTable.a	1358	FILECREATE	vatrap
004041e2	FileCreate	exact	OS/HFS/TFSDIR1.a	656	FileCreate	label
004041ec	CreateCN	exact	OS/HFS/TFSDIR1.a	660	CreateCN	bsr
00404226	CrFile	exact	OS/HFS/TFSDIR1.a	688	CrFile	move.l
00404254	CrExit	exact	OS/HFS/TFSDIR1.a	711	CrExit	bra
00404258	PushCName	exact	Make/VectorTable.a	1359	PUSHCNAME	vindirect
00404258	PushCName	exact	OS/HFS/FileMgrPatches.a	309	PUSHCNAME	rombind
00404258	PushCName	exact	OS/HFS/TFSDIR1.a	734	PushCName	movem.l
00404288	PopCName	exact	Make/VectorTable.a	1360	POPCNAME	vindirect
00404288	PopCName	exact	OS/HFS/FileMgrPatches.a	308	POPCNAME	rombind
00404288	PopCName	exact	OS/HFS/TFSDIR1.a	781	PopCName	tst.w
00404294	MFSOpen	exact	OS/HFS/MFSDIR1.a	60	MFSOpen	move.l
004042de	MFSCreate	exact	OS/HFS/MFSDIR1.a	122	MFSCreate	tst.w
00404340	MFSCtlFlush	exact	OS/HFS/MFSDIR1.a	174	MFSCtlFlush	label
0040438a	GtNxEntry	exact	OS/HFS/MFSDIR1.a	247	GtNxEntry	moveq
004043a0	Gt1stWDCB	exact	OS/HFS/TFSDIR2.a	92	Gt1stWDCB	move.l
004043a8	GtNxtWDCB	exact	OS/HFS/TFSDIR2.a	96	GtNxtWDCB	add.w
0040440c	Delete	exact	QuickDraw/Classic/SortPoints.m.a	171	DELETE	add
0040440c	Delete	exact	QuickDraw/SortPoints.a	171	DELETE	add
00404482	Rename	exact	Libs/InterfaceSrcs/OSTraps.a	1690	Rename	func
00404482	Rename	exact	Make/VectorTable.a	5882	rename	vnovector
00404482	Rename	trap_suffix	Make/VectorTable.a	1362	RENAMETRAP	vatrap
00404482	Rename	trap_suffix	OS/HFS/TFSDIR2.a	333	ReNameTrap	label
004044b0	BadNewNam	exact	OS/HFS/FileMgrPatches.a	1107	BadNewNam	label
004044b0	BadNewNam	exact	OS/HFS/TFSDIR2.a	354	BadNewNam	moveq
004044b2	RNmExit	exact	OS/HFS/TFSDIR2.a	355	RNmExit	cmp.w
004044be	NmOK	exact	OS/HFS/TFSDIR2.a	360	NmOK	bsr
004045e8	RNmEx1	exact	OS/HFS/TFSDIR2.a	506	RNmEx1	bra
004045ec	RNmVol	exact	OS/HFS/FileMgrPatches.a	1080	RNmVol	label
004045ec	RNmVol	exact	OS/HFS/TFSDIR2.a	510	RNmVol	cmp.w
004045f8	RNmVol1	exact	OS/HFS/FileMgrPatches.a	366	RNmVol1	rombind
004045f8	RNmVol1	exact	OS/HFS/FileMgrPatches.a	1085	RNmVol1	label
004045f8	RNmVol1	exact	OS/HFS/TFSDIR2.a	515	RNmVol1	cmp.w
004047a2	MFSRename	exact	OS/HFS/MFSDIR2.a	178	MFSReName	label
00404852	SetFilType	exact	Make/VectorTable.a	1364	SETFILTYPE	vatrap
00404852	SetFilType	exact	OS/HFS/TFSDIR3.a	108	SetFilType	label
0040488a	SetFilLock	exact	Make/VectorTable.a	1365	SETFILLOCK	vatrap
0040488a	SetFilLock	exact	OS/HFS/FileMgrPatches.a	771	SetFilLock	proc
0040488a	SetFilLock	exact	OS/HFS/TFSDIR3.a	160	SetFilLock	label
00404894	RstFilLock	exact	Make/VectorTable.a	1366	RSTFILLOCK	vatrap
00404894	RstFilLock	exact	OS/HFS/FileMgrPatches.a	778	RstFilLock	label
00404894	RstFilLock	exact	OS/HFS/TFSDIR3.a	165	RstFilLock	label
0040489c	SRFLck	exact	OS/HFS/FileMgrPatches.a	782	SRFLck	jsrrom
0040489c	SRFLck	exact	OS/HFS/TFSDIR3.a	169	SRFLck	bsr
004048c8	SRFLXit1	exact	OS/HFS/FileMgrPatches.a	802	SRFLXit1	move.l
004048c8	SRFLXit1	exact	OS/HFS/TFSDIR3.a	189	SRFLXit1	move.l
004048d0	SRFLXit2	exact	OS/HFS/FileMgrPatches.a	806	SRFLXit2	moveq
004048d0	SRFLXit2	exact	OS/HFS/TFSDIR3.a	193	SRFLXit2	moveq
004048d2	SRFLXit3	exact	OS/HFS/FileMgrPatches.a	807	SRFLXit3	jmprom
004048d2	SRFLXit3	exact	OS/HFS/TFSDIR3.a	194	SRFLXit3	bra
004048d6	SetFileInfo	exact	Make/VectorTable.a	1367	SETFILEINFO	vatrap
004048d6	SetFileInfo	exact	OS/HFS/TFSDIR3.a	223	SetFileInfo	label
00404908	SetCatInfo	exact	Make/VectorTable.a	1368	SETCATINFO	vindirect
00404908	SetCatInfo	exact	OS/HFS/TFSDIR3.a	264	SetCatInfo	label
00404976	SetCatIExit	exact	OS/HFS/TFSDIR3.a	302	SetCatIExit	bra
0040497a	CkFilMod	exact	OS/HFS/TFSDIR3.a	307	CkFilMod	label
00404990	FndFilName	exact	Make/VectorTable.a	1369	FNDFILNAME	vdirect
00404990	FndFilName	exact	OS/HFS/FileMgrPatches.a	298	FNDFILNAME	rombind
00404990	FndFilName	exact	OS/HFS/TFSDIR3.a	370	FndFilName	label
00404996	vFndFilName	exact	Make/VectorTable.a	1370	VFNDFILNAME	vdirect
00404996	vFndFilName	exact	OS/HFS/TFSDIR3.a	373	vFndFilName	label
0040499c	FndFNRTS	exact	OS/HFS/TFSDIR3.a	377	FndFNRTS	rts
0040499e	FndWDChk	exact	OS/HFS/TFSDIR3.a	379	FndWDChk	moveq
004049ca	FndFN2	exact	OS/HFS/TFSDIR3.a	410	FndFN2	bsr
00404ab0	FNDFNErr	exact	OS/HFS/TFSDIR3.a	536	FNDFNErr	movem.l
00404aba	ExtOffLinCk	exact	Make/VectorTable.a	1371	EXTOFFLINCK	vindirect
00404aba	ExtOffLinCk	exact	OS/HFS/FileMgrPatches.a	296	EXTOFFLINCK	rombind
00404aba	ExtOffLinCk	exact	OS/HFS/TFSDIR3.a	543	ExtOffLinCk	bsr
00404ad0	GetCatInfo	exact	Make/VectorTable.a	1372	GETCATINFO	vindirect
00404ad0	GetCatInfo	exact	OS/HFS/TFSDIR3.a	587	GetCatInfo	label
00404ae2	GetFileInfo	exact	Make/VectorTable.a	1373	GETFILEINFO	vatrap
00404ae2	GetFileInfo	exact	OS/HFS/TFSDIR3.a	594	GetFileInfo	label
00404aec	FndCatEntry	exact	OS/HFS/TFSDIR3.a	598	FndCatEntry	move.w
00404b1c	GetDirInfo	exact	OS/HFS/TFSDIR3.a	616	GetDirInfo	moveq
00404b1e	GFIByIndx	exact	OS/HFS/TFSDIR3.a	618	GFIByIndx	bset
00404b6c	fakeRoot	exact	OS/HFS/TFSDIR3.a	653	fakeRoot	lea
00404bb8	GFIOK	exact	OS/HFS/TFSDIR3.a	677	GFIOK	moveq
00404bbe	retDirInfo	exact	OS/HFS/TFSDIR3.a	684	retDirInfo	label
00404c2a	LookupErr	exact	OS/HFS/TFSDIR3.a	731	LookupErr	movem.l
00404c34	GFInfErr	exact	OS/HFS/TFSDIR3.a	734	GFINFErr	moveq
00404c36	GFIExit	exact	OS/HFS/TFSDIR3.a	735	GFIExit	bra
00404c3a	GetCatOff	exact	OS/HFS/TFSDIR3.a	741	GetCatOff	movem.l
00404c4a	GotIndFile	exact	OS/HFS/TFSDIR3.a	765	GotIndFile	label
00404c68	XferFInfo	exact	OS/HFS/TFSDIR3.a	782	XferFInfo	label
00404c8c	CkFilStatus	exact	OS/HFS/TFSDIR3.a	800	CkFilStatus	andi.b
00404ce0	XferCInfo	exact	OS/HFS/TFSDIR3.a	836	XferCInfo	lea
00404d66	SetMFlType	exact	OS/HFS/MFSDIR3.a	69	SetMFlType	move.b
00404d6e	ChgMFlLock	exact	OS/HFS/MFSDIR3.a	98	ChgMFlLock	tst.b
00404d82	SRMFXit1	exact	OS/HFS/MFSDIR3.a	107	SRMFXit1	move.l
00404d8c	SRMFXit2	exact	OS/HFS/MFSDIR3.a	110	SRMFXit2	moveq
00404d92	SetMFlInfo	exact	OS/HFS/MFSDIR3.a	139	SetMFlInfo	label
00404dac	FndMFSFile	exact	OS/HFS/MFSDIR3.a	190	FndMFSFile	move.l
00404dc0	mfFNLoop	exact	OS/HFS/MFSDIR3.a	200	mfFNLoop	beq.s
00404dc8	MFNFound	exact	OS/HFS/MFSDIR3.a	203	mfNFound	moveq
00404dcc	scn4MNam	exact	OS/HFS/MFSDIR3.a	208	scn4MNam	moveq
00404e0e	mfFNExit	exact	OS/HFS/MFSDIR3.a	241	mfFNExit	jmp
00404e10	GtMFlIBI	exact	OS/HFS/MFSDIR3.a	273	GtMFlIBI	cmp.w
00404e5e	GMFINFErr	exact	OS/HFS/MFSDIR3.a	318	GMFINFErr	moveq
00404e64	GotMIndFile	exact	OS/HFS/MFSDIR3.a	321	GotMIndFile	lea
00404e7c	GetMFlInfo	exact	OS/HFS/MFSDIR3.a	338	GetMFlInfo	label
00404e7c	XferMFInfo	exact	OS/HFS/MFSDIR3.a	340	XferMFInfo	label
00404eb8	TFSBitTst	exact	OS/HFS/TFSRFN1.a	96	TFSBitTst	btst
00404ec2	TFSVolTst	exact	OS/HFS/TFSRFN1.a	98	TFSVolTst	movea.l
00404ec6	TFSVCBTst	exact	Make/VectorTable.a	1374	TFSVCBTST	vindirect
00404ec6	TFSVCBTst	exact	OS/HFS/Cache/DiskCache.a	1398	TFSVCBTst	label
00404ec6	TFSVCBTst	exact	OS/HFS/FileMgrPatches.a	311	TFSVCBTST	rombind
00404ec6	TFSVCBTst	exact	OS/HFS/TFSRFN1.a	99	TFSVCBTst	cmpi.w
00404ece	Seek	exact	Drivers/Sony/SonyPatches.a	84	Seek	rombind
00404ece	Seek	exact	Drivers/Sony/SonyUtil.a	328	Seek	bclr
00404ece	Seek	exact	OS/HFS/TFSRFN1.a	151	Seek	label
00404ef2	PM3	exact	OS/HFS/TFSRFN1.a	172	PM3	add.l
00404ef6	PM01	exact	OS/HFS/TFSRFN1.a	175	PM01	bpl.s
00404efa	SkExit	exact	OS/HFS/TFSRFN1.a	181	SkExit	bpl.s
00404f0e	SkExitRTS	exact	OS/HFS/TFSRFN1.a	193	SkExitRTS	rts
00404f10	GetFPos	exact	Libs/InterfaceSrcs/OSTraps.a	1835	GetFPos	func
00404f10	GetFPos	trap_suffix	Make/VectorTable.a	1375	GETFPOSTRAP	vatrap
00404f10	GetFPos	trap_suffix	OS/HFS/TFSRFN1.a	213	GetFPosTrap	label
00404f14	SetFPos	exact	Libs/InterfaceSrcs/OSTraps.a	1854	SetFPos	func
00404f14	SetFPos	exact	Make/VectorTable.a	5449	SETFPOS	vnovector
00404f14	SetFPos	trap_suffix	Make/VectorTable.a	1376	SETFPOSTRAP	vatrap
00404f14	SetFPos	trap_suffix	OS/HFS/TFSRFN1.a	236	SetFPosTrap	label
00404f14	SetFPosTrap	exact	Make/VectorTable.a	1376	SETFPOSTRAP	vatrap
00404f14	SetFPosTrap	exact	OS/HFS/TFSRFN1.a	236	SetFPosTrap	label
00404f18	FileRead	exact	Make/VectorTable.a	1377	FILEREAD	vdirect
00404f18	FileRead	exact	OS/HFS/TFSRFN1.a	269	FileRead	label
00404f62	RdPart	exact	OS/HFS/TFSRFN1.a	315	RdPart	bsr
00404f76	RdMain	exact	OS/HFS/TFSRFN1.a	327	RdMain	move.l
00404f8e	FRdOK	exact	OS/HFS/TFSRFN1.a	342	FRdOK	moveq
00404f90	FRdExit	exact	OS/HFS/TFSRFN1.a	343	FRdExit	tst.w
00404f9e	FRdEOFXit	exact	OS/HFS/TFSRFN1.a	349	FRdEOFXit	moveq
00404fa0	FRdExit0	exact	OS/HFS/TFSRFN1.a	351	FRdExit0	move.l
00404fa8	FRdExit1	exact	OS/HFS/TFSRFN1.a	353	FRdExit1	bsr.l
00404fac	FRNewLine	exact	OS/HFS/TFSRFN1.a	358	FRNewLine	bsr.s
00404fe4	PreRdFileBlk	exact	OS/HFS/TFSRFN1.a	413	PreRdFileBlk	label
00404fee	RdFileBlk	exact	OS/HFS/TFSRFN1.a	420	RdFileBlk	label
00404ffa	RdFileB1	exact	OS/HFS/TFSRFN1.a	426	RdFileB1	label
00405006	ReadBlock	exact	Make/VectorTable.a	1156	READBLOCK	vindirect
00405006	ReadBlock	exact	OS/HFS/Cache/DiskCache.a	1466	ReadBlock	label
00405006	ReadBlock	exact	OS/HFS/CacheIO.a	109	ReadBlock	label
00405006	ReadBlock	exact	OS/HFS/TFSRFN1.a	435	ReadBlock	label
0040502a	FileWrite	exact	Make/VectorTable.a	1379	FILEWRITE	vdirect
0040502a	FileWrite	exact	OS/HFS/TFSRFN1.a	472	FileWrite	label
0040506a	SameLen	exact	OS/HFS/TFSRFN1.a	526	SameLen	move.w
00405072	WrPart	exact	OS/HFS/TFSRFN1.a	532	WrPart	bsr
00405080	WrMain	exact	OS/HFS/TFSRFN1.a	543	WrMain	move.l
00405096	FWrOK	exact	OS/HFS/TFSRFN1.a	558	FWrOK	moveq
00405098	FWrExit	exact	OS/HFS/TFSRFN1.a	560	FWrExit	bsr
004050a0	FWrExit0	exact	OS/HFS/TFSRFN1.a	563	FWrExit0	move.l
004050a6	FWrExit1	exact	OS/HFS/TFSRFN1.a	564	FWrExit1	bra
004050aa	UpdteCntPos	exact	OS/HFS/TFSRFN1.a	566	UpdteCntPos	label
004050b4	DoPart	exact	OS/HFS/TFSRFN1.a	574	DoPart	label
004050fc	MFSRd1stDB	exact	OS/HFS/MFSRFN1.a	70	MFSRd1stDB	label
0040510c	MFSRdNxtDB	exact	OS/HFS/MFSRFN1.a	85	MFSRdNxtDB	label
0040511c	MFSDirRead	exact	OS/HFS/MFSRFN1.a	96	MFSDirRead	label
0040512a	MFSVolRead	exact	OS/HFS/MFSRFN1.a	105	MFSVolRead	label
00405130	MFSMapRead	exact	OS/HFS/MFSRFN1.a	112	MFSMapRead	label
00405136	MFSMapR1	exact	OS/HFS/MFSRFN1.a	115	MFSMapR1	label
0040513a	MFSMapR2	exact	OS/HFS/MFSRFN1.a	118	MFSMapR2	label
00405144	FlushFile	exact	Make/VectorTable.a	1381	FLUSHFILE	vatrap
00405144	FlushFile	exact	OS/HFS/TFSRFN2.a	129	FlushFile	bsr
0040514e	DoClosePop	exact	OS/HFS/TFSRFN2.a	225	DoClosePop	label
00405156	FlCls1	exact	OS/HFS/TFSRFN2.a	232	FlCls1	bsr
00405164	ClsExit	exact	OS/HFS/TFSRFN2.a	239	ClsExit	bra
00405168	FClose	exact	Make/VectorTable.a	1384	FCLOSE	vdirect
00405168	FClose	exact	Make/VectorTable.a	6056	fclose	vnovector
00405168	FClose	exact	OS/HFS/FileMgrPatches.a	388	FClose	rombind
00405168	FClose	exact	OS/HFS/TFSRFN2.a	292	FClose	label
00405192	ResetAEOF	exact	OS/HFS/TFSRFN2.a	323	ResetAEOF	label
004051ec	updFlCat	exact	OS/HFS/TFSRFN2.a	382	updFlCat	move.l
004052a8	FlFilBuf	exact	OS/HFS/TFSRFN2.a	461	FlFilBuf	moveq
004052aa	FlFilBErr	exact	OS/HFS/TFSRFN2.a	467	FlFilBErr	movem.l
004052d0	FlDone	exact	OS/HFS/TFSRFN2.a	484	FlDone	tst.b
004052e2	fClsDn	exact	OS/HFS/TFSRFN2.a	498	fClsDn	movem.l
004052ec	MFSClose	exact	OS/HFS/TFSRFN2.a	503	MFSClose	label
00405326	UpDatFlNtry	exact	OS/HFS/TFSRFN2.a	535	UpDatFlNtry	label
00405340	GetEOF	exact	Libs/InterfaceSrcs/OSTraps.a	1797	GetEOF	func
00405340	GetEOF	exact	Make/VectorTable.a	5016	GETEOF	vnovector
00405340	GetEOF	trap_suffix	Make/VectorTable.a	1386	GETEOFTRAP	vatrap
00405340	GetEOF	trap_suffix	OS/HFS/TFSRFN2.a	567	GetEOFTrap	label
00405352	RfNCall	exact	OS/HFS/TFSRFN2.a	604	RfNCall	label
00405358	vRfNCall	exact	Make/VectorTable.a	1387	VRFNCALL	vatrap
00405358	vRfNCall	exact	OS/HFS/TFSRFN2.a	607	vRfNCall	label
0040537a	CkFileRfn	exact	OS/HFS/TFSRFN2.a	627	CkFileRfn	label
0040539c	TstMod	exact	OS/HFS/TFSRFN2.a	664	TstMod	label
004053ae	TMExit	exact	OS/HFS/Extensions/BTreeMgr/BTreeFuncs.a	2073	tmExit	tst.w
004053ae	TMExit	exact	OS/HFS/TFSRFN2.a	678	TMExit	tst.w
004053b2	GetFCBInfo	exact	Make/VectorTable.a	1389	GETFCBINFO	vindirect
004053b2	GetFCBInfo	exact	OS/HFS/TFSRFN2.a	706	GetFCBInfo	label
0040548e	Allocate	exact	Libs/InterfaceSrcs/OSTraps.a	1778	Allocate	func
0040548e	Allocate	exact	QuickDraw/Patches/PaletteMgrPatch.a	1193	Allocate	proc
004054c0	SetEOF	exact	Libs/InterfaceSrcs/OSTraps.a	1816	SetEOF	func
004054c0	SetEOF	trap_suffix	Make/VectorTable.a	1393	SETEOFTRAP	vatrap
004054c0	SetEOF	trap_suffix	OS/HFS/TFSRFN2.a	985	SetEOFTrap	label
00405530	AdjEOF	exact	OS/HFS/FileMgrHooks.a	1415	AdjEOF	label
00405530	AdjEOF	exact	OS/HFS/FileMgrPatches.a	3845	AdjEOF	label
00405530	AdjEOF	exact	OS/HFS/TFSRFN2.a	1081	AdjEOF	label
00405536	vAdjEOF	exact	Make/VectorTable.a	1394	VADJEOF	vdirect
00405536	vAdjEOF	exact	OS/HFS/TFSRFN2.a	1084	vAdjEOF	label
004055be	Alloc	exact	OS/HFS/TFSRFN3.a	82	Alloc	bsr
004055be	Alloc	exact	QuickDraw/Classic/RgnOp.m.a	137	ALLOC	sub
004055be	Alloc	exact	QuickDraw/Patches/QuickDrawPatches.a	325	ALLOC	sub
004055be	Alloc	exact	QuickDraw/RgnOp.a	151	ALLOC	sub
004055e0	Lg2Phys	exact	Make/VectorTable.a	1324	LG2PHYS	vindirect
004055e0	Lg2Phys	exact	OS/HFS/Cache/DiskCache.a	1407	Lg2Phys	label
004055e0	Lg2Phys	exact	OS/HFS/MFSRFN3.a	58	Lg2Phys	label
004055e6	vLg2Phys	exact	Make/VectorTable.a	1325	VLG2PHYS	vatrap
004055e6	vLg2Phys	exact	OS/HFS/MFSRFN3.a	65	vLg2Phys	label
00405628	L2PPrt2	exact	OS/HFS/MFSRFN3.a	115	L2PPrt2	move.w
0040566e	GtNxBlk	exact	OS/HFS/MFSRFN3.a	179	GtNxBlk	movem.l
0040569a	MFSAlloc	exact	OS/HFS/MFSRFN3.a	226	MFSAlloc	label
0040569c	AllocSt	exact	OS/HFS/MFSRFN3.a	229	AllocSt	movem.l
004056b6	AllocXit	exact	OS/HFS/MFSRFN3.a	243	AllocXit	movem.l
004056bc	FigEndBlk	exact	OS/HFS/MFSRFN3.a	248	FigEndBlk	move.l
0040571c	GetFreeBk	exact	OS/HFS/MFSRFN3.a	310	GetFreeBk	movem.l
00405742	Scan4Free	exact	OS/HFS/MFSRFN3.a	333	Scan4Free	move.b
0040576c	NotFree	exact	OS/HFS/MFSRFN3.a	358	NotFree	addq.w
00405772	NF1	exact	OS/HFS/MFSRFN3.a	362	NF1	cmp.w
00405776	GtFreeXit	exact	OS/HFS/MFSRFN3.a	365	GtFreeXit	move.w
0040577e	SubMrk	exact	OS/HFS/MFSRFN3.a	388	SubMrk	label
004057b6	DAlBlks	exact	OS/HFS/MFSRFN3.a	439	DAlBlks	label
004057d4	DAlDone	exact	OS/HFS/MFSRFN3.a	456	DAlDone	rts
004057d6	BlkAlloc	exact	Make/VectorTable.a	1427	BLKALLOC	vdirect
004057d6	BlkAlloc	exact	OS/HFS/VSM.a	82	BlkAlloc	label
004057dc	vBlkAlloc	exact	Make/VectorTable.a	1428	VBLKALLOC	vatrap
004057dc	vBlkAlloc	exact	OS/HFS/VSM.a	85	vBlkAlloc	label
00405804	blkLoop	exact	OS/HFS/VSM.a	103	blkLoop	label
0040583a	bkAlFree	exact	OS/HFS/VSM.a	136	bkAlFree	label
004058ba	bkAllocDoIt	exact	OS/HFS/VSM.a	195	bkAllocDoIt	label
00405900	BkAllocOK	exact	OS/HFS/VSM.a	229	BkAllocOK	label
00405922	bkAllocExit	exact	OS/HFS/VSM.a	268	BkAllocExit	label
0040592c	bkAllocFull	exact	OS/HFS/VSM.a	274	bkAllocFull	label
00405932	BlkDeAlloc	exact	Make/VectorTable.a	1429	BLKDEALLOC	vdirect
00405932	BlkDeAlloc	exact	OS/HFS/VSM.a	311	BlkDeAlloc	label
00405938	vBlkDeAlloc	exact	Make/VectorTable.a	1430	VBLKDEALLOC	vdirect
00405938	vBlkDeAlloc	exact	OS/HFS/VSM.a	314	vBlkDeAlloc	label
00405978	BlkChk	exact	Make/VectorTable.a	1431	BLKCHK	vindirect
00405978	BlkChk	exact	OS/HFS/VSM.a	383	BlkChk	move.l
004059d2	UpdateFree	exact	Make/VectorTable.a	1432	UPDATEFREE	vindirect
004059d2	UpdateFree	exact	OS/HFS/VSM.a	450	UpdateFree	label
00405a04	ReadBM	exact	OS/HFS/VSM.a	503	ReadBM	label
00405a34	NextBit	exact	OS/HFS/VSM.a	551	NextBit	move.l
00405a3e	NxtBitRTS	exact	OS/HFS/VSM.a	556	NxtBitRTS	move.l
00405a42	FrBitScan	exact	OS/HFS/VSM.a	561	FrBitScan	move.l
00405a5c	NextWord	exact	OS/ADBMgr/ADBMgr.a	1370	NextWord	label
00405a5c	NextWord	exact	OS/HFS/VSM.a	603	NextWord	label
00405a5c	NextWord	exact	OS/Keyboard/KbdInstall.a	347	NextWord	label
00405a5c	NextWord	exact	Patches/PatchSEROM.a	787	NextWord	label
00405a82	GetBMBlk	exact	OS/HFS/VSM.a	648	GetBMBlk	label
00405aa8	DeallocFile	exact	Make/VectorTable.a	1305	DEALLOCFILE	vdirect
00405aa8	DeallocFile	exact	OS/HFS/FXM.a	135	DeallocFile	label
00405aae	vDeallocFile	exact	Make/VectorTable.a	1306	VDEALLOCFILE	vatrap
00405aae	vDeallocFile	exact	OS/HFS/FXM.a	138	vDeallocFile	label
00405abe	DFFkLoop	exact	OS/HFS/FXM.a	151	DFFkLoop	label
00405af6	DFRecLoop	exact	OS/HFS/FXM.a	177	DFRecLoop	label
00405b1e	DFCopyRec	exact	OS/HFS/FXM.a	197	DFCopyRec	label
00405b30	DFRelExt	exact	OS/HFS/FXM.a	207	DFRelExt	label
00405b4a	DFDelRec	exact	OS/HFS/FXM.a	223	DFDelRec	label
00405b62	DFNxtFork	exact	OS/HFS/FXM.a	237	DFNxtFork	label
00405b6e	DFExit1	exact	OS/HFS/FXM.a	246	DFExit1	label
00405b7c	ExtendFile	exact	Make/VectorTable.a	1307	EXTENDFILE	vdirect
00405b7c	ExtendFile	exact	OS/HFS/FXM.a	279	ExtendFile	label
00405b82	vExtendFile	exact	Make/VectorTable.a	1308	VEXTENDFILE	vdirect
00405b82	vExtendFile	exact	OS/HFS/FXM.a	282	vExtendFile	label
00405bec	EFAddSpace	exact	OS/HFS/FXM.a	347	EFAddSpace	label
00405c1c	EFExtExt	exact	OS/HFS/FXM.a	367	EFExtExt	label
00405c26	EFAddExt	exact	OS/HFS/FXM.a	375	EFAddExt	label
00405c3c	EFUpdExt	exact	OS/HFS/FXM.a	387	EFUpdExt	label
00405c4a	EFNewRec	exact	OS/HFS/FXM.a	396	EFNewRec	label
00405ca8	EFUpdFCB	exact	OS/HFS/FXM.a	432	EFUpdFCB	label
00405cc2	EFExit	exact	OS/HFS/BTALLOC.a	366	EFExit	label
00405cc2	EFExit	exact	OS/HFS/Extensions/BTreeMgr/BTreeAlloc.a	384	EFExit	label
00405cc2	EFExit	exact	OS/HFS/FXM.a	446	EFExit	label
00405cc8	EFExit1	exact	OS/HFS/BTALLOC.a	371	EFExit1	label
00405cc8	EFExit1	exact	OS/HFS/Extensions/BTreeMgr/BTreeAlloc.a	395	EFExit1	label
00405cc8	EFExit1	exact	OS/HFS/FXM.a	449	EFExit1	label
00405cde	FXMKeyCmp	exact	Make/VectorTable.a	1309	FXMKEYCMP	vindirect
00405cde	FXMKeyCmp	exact	OS/HFS/FXM.a	478	FXMKeyCmp	label
00405d0a	KCIsLT	exact	OS/HFS/CMMAINT.a	199	KCIsLT	label
00405d0a	KCIsLT	exact	OS/HFS/FXM.a	502	KCIsLT	label
00405d10	KCIsGT	exact	OS/HFS/CMMAINT.a	205	KCIsGT	label
00405d10	KCIsGT	exact	OS/HFS/FXM.a	505	KCIsGT	label
00405d14	KCExit	exact	OS/HFS/CMMAINT.a	207	KCExit	label
00405d14	KCExit	exact	OS/HFS/FXM.a	507	KCExit	label
00405d1c	MapFBlock	exact	Make/VectorTable.a	1310	MAPFBLOCK	vdirect
00405d1c	MapFBlock	exact	OS/HFS/FXM.a	535	MapFBlock	label
00405d88	mFBlockOK	exact	OS/HFS/FXM.a	602	mFBlockOK	moveq
00405d88	mFBlockOK	exact	Patches/PatchIIROM.a	5778	mFBlockOK	moveq
00405d88	mFBlockOK	exact	Patches/PatchSEROM.a	4525	mFBlockOK	moveq
00405d8a	MFExit	exact	OS/HFS/FXM.a	606	MFExit	label
00405d8a	MFExit	exact	Patches/PatchIIROM.a	5782	MFExit	label
00405d8a	MFExit	exact	Patches/PatchSEROM.a	4529	MFExit	label
00405d98	TruncateFile	exact	Make/VectorTable.a	1312	TRUNCATEFILE	vdirect
00405d98	TruncateFile	exact	OS/HFS/FXM.a	640	TruncateFile	label
00405d9e	vTruncateFile	exact	Make/VectorTable.a	1313	VTRUNCATEFILE	vatrap
00405d9e	vTruncateFile	exact	OS/HFS/FXM.a	643	vTruncateFile	label
00405e04	TFTrunPEOF	exact	OS/HFS/FXM.a	693	TFTrunPEOF	label
00405e36	TFLoop	exact	OS/HFS/FXM.a	715	TFLoop	label
00405e74	TFRelExt	exact	OS/HFS/FXM.a	743	TFRelExt	label
00405e76	TFRelNxt	exact	OS/HFS/FXM.a	745	TFRelNxt	label
00405e8c	TFRelRExt	exact	OS/HFS/FXM.a	755	TFRelRExt	label
00405e94	TFUpdRec	exact	OS/HFS/FXM.a	762	TFUpdRec	label
00405eb4	TFExit	exact	OS/HFS/FXM.a	781	TFExit	label
00405eb8	TFExit1	exact	OS/HFS/FXM.a	784	TFExit1	label
00405ec6	FXSetUp	exact	OS/HFS/FXM.a	815	FXSetUp	label
00405ed0	XFFlush	exact	Make/VectorTable.a	1314	XFFLUSH	vindirect
00405ed0	XFFlush	exact	OS/HFS/FXM.a	841	XFFlush	label
00405ed0	XFFlush	exact	OS/HFS/FileMgrPatches.a	315	XFFLUSH	rombind
00405ef8	FFExit	exact	OS/HFS/Cache/DiskCache.a	1635	ffExit	label
00405ef8	FFExit	exact	OS/HFS/FXM.a	859	FFExit	label
00405efa	FFExit1	exact	OS/HFS/FXM.a	861	FFExit1	label
00405f04	XFSearch	exact	OS/HFS/FXM.a	897	XFSearch	label
00405f8e	FSMissed	exact	OS/HFS/FXM.a	962	FSMissed	label
00405f9e	FSCopyRec	exact	OS/HFS/FXM.a	972	FSCopyRec	label
00405fce	FSExit	exact	OS/HFS/FXM.a	999	FSExit	label
00405fd0	FSExit1	exact	OS/HFS/FXM.a	1001	FSExit1	label
00405fda	XRSearch	exact	OS/HFS/FXM.a	1031	XRSearch	label
00405ffe	RSExit	exact	OS/HFS/FXM.a	1051	RSExit	label
00406000	RSExit1	exact	OS/HFS/FXM.a	1053	RSExit1	label
00406006	XRUpdate	exact	OS/HFS/FXM.a	1084	XRUpdate	label
00406018	RUUpdFile	exact	OS/HFS/FXM.a	1093	RUUpdFile	label
00406038	RUExit	exact	OS/HFS/FXM.a	1106	RUExit	label
0040603a	RUExit1	exact	OS/HFS/FXM.a	1108	RUExit1	label
00406044	CMCreateCN	exact	Make/VectorTable.a	1166	CMCREATECN	vindirect
00406044	CMCreateCN	exact	OS/HFS/CMSVCS.a	127	CMCreateCN	label
004060be	CCAddRec	exact	OS/HFS/CMSVCS.a	187	CCAddRec	label
004060da	CCBldThd	exact	OS/HFS/CMSVCS.a	200	CCBldThd	label
00406144	CCUpdPar	exact	OS/HFS/CMSVCS.a	252	CCUpdPar	label
0040617c	CCExit1	exact	OS/HFS/CMSVCS.a	281	CCExit1	label
0040618a	CMDeleteCN	exact	Make/VectorTable.a	1167	CMDELETECN	vindirect
0040618a	CMDeleteCN	exact	OS/HFS/CMSVCS.a	317	CMDeleteCN	label
004061ce	DCDelete	exact	OS/HFS/CMSVCS.a	362	DCDelete	label
004061ce	DCDelete	exact	OS/HFS/Extensions/CMSvcsExtras.a	117	DCDelete	label
004061f6	DCUpdPar	exact	OS/HFS/CMSVCS.a	387	DCUpdPar	label
004061f6	DCUpdPar	exact	OS/HFS/Extensions/CMSvcsExtras.a	142	DCUpdPar	label
0040622a	DCExit1	exact	OS/HFS/CMSVCS.a	414	DCExit1	label
0040622a	DCExit1	exact	OS/HFS/Extensions/CMSvcsExtras.a	169	DCExit1	label
00406238	CMGetCN	exact	Make/VectorTable.a	1168	CMGETCN	vindirect
00406238	CMGetCN	exact	OS/HFS/CMSVCS.a	446	CMGetCN	label
00406238	CMGetCN	exact	OS/HFS/FileMgrPatches.a	290	CMGETCN	rombind
00406258	CMGetOff	exact	Make/VectorTable.a	1169	CMGETOFF	vindirect
00406258	CMGetOff	exact	OS/HFS/CMSVCS.a	496	CMGetOff	label
00406286	GOGetOff	exact	OS/HFS/CMSVCS.a	524	GOGetOff	label
004062ae	GOExit	exact	OS/HFS/CMSVCS.a	543	GOExit	label
004062bc	CMMoveCN	exact	Make/VectorTable.a	1170	CMMOVECN	vindirect
004062bc	CMMoveCN	exact	OS/HFS/CMSVCS.a	576	CMMoveCN	label
00406454	MCExit1	exact	OS/HFS/CMSVCS.a	789	MCExit1	label
00406454	MCExit1	exact	OS/HFS/Extensions/CMSvcsExtras.a	415	MCExit1	label
00406462	CMRenameCN	exact	Make/VectorTable.a	1171	CMRENAMECN	vindirect
00406462	CMRenameCN	exact	OS/HFS/CMSVCS.a	820	CMRenameCN	label
00406462	CMRenameCN	exact	OS/HFS/FileMgrPatches.a	363	CMRenameCN	rombind
004064f4	RCReplace	exact	OS/HFS/CMSVCS.a	904	RCReplace	label
004064f4	RCReplace	exact	OS/HFS/Extensions/CMSvcsExtras.a	535	RCReplace	label
0040650a	RCDelOld	exact	OS/HFS/CMSVCS.a	916	RCDelOld	label
0040650a	RCDelOld	exact	OS/HFS/Extensions/CMSvcsExtras.a	547	RCDelOld	label
00406528	RCUpdThd	exact	OS/HFS/CMSVCS.a	933	RCUpdThd	label
00406528	RCUpdThd	exact	OS/HFS/Extensions/CMSvcsExtras.a	564	RCUpdThd	label
00406552	RCUpdDThd	exact	OS/HFS/CMSVCS.a	942	RCUpdDThd	move.l
00406552	RCUpdDThd	exact	OS/HFS/Extensions/CMSvcsExtras.a	573	RCUpdDThd	move.l
0040655e	RCExit1	exact	OS/HFS/CMSVCS.a	962	RCExit1	label
0040655e	RCExit1	exact	OS/HFS/Extensions/CMSvcsExtras.a	593	RCExit1	label
0040656c	CMUpdateCN	exact	Make/VectorTable.a	1172	CMUPDATECN	vindirect
0040656c	CMUpdateCN	exact	OS/HFS/CMSVCS.a	989	CMUpdateCN	label
0040658a	UCExit	exact	OS/HFS/CMSVCS.a	1002	UCExit	label
00406592	UCExit1	exact	OS/HFS/CMSVCS.a	1005	UCExit1	label
004065a0	CMSetUp	exact	Make/VectorTable.a	1173	CMSETUP	vdirect
004065a0	CMSetUp	exact	OS/HFS/CMSVCS.a	1035	CMSetUp	label
004065a0	CMSetUp	exact	OS/HFS/FileMgrPatches.a	291	CMSETUP	rombind
004065a6	vCMSetUp	exact	Make/VectorTable.a	1174	VCMSETUP	vatrap
004065a6	vCMSetUp	exact	OS/HFS/CMSVCS.a	1038	vCMSetUp	label
004065ae	UpdVCnts	exact	OS/HFS/CMSVCS.a	1063	UpdVCnts	label
004065be	UpdRtCnts	exact	OS/HFS/CMSVCS.a	1070	UpdRtCnts	label
004065d8	BuildKey	exact	Make/VectorTable.a	1125	BUILDKEY	vindirect
004065d8	BuildKey	exact	OS/HFS/CMMAINT.a	88	BuildKey	label
004065d8	BuildKey	exact	OS/HFS/FileMgrPatches.a	277	BUILDKEY	rombind
00406600	BKExit	exact	OS/HFS/CMMAINT.a	106	BKExit	label
00406606	CMFlush	exact	Make/VectorTable.a	1126	CMFLUSH	vindirect
00406606	CMFlush	exact	OS/HFS/CMMAINT.a	127	CMFlush	label
00406606	CMFlush	exact	OS/HFS/FileMgrPatches.a	289	CMFLUSH	rombind
0040662e	CFExit	exact	OS/HFS/CMMAINT.a	144	CFExit	label
00406630	CFExit1	exact	OS/HFS/CMMAINT.a	146	CFExit1	label
0040663a	CMKeyCmp	exact	Make/VectorTable.a	1127	CMKEYCMP	vnovector
0040663a	CMKeyCmp	exact	OS/HFS/CMMAINT.a	173	CMKeyCmp	label
00406670	KCExit	exact	OS/HFS/CMMAINT.a	207	KCExit	label
00406670	KCExit	exact	OS/HFS/FXM.a	507	KCExit	label
00406678	LocCNode	exact	Make/VectorTable.a	1128	LOCCNODE	vindirect
00406678	LocCNode	exact	OS/HFS/CMMAINT.a	242	LocCNode	label
00406698	LocCRec	exact	Make/VectorTable.a	1129	LOCCREC	vdirect
00406698	LocCRec	exact	OS/HFS/CMMAINT.a	296	LocCRec	label
00406698	LocCRec	exact	OS/HFS/FileMgrPatches.a	304	LOCCREC	rombind
004066c2	UpdCName	exact	Make/VectorTable.a	1131	UPDCNAME	vindirect
004066c2	UpdCName	exact	OS/HFS/CMMAINT.a	346	UpdCName	label
004066c2	UpdCName	exact	OS/HFS/FileMgrPatches.a	312	UPDCNAME	rombind
004066dc	BTClose	exact	Make/VectorTable.a	1108	BTCLOSE	vdirect
004066dc	BTClose	exact	OS/HFS/BTSVCS.a	143	BTClose	label
004066dc	BTClose	exact	OS/HFS/Extensions/BTreeMgr/BTreeGlue.a	32	BTClose	moveq
004066dc	BTClose	exact	Patches/PatchPlusROM.a	2739	BTClose	pea
004066e2	vBTClose	exact	Make/VectorTable.a	1109	VBTCLOSE	vatrap
004066e2	vBTClose	exact	OS/HFS/BTSVCS.a	146	vBTClose	label
0040671c	BTDelete	exact	Make/VectorTable.a	1110	BTDELETE	vdirect
0040671c	BTDelete	exact	OS/HFS/BTSVCS.a	200	BTDelete	label
0040671c	BTDelete	exact	OS/HFS/Extensions/BTreeMgr/BTreeGlue.a	50	BTDelete	moveq
0040671c	BTDelete	exact	OS/HFS/FileMgrPatches.a	278	BTDELETE	rombind
00406722	vBTDelete	exact	Make/VectorTable.a	1111	VBTDELETE	vatrap
00406722	vBTDelete	exact	OS/HFS/BTSVCS.a	203	vBTDelete	label
00406868	BDUpdDepth	exact	OS/HFS/BTSVCS.a	382	BDUpdDepth	label
00406868	BDUpdDepth	exact	OS/HFS/Extensions/BTreeMgr/BTreeSvcs.a	381	BDUpdDepth	label
00406868	BDUpdDepth	exact	OS/HFS/FileMgrPatches.a	4734	BDUpdDepth	label
004068a2	BDExit	exact	OS/HFS/BTSVCS.a	422	BDExit	label
004068a2	BDExit	exact	OS/HFS/Extensions/BTreeMgr/BTreeSvcs.a	421	BDExit	label
004068a2	BDExit	exact	OS/HFS/FileMgrPatches.a	4774	BDExit	label
004068a8	BDExit1	exact	OS/HFS/BTSVCS.a	425	BDExit1	label
004068a8	BDExit1	exact	OS/HFS/Extensions/BTreeMgr/BTreeSvcs.a	424	BDExit1	label
004068a8	BDExit1	exact	OS/HFS/FileMgrPatches.a	4777	BDExit1	label
004068c2	BTFlush	exact	Make/VectorTable.a	1112	BTFLUSH	vdirect
004068c2	BTFlush	exact	OS/HFS/BTSVCS.a	461	BTFlush	label
004068c2	BTFlush	exact	OS/HFS/Extensions/BTreeMgr/BTreeGlue.a	56	BTFlush	moveq
004068c2	BTFlush	exact	Patches/PatchPlusROM.a	2744	BTFlush	pea
004068c8	vBTFlush	exact	Make/VectorTable.a	1113	VBTFLUSH	vatrap
004068c8	vBTFlush	exact	OS/HFS/BTSVCS.a	464	vBTFlush	label
00406928	BTGetRecord	exact	Make/VectorTable.a	1114	BTGETRECORD	vdirect
00406928	BTGetRecord	exact	OS/HFS/BTSVCS.a	548	BTGetRecord	label
00406928	BTGetRecord	exact	OS/HFS/FileMgrPatches.a	279	BTGETRECORD	rombind
0040692e	vBTGetRecord	exact	Make/VectorTable.a	1115	VBTGETRECORD	vatrap
0040692e	vBTGetRecord	exact	OS/HFS/BTSVCS.a	551	vBTGetRecord	label
004069ea	BTInsert	exact	Make/VectorTable.a	1116	BTINSERT	vdirect
004069ea	BTInsert	exact	OS/HFS/BTSVCS.a	698	BTInsert	label
004069ea	BTInsert	exact	OS/HFS/FileMgrPatches.a	280	BTINSERT	rombind
004069f0	vBTInsert	exact	Make/VectorTable.a	1117	VBTINSERT	vatrap
004069f0	vBTInsert	exact	OS/HFS/BTSVCS.a	701	vBTInsert	label
00406c90	vBTOpen	exact	Make/VectorTable.a	1119	VBTOPEN	vdirect
00406c90	vBTOpen	exact	OS/HFS/BTSVCS.a	1084	vBTOpen	label
00406d4a	BTSearch	exact	Make/VectorTable.a	1120	BTSEARCH	vdirect
00406d4a	BTSearch	exact	OS/HFS/BTSVCS.a	1211	BTSearch	label
00406d4a	BTSearch	exact	OS/HFS/Extensions/BTreeMgr/BTreeGlue.a	44	BTSearch	moveq
00406d4a	BTSearch	exact	OS/HFS/FileMgrPatches.a	281	BTSEARCH	rombind
00406d50	vBTSEARCH	exact	Make/VectorTable.a	1121	VBTSEARCH	vatrap
00406d50	vBTSEARCH	exact	OS/HFS/BTSVCS.a	1214	vBTSearch	label
00406dd6	BTUpdate	exact	Make/VectorTable.a	1122	BTUPDATE	vdirect
00406dd6	BTUpdate	exact	OS/HFS/BTSVCS.a	1315	BTUpdate	label
00406dd6	BTUpdate	exact	OS/HFS/FileMgrPatches.a	282	BTUPDATE	rombind
00406ddc	vBTUpdate	exact	Make/VectorTable.a	1123	VBTUPDATE	vatrap
00406ddc	vBTUpdate	exact	OS/HFS/BTSVCS.a	1318	vBTUpdate	label
00406e3e	AllocNode	exact	Make/VectorTable.a	1068	ALLOCNODE	vdirect
00406e3e	AllocNode	exact	OS/HFS/BTALLOC.a	128	AllocNode	label
00406e3e	AllocNode	exact	OS/HFS/FileMgrPatches.a	4188	AllocNode	move.l
00406ed4	ExtBTFile	exact	Make/VectorTable.a	1070	EXTBTFILE	vindirect
00406ed4	ExtBTFile	exact	OS/HFS/BTALLOC.a	246	ExtBTFile	label
00406ed4	ExtBTFile	exact	OS/HFS/FileMgrPatches.a	4185	ExtBTFile	move.l
00406fba	FreeNode	exact	Make/VectorTable.a	1072	FREENODE	vdirect
00406fba	FreeNode	exact	OS/HFS/BTALLOC.a	395	FreeNode	label
00406fba	FreeNode	exact	OS/HFS/FileMgrPatches.a	4556	FreeNode	move.l
00407402	GetNode	exact	Make/VectorTable.a	1088	GETNODE	vdirect
00407402	GetNode	exact	OS/HFS/BTMAINT2.a	458	GetNode	label
00407402	GetNode	exact	OS/HFS/FileMgrPatches.a	4194	GetNode	move.l
00407408	GetNode	exact	Make/VectorTable.a	1088	GETNODE	vdirect
00407408	GetNode	exact	OS/HFS/BTMAINT2.a	458	GetNode	label
00407408	GetNode	exact	OS/HFS/FileMgrPatches.a	4194	GetNode	move.l
004075d0	RelNode	exact	Make/VectorTable.a	1102	RELNODE	vdirect
004075d0	RelNode	exact	OS/HFS/BTMAINT2.a	966	RelNode	label
004075d0	RelNode	exact	OS/HFS/FileMgrPatches.a	4197	RelNode	move.l
004075d6	vRelNode	exact	Make/VectorTable.a	1103	VRELNODE	vatrap
004075d6	vRelNode	exact	OS/HFS/BTMAINT2.a	969	vRelNode	label
004075e2	RNExit	exact	OS/HFS/BTMAINT2.a	989	RNExit	label
004076c6	FlushCache	exact	Make/VectorTable.a	1133	FLUSHCACHE	vdirect
004076c6	FlushCache	exact	OS/HFS/Cache.a	207	FlushCache	label
004076c6	FlushCache	exact	OS/HFS/Cache/DiskCache.a	429	FlushCache	label
004076c6	FlushCache	exact	OS/HFS/FileMgrPatches.a	318	FLUSHCACHE	rombind
004076cc	vFlushCache	exact	Make/VectorTable.a	1134	VFLUSHCACHE	vdirect
004076cc	vFlushCache	exact	OS/HFS/Cache.a	210	vFlushCache	label
004076cc	vFlushCache	exact	OS/HFS/Cache/DiskCache.a	2943	vFlushCache	label
004077b0	GetBlock	exact	Make/VectorTable.a	1135	GETBLOCK	vdirect
004077b0	GetBlock	exact	OS/HFS/Cache.a	393	GetBlock	label
004077b0	GetBlock	exact	OS/HFS/Cache/DiskCache.a	571	GetBlock	label
004077b0	GetBlock	exact	OS/HFS/FileMgrPatches.a	4076	GetBlock	label
004077b6	vGetBlock	exact	Make/VectorTable.a	1136	VGETBLOCK	vatrap
004077b6	vGetBlock	exact	OS/HFS/Cache.a	396	vGetBlock	label
004079f4	MarkBlock	exact	Make/VectorTable.a	1138	MARKBLOCK	vdirect
004079f4	MarkBlock	exact	OS/HFS/Cache.a	738	MarkBlock	label
004079f4	MarkBlock	exact	OS/HFS/Cache/DiskCache.a	881	MarkBlock	label
004079f4	MarkBlock	exact	OS/HFS/FileMgrPatches.a	4191	MarkBlock	move.l
004079fa	vMarkBlock	exact	Make/VectorTable.a	1139	VMARKBLOCK	vatrap
004079fa	vMarkBlock	exact	OS/HFS/Cache.a	741	vMarkBlock	label
00407a02	MarkA5Block	exact	Make/VectorTable.a	1140	MARKA5BLOCK	vindirect
00407a02	MarkA5Block	exact	OS/HFS/Cache.a	746	MarkA5Block	label
00407a0a	RelBlock	exact	Make/VectorTable.a	1141	RELBLOCK	vdirect
00407a0a	RelBlock	exact	OS/HFS/Cache.a	780	RelBlock	label
00407a0a	RelBlock	exact	OS/HFS/Cache/DiskCache.a	924	RelBlock	label
00407a0a	RelBlock	exact	OS/HFS/FileMgrPatches.a	4080	RelBlock	move.l
00407a10	vRelBlock	exact	Make/VectorTable.a	1142	VRELBLOCK	vatrap
00407a10	vRelBlock	exact	OS/HFS/Cache.a	783	vRelBlock	label
00407a50	RBExit	exact	OS/HFS/Cache.a	807	RBExit	label
00407a50	RBExit	exact	OS/HFS/Cache/DiskCache.a	980	rbExit	moveq
00407a50	RBExit	exact	OS/HFS/Extensions/BTreeMgr/BTreeQueue.a	692	RBExit	label
00407a52	RBExit1	exact	OS/HFS/Cache.a	809	RBExit1	label
00407a52	RBExit1	exact	OS/HFS/Cache/DiskCache.a	982	rbExit1	move.l
00407a52	RBExit1	exact	OS/HFS/Extensions/BTreeMgr/BTreeQueue.a	694	RBExit1	label
00407a62	vTrashVBlks	exact	Make/VectorTable.a	1144	VTRASHVBLKS	vdirect
00407a62	vTrashVBlks	exact	OS/HFS/Cache.a	837	vTrashVBlks	label
00407a94	Trashblocks	exact	Make/VectorTable.a	1146	TRASHBLOCKS	vindirect
00407a94	Trashblocks	exact	OS/HFS/Cache.a	887	TrashBlocks	label
00407a94	Trashblocks	exact	OS/HFS/Cache/DiskCache.a	1068	TrashBlocks	label
00407ae8	vTrashBlocks	exact	Make/VectorTable.a	1147	VTRASHBLOCKS	vatrap
00407ae8	vTrashBlocks	exact	OS/HFS/Cache.a	926	vTrashBlocks	label
00407b2a	CacheRdIP	exact	Make/VectorTable.a	1148	CACHERDIP	vdirect
00407b2a	CacheRdIP	exact	OS/HFS/Cache.a	994	CacheRdIP	label
00407b2a	CacheRdIP	exact	OS/HFS/Cache/DiskCache.a	1203	CacheRdIP	label
00407b2a	CacheRdIP	exact	OS/HFS/FileMgrPatches.a	283	CACHERDIP	rombind
00407b30	vCacheRdIP	exact	Make/VectorTable.a	1149	VCACHERDIP	vatrap
00407b30	vCacheRdIP	exact	OS/HFS/Cache.a	997	vCacheRdIP	label
00407b56	CacheWrIP	exact	Make/VectorTable.a	1150	CACHEWRIP	vdirect
00407b56	CacheWrIP	exact	OS/HFS/Cache.a	1017	CacheWrIP	label
00407b56	CacheWrIP	exact	OS/HFS/Cache/DiskCache.a	1337	CacheWrIP	label
00407b5c	vCacheWrIP	exact	Make/VectorTable.a	1151	VCACHEWRIP	vatrap
00407b5c	vCacheWrIP	exact	OS/HFS/Cache.a	1020	vCacheWrIP	label
00407b7c	wrIPExit	exact	OS/HFS/Cache.a	1040	wrIPExit	move.l
00407b7c	wrIPExit	exact	OS/HFS/Cache/DiskCache.a	1385	wrIPExit	bra
00407bc0	WriteBlock	exact	Make/VectorTable.a	1158	WRITEBLOCK	vindirect
00407bc0	WriteBlock	exact	OS/HFS/Cache/DiskCache.a	1488	WriteBlock	label
00407bc0	WriteBlock	exact	OS/HFS/CacheIO.a	137	WriteBlock	label
00407be2	RWSetUp	exact	OS/HFS/Cache/DiskCache.a	1521	RWSetUp	label
00407be2	RWSetUp	exact	OS/HFS/CacheIO.a	157	RWSetUp	label
00407c1a	vBasicIO	exact	Make/VectorTable.a	1159	VBASICIO	vatrap
00407c1a	vBasicIO	exact	OS/HFS/CacheIO.a	186	vBasicIO	label
00407c30	rwAsync	exact	OS/HFS/CacheIO.a	218	rwAsync	label
00407c30	rwAsync	exact	OS/HFS/FileMgrPatches.a	3906	rwAsync	label
00407c30	rwAsync	exact	Patches/PatchPlusROM.a	2834	rwAsync	label
00407c58	RWRTS	exact	OS/HFS/CacheIO.a	287	RWRTS	rts
00407c58	RWRTS	exact	OS/HFS/FileMgrPatches.a	3927	RWRTS	rts
00407c58	RWRTS	exact	Patches/PatchPlusROM.a	2855	RWRTS	rts
00407c5a	RWIOComp	exact	OS/HFS/CacheIO.a	291	RWIOComp	label
00407c5a	RWIOComp	exact	OS/HFS/FileMgrPatches.a	3931	RWIOComp	label
00407c5a	RWIOComp	exact	Patches/PatchPlusROM.a	2859	RWIOComp	label
00407c62	RWCont	exact	OS/HFS/CacheIO.a	295	RWCont	label
00407c62	RWCont	exact	OS/HFS/FileMgrPatches.a	3935	RWCont	label
00407c62	RWCont	exact	Patches/PatchPlusROM.a	2863	RWCont	label
00407c6a	RWCont1	exact	OS/HFS/CacheIO.a	299	RWCont1	label
00407c6a	RWCont1	exact	OS/HFS/FileMgrPatches.a	3939	RWCont1	label
00407c6a	RWCont1	exact	Patches/PatchPlusROM.a	2867	RWCont1	label
00407c86	RWCont2	exact	OS/HFS/CacheIO.a	316	RWCont2	movem.l
00407c86	RWCont2	exact	OS/HFS/FileMgrPatches.a	3956	RWCont2	movem.l
00407c86	RWCont2	exact	Patches/PatchPlusROM.a	2881	RWCont2	movem.l
00407c8c	RdBlocks	exact	Make/VectorTable.a	1160	RDBLOCKS	vdirect
00407c8c	RdBlocks	exact	OS/HFS/Cache/DiskCache.a	1447	RdBlocks	label
00407c8c	RdBlocks	exact	OS/HFS/CacheIO.a	342	RdBlocks	label
00407c92	vRdBlocks	exact	Make/VectorTable.a	1161	VRDBLOCKS	vatrap
00407c92	vRdBlocks	exact	OS/HFS/CacheIO.a	345	vRdBlocks	label
00407cda	WrBlocks	exact	Make/VectorTable.a	1162	WRBLOCKS	vdirect
00407cda	WrBlocks	exact	OS/HFS/Cache/DiskCache.a	1438	WrBlocks	label
00407cda	WrBlocks	exact	OS/HFS/CacheIO.a	377	WrBlocks	label
00407ce0	vWrBlocks	exact	Make/VectorTable.a	1163	VWRBLOCKS	vatrap
00407ce0	vWrBlocks	exact	OS/HFS/CacheIO.a	380	vWrBlocks	label
00407cf2	vSetUpTags	exact	Make/VectorTable.a	1164	VSETUPTAGS	vatrap
00407cf2	vSetUpTags	exact	OS/HFS/CacheIO.a	393	vSetUpTags	label
00407d40	SCSILoad	exact	Make/VectorTable.a	2852	SCSILOAD	vindirect
00407d40	SCSILoad	exact	OS/SCSIMgr/SCSIBoot.a	146	SCSILoad	label
00407d50	CheckNext	exact	OS/SCSIMgr/SCSIBoot.a	173	CheckNext	label
00407d62	OpenIt	exact	OS/SCSIMgr/SCSIBoot.a	218	OpenIt	label
00407d8c	NextDD	exact	OS/SCSIMgr/SCSIBoot.a	243	NextDD	label
00407d9c	FoundDD	exact	OS/SCSIMgr/SCSIBoot.a	256	FoundDD	label
00407dc6	Exit	exact	Make/VectorTable.a	5758	exit	vnovector
00407dc6	Exit	exact	OS/Gestalt/GestaltFunction.a	430	exit	rts
00407dc6	Exit	exact	OS/Gestalt/SysEnvirons.a	254	Exit	move.w
00407dc6	Exit	exact	OS/HFS/FileMgrPatches.a	2043	Exit	label
00407dc6	Exit	exact	OS/NetBoot/ATBoot.a	316	Exit	move.l
00407dc6	Exit	exact	OS/PowerMgr/PowerMgr.a	1752	Exit	move.l
00407dc6	Exit	exact	OS/SysUtil.a	1483	Exit	move.w
00407dc6	Exit	exact	Patches/PatchIIciROM.a	3826	Exit	label
00407dc6	Exit	exact	Patches/PatchPortableROM.a	1481	Exit	label
00407dc6	Exit	exact	QuickDraw/Classic/ClassicGWorld.a	174	exit	label
00407dc6	Exit	exact	QuickDraw/Classic/ClassicGWorld.a	1231	exit	move.w
00407dc6	Exit	exact	QuickDraw/Classic/ClassicGWorld.a	1470	exit	rtd_a0
00407dc6	Exit	exact	QuickDraw/Classic/ClassicGWorld.a	1535	exit	rtd_a0
00407dc6	Exit	exact	QuickDraw/Classic/ClassicGWorld.a	1817	exit	label
00407dc6	Exit	exact	QuickDraw/Classic/ClassicGWorld.a	1867	exit	rtd_a0
00407dc6	Exit	exact	QuickDraw/Classic/ClassicGWorld.a	1900	exit	rtd_a0
00407dc6	Exit	exact	QuickDraw/GWorld.a	596	exit	move.l
00407dc6	Exit	exact	QuickDraw/GWorld.a	1501	exit	move.l
00407dc6	Exit	exact	QuickDraw/GWorld.a	1561	exit	move.l
00407dc6	Exit	exact	QuickDraw/GWorld.a	1656	exit	rtd
00407dc6	Exit	exact	QuickDraw/GWorld.a	1741	exit	rtd
00407dc6	Exit	exact	QuickDraw/GWorld.a	1785	exit	rtd
00407dc6	Exit	exact	QuickDraw/GWorld.a	3164	exit	move
00407dc6	Exit	exact	QuickDraw/GWorld.a	3408	exit	rtd
00407dc6	Exit	exact	QuickDraw/GWorld.a	3462	exit	rtd
00407dc6	Exit	exact	QuickDraw/GWorld.a	3635	exit	rtd
00407dc6	Exit	exact	QuickDraw/GWorld.a	3681	exit	rtd
00407dc6	Exit	exact	QuickDraw/GWorld.a	3736	exit	rtd
00407dc6	Exit	exact	QuickDraw/GWorld.a	3793	exit	rtd
00407dc6	Exit	exact	QuickDraw/GWorld.a	3864	exit	rtd
00407dc6	Exit	exact	QuickDraw/GWorld.a	3921	exit	rtd
00407dc6	Exit	exact	QuickDraw/GWorld.a	4373	exit	rtd
00407dc6	Exit	exact	QuickDraw/Patches/QDciPatchROM.a	16230	exit	move
00407dc6	Exit	exact	QuickDraw/Patches/QDciPatchROM.a	16396	exit	label
00407dc6	Exit	exact	QuickDraw/Patches/QDciPatchROM.a	16433	exit	rtd
00407dc6	Exit	exact	QuickDraw/PictUtilities/puDispatch.a	65	exit	move.l
00407dc6	Exit	exact	QuickDraw/PictUtilities/puLowLevel.a	182	exit	move.l
00407dc6	Exit	exact	QuickDraw/PictUtilities/puLowLevel.a	280	exit	move.l
00407dc6	Exit	exact	QuickDraw/PictUtilities/puLowLevel.a	315	exit	rts
00407dc6	Exit	exact	QuickDraw/PictUtilities/puLowLevel.a	574	exit	rts
00407dc6	Exit	exact	QuickDraw/PictUtilities/puLowLevel.a	780	exit	movem.l
00407dc6	Exit	exact	QuickDraw/PictUtilities/puLowLevel.a	1248	exit	movem.l
00407dc6	Exit	exact	Toolbox/FontMgr/ShowINIT.a	222	Exit	label
00407dc6	Exit	exact	Toolbox/IconUtils/IconUtils.a	533	EXIT	movea.l
00407dc6	Exit	exact	Toolbox/IconUtils/IconUtils.a	574	EXIT	movea.l
00407dc6	Exit	exact	Toolbox/IconUtils/IconUtils.a	1067	EXIT	movea.l
00407dc6	Exit	exact	Toolbox/IconUtils/IconUtils.a	1109	EXIT	movea.l
00407dc6	Exit	exact	Toolbox/InSANE/HWElemsControl.a	257	Exit	label
00407dc6	Exit	exact	Toolbox/MenuMgr/StandardMBDF.a	2391	Exit	label
00407dc6	Exit	exact	Toolbox/MenuMgr/StandardMDEF.a	2451	EXIT	label
00407dc6	Exit	exact	Toolbox/ResourceMgr/ResourceMgrExtensions.a	1642	Exit	label
00407dc6	Exit	exact	Toolbox/ResourceMgr/ResourceMgrExtensions.a	1673	Exit	label
00407dc6	Exit	exact	Toolbox/ResourceMgr/ResourceMgrExtensions.a	1863	Exit	label
00407dc6	Exit	exact	Toolbox/ResourceMgr/ResourceOverridePatches.a	2066	Exit	label
00407dc6	Exit	exact	Toolbox/SANE/FP881Arith.a	864	Exit	label
00407dc6	Exit	exact	Toolbox/ScriptMgr/ScriptMgrExtTail.a	859	Exit	label
00407dc6	Exit	exact	Toolbox/ScriptMgr/ScriptMgrROMPatch.a	838	Exit	label
00407dc6	Exit	exact	Toolbox/ScriptMgr/ScriptMgrROMPatch.a	967	Exit	label
00407dc6	Exit	exact	Toolbox/ScriptMgr/ScriptMgrUtilDate.a	1882	Exit	label
00407dc6	Exit	exact	Toolbox/ScriptMgr/ScriptMgrUtilDate.a	2385	Exit	label
00407dc6	Exit	exact	Toolbox/WindowMgr/WindowMgr.a	3356	Exit	bsr
00407dcc	SRead	exact	OS/SCSIMgr/SCSIBoot.a	420	SRead	label
004082c6	InitCursor	exact	Make/VectorTable.a	2252	INITCURSOR	vatrap
004082c6	InitCursor	exact	QuickDraw/CCrsrCore.a	574	InitCursor	label
004082c6	InitCursor	exact	QuickDraw/Classic/CrsrCore.a	306	InitCursor	label
004082c6	InitCursor	exact	QuickDraw/Classic/LCursor.m.a	39	InitCursor	proc
004082c6	InitCursor	exact	QuickDraw/LCursor.a	50	InitCursor	proc
004082d6	SetCursor	exact	Make/VectorTable.a	2253	SETCURSOR	vatrap
004082d6	SetCursor	exact	ProcessMgr/Data.a	116	SETCURSOR	ds
004082d6	SetCursor	exact	QuickDraw/CCrsrCore.a	850	SetCursor	move.l
004082d6	SetCursor	exact	QuickDraw/Classic/CrsrCore.a	788	SetCursor	label
004082d6	SetCursor	exact	QuickDraw/Classic/LCursor.m.a	53	SetCursor	proc
004082d6	SetCursor	exact	QuickDraw/LCursor.a	63	SetCursor	proc
004082f2	HideCursor	exact	Make/VectorTable.a	2255	HIDECURSOR	vatrap
004082f2	HideCursor	exact	QuickDraw/CCrsrCore.a	545	HideCursor	label
004082f2	HideCursor	exact	QuickDraw/Classic/CrsrCore.a	228	HideCursor	label
004082f2	HideCursor	exact	QuickDraw/Classic/CrsrCore.a	262	HideCursor	label
004082f2	HideCursor	exact	QuickDraw/Classic/LCursor.m.a	70	HideCursor	proc
004082f2	HideCursor	exact	QuickDraw/LCursor.a	103	HideCursor	proc
004082f8	ShowCursor	exact	Make/VectorTable.a	2256	SHOWCURSOR	vatrap
004082f8	ShowCursor	exact	QuickDraw/CCrsrCore.a	593	ShowCursor	label
004082f8	ShowCursor	exact	QuickDraw/Classic/CrsrCore.a	328	SHOWCURSOR	label
004082f8	ShowCursor	exact	QuickDraw/Classic/CrsrCore.a	450	SHOWCURSOR	label
004082f8	ShowCursor	exact	QuickDraw/Classic/LCursor.m.a	82	ShowCursor	proc
004082f8	ShowCursor	exact	QuickDraw/LCursor.a	115	ShowCursor	proc
004082f8	ShowCursor	exact	QuickDraw/Patches/QDciPatchROM.a	2126	ShowCursor	label
004082fe	ShieldCursor	exact	Libs/InterfaceSrcs/TOOLUTILS.a	144	shieldcursor	proc
004082fe	ShieldCursor	exact	Make/VectorTable.a	2257	SHIELDCURSOR	vatrap
004082fe	ShieldCursor	exact	Make/VectorTable.a	6037	shieldcursor	vnovector
004082fe	ShieldCursor	exact	QuickDraw/CCrsrCore.a	646	ShieldCursor	label
004082fe	ShieldCursor	exact	QuickDraw/Classic/CrsrCore.a	739	ShieldCursor	label
004082fe	ShieldCursor	exact	QuickDraw/Classic/LCursor.m.a	94	ShieldCursor	proc
004082fe	ShieldCursor	exact	QuickDraw/LCursor.a	127	ShieldCursor	proc
0040832e	ObscureCursor	exact	Make/VectorTable.a	2258	OBSCURECURSOR	vatrap
0040832e	ObscureCursor	exact	QuickDraw/CCrsrCore.a	533	ObscureCursor	label
0040832e	ObscureCursor	exact	QuickDraw/Classic/CrsrCore.a	209	ObscureCursor	label
0040832e	ObscureCursor	exact	QuickDraw/Classic/LCursor.m.a	122	ObscureCursor	proc
0040832e	ObscureCursor	exact	QuickDraw/LCursor.a	155	ObscureCursor	proc
00408334	BitNot	exact	Make/VectorTable.a	2445	BITNOT	vatrap
00408334	BitNot	exact	QuickDraw/Classic/Util.m.a	56	BitNot	func
00408334	BitNot	exact	QuickDraw/QDUtil.a	160	BitNot	func
0040833c	BitAnd	exact	Make/VectorTable.a	2446	BITAND	vatrap
0040833c	BitAnd	exact	QuickDraw/Classic/Util.m.a	67	BitAnd	func
0040833c	BitAnd	exact	QuickDraw/QDUtil.a	171	BitAnd	func
00408344	BitXOr	exact	Make/VectorTable.a	2447	BITXOR	vatrap
00408344	BitXOr	exact	QuickDraw/Classic/Util.m.a	83	BitXor	move.l
00408344	BitXOr	exact	QuickDraw/QDUtil.a	187	BitXor	move.l
00408344	BitXor	exact	Make/VectorTable.a	2447	BITXOR	vatrap
00408344	BitXor	exact	QuickDraw/Classic/Util.m.a	83	BitXor	move.l
00408344	BitXor	exact	QuickDraw/QDUtil.a	187	BitXor	move.l
0040834e	BitOr	exact	Make/VectorTable.a	2448	BITOR	vatrap
0040834e	BitOr	exact	QuickDraw/Classic/Util.m.a	94	BitOr	move.l
0040834e	BitOr	exact	QuickDraw/QDUtil.a	198	BitOr	move.l
00408356	BitShift	exact	Make/VectorTable.a	2449	BITSHIFT	vatrap
00408356	BitShift	exact	QuickDraw/Classic/Util.m.a	107	BitShift	move.l
00408356	BitShift	exact	QuickDraw/QDUtil.a	211	BitShift	move.l
00408364	SHLEFT	exact	QuickDraw/Classic/Util.m.a	114	SHLEFT	move.l
00408364	SHLEFT	exact	QuickDraw/QDUtil.a	218	SHLEFT	move.l
00408368	DONE	exact	DeclData/DeclVideo/ATI/ATIDrvr.a	192	done	proc
00408368	DONE	exact	Drivers/Sony/SonyPatches.a	318	Done	label
00408368	DONE	exact	Drivers/Sony/SonyPatches.a	357	Done	label
00408368	DONE	exact	LinkedPatches/LinkedPatchLoader.a	1270	Done	label
00408368	DONE	exact	LinkedPatches/LinkedPatchLoader.a	1464	Done	label
00408368	DONE	exact	LinkedPatches/LinkedPatchLoader.a	1951	Done	label
00408368	DONE	exact	LinkedPatches/LinkedPatchLoader.a	2200	Done	label
00408368	DONE	exact	OS/DockingMgr.a	624	Done	rts
00408368	DONE	exact	OS/Gestalt/GestaltFunction.a	1759	done	move.w
00408368	DONE	exact	OS/HFS/Extensions/DTDBMgr.a	1232	Done	label
00408368	DONE	exact	OS/HFS/Extensions/DTDBMgr.a	1375	Done	label
00408368	DONE	exact	OS/Keyboard/KbdInstall.a	197	Done	label
00408368	DONE	exact	OS/Mouse.a	327	Done	label
00408368	DONE	exact	OS/StartMgr/StartFail.a	522	DONE	dbf
00408368	DONE	exact	Patches/PatchIIROM.a	937	Done	label
00408368	DONE	exact	Patches/PatchIIROM.a	3415	Done	rtd
00408368	DONE	exact	Patches/PatchSEROM.a	1993	Done	label
00408368	DONE	exact	QuickDraw/Angles.a	44	DONE	move.l
00408368	DONE	exact	QuickDraw/Angles.a	298	DONE	move.l
00408368	DONE	exact	QuickDraw/BitMaps.a	1212	DONE	move.l
00408368	DONE	exact	QuickDraw/BitMaps.a	1531	DONE	movem.l
00408368	DONE	exact	QuickDraw/BitMaps.a	2282	DONE	move.l
00408368	DONE	exact	QuickDraw/BitMaps.a	2432	DONE	clr.l
00408368	DONE	exact	QuickDraw/BitMaps.a	2584	DONE	clr.l
00408368	DONE	exact	QuickDraw/Classic/Angles.m.a	64	DONE	move.l
00408368	DONE	exact	QuickDraw/Classic/Angles.m.a	318	DONE	move.l
00408368	DONE	exact	QuickDraw/Classic/Bitmaps.m.a	292	DONE	movem.l
00408368	DONE	exact	QuickDraw/Classic/Bitmaps.m.a	901	DONE	movem.l
00408368	DONE	exact	QuickDraw/Classic/Bitmaps.m.a	1018	DONE	clr.l
00408368	DONE	exact	QuickDraw/Classic/CrsrCore.a	770	DONE	movem.l
00408368	DONE	exact	QuickDraw/Classic/DrawArc.m.a	873	DONE	move.l
00408368	DONE	exact	QuickDraw/Classic/DrawLine.m.a	556	DONE	move.l
00408368	DONE	exact	QuickDraw/Classic/GrafAsm.m.a	501	DONE	move.l
00408368	DONE	exact	QuickDraw/Classic/PackRgn.m.a	145	DONE	move.l
00408368	DONE	exact	QuickDraw/Classic/Patterns.m.a	254	DONE	move.l
00408368	DONE	exact	QuickDraw/Classic/Patterns.m.a	573	DONE	movem.l
00408368	DONE	exact	QuickDraw/Classic/Patterns.m.a	1078	DONE	move.l
00408368	DONE	exact	QuickDraw/Classic/Patterns.m.a	1328	DONE	move.l
00408368	DONE	exact	QuickDraw/Classic/Pictures.m.a	220	DONE	movem.l
00408368	DONE	exact	QuickDraw/Classic/Pictures.m.a	434	DONE	movem.l
00408368	DONE	exact	QuickDraw/Classic/Pictures.m.a	707	DONE	label
00408368	DONE	exact	QuickDraw/Classic/Pictures.m.a	812	DONE	add.l
00408368	DONE	exact	QuickDraw/Classic/Pictures.m.a	1970	DONE	movem.l
00408368	DONE	exact	QuickDraw/Classic/Pictures.m.a	2329	DONE	label
00408368	DONE	exact	QuickDraw/Classic/Pictures.m.a	2620	DONE	rts
00408368	DONE	exact	QuickDraw/Classic/Pictures.m.a	2734	DONE	movem.l
00408368	DONE	exact	QuickDraw/Classic/Pictures.m.a	2835	DONE	movem.l
00408368	DONE	exact	QuickDraw/Classic/Pictures.m.a	2871	DONE	movem.l
00408368	DONE	exact	QuickDraw/Classic/Pictures.m.a	2934	DONE	movem.l
00408368	DONE	exact	QuickDraw/Classic/Pictures.m.a	3032	DONE	movem.l
00408368	DONE	exact	QuickDraw/Classic/Polygons.m.a	400	DONE	movem.l
00408368	DONE	exact	QuickDraw/Classic/Polygons.m.a	434	DONE	movem.l
00408368	DONE	exact	QuickDraw/Classic/Polygons.m.a	1396	DONE	movem.l
00408368	DONE	exact	QuickDraw/Classic/PutLine.m.a	229	DONE	move.l
00408368	DONE	exact	QuickDraw/Classic/PutRgn.m.a	96	DONE	sub.l
00408368	DONE	exact	QuickDraw/Classic/Rects.m.a	117	DONE	jmp
00408368	DONE	exact	QuickDraw/Classic/Rects.m.a	372	DONE	move.l
00408368	DONE	exact	QuickDraw/Classic/Rects.m.a	395	DONE	jmp
00408368	DONE	exact	QuickDraw/Classic/Rects.m.a	429	DONE	jmp
00408368	DONE	exact	QuickDraw/Classic/Rects.m.a	511	DONE	move.l
00408368	DONE	exact	QuickDraw/Classic/Regions.m.a	189	DONE	unlink
00408368	DONE	exact	QuickDraw/Classic/Regions.m.a	242	DONE	movem.l
00408368	DONE	exact	QuickDraw/Classic/Regions.m.a	343	DONE	movem.l
00408368	DONE	exact	QuickDraw/Classic/Regions.m.a	387	DONE	unlink
00408368	DONE	exact	QuickDraw/Classic/Regions.m.a	437	DONE	movem.l
00408368	DONE	exact	QuickDraw/Classic/Regions.m.a	494	DONE	jmp
00408368	DONE	exact	QuickDraw/Classic/Regions.m.a	605	DONE	move.l
00408368	DONE	exact	QuickDraw/Classic/Regions.m.a	657	DONE	move.b
00408368	DONE	exact	QuickDraw/Classic/Regions.m.a	853	DONE	movem.l
00408368	DONE	exact	QuickDraw/Classic/Regions.m.a	915	DONE	neg.b
00408368	DONE	exact	QuickDraw/Classic/Regions.m.a	1083	DONE	movem.l
00408368	DONE	exact	QuickDraw/Classic/Regions.m.a	1179	DONE	movem.l
00408368	DONE	exact	QuickDraw/Classic/RgnBlt.m.a	540	DONE	move.l
00408368	DONE	exact	QuickDraw/Classic/RgnOp.m.a	312	DONE	move.l
00408368	DONE	exact	QuickDraw/Classic/RgnOp.m.a	375	DONE	move
00408368	DONE	exact	QuickDraw/Classic/RgnOp.m.a	436	DONE	move
00408368	DONE	exact	QuickDraw/Classic/SeekRgn.m.a	200	DONE	moveq
00408368	DONE	exact	QuickDraw/Classic/SortPoints.m.a	181	DONE	move.l
00408368	DONE	exact	QuickDraw/Classic/Stretch.m.a	521	DONE	jsr
00408368	DONE	exact	QuickDraw/Classic/Stretch.m.a	1197	DONE	rts
00408368	DONE	exact	QuickDraw/Classic/Util.m.a	116	DONE	move.l
00408368	DONE	exact	QuickDraw/Classic/Util.m.a	433	DONE	move.l
00408368	DONE	exact	QuickDraw/ColorAsm.a	256	DONE	move.l
00408368	DONE	exact	QuickDraw/ColorAsm.a	407	DONE	rtd
00408368	DONE	exact	QuickDraw/ColorAsm.a	422	DONE	rtd
00408368	DONE	exact	QuickDraw/ColorMgr.a	1549	DONE	move.l
00408368	DONE	exact	QuickDraw/ColorMgr.a	1625	DONE	move.l
00408368	DONE	exact	QuickDraw/DrawArc.a	953	DONE	move.b
00408368	DONE	exact	QuickDraw/DrawLine.a	710	DONE	move.b
00408368	DONE	exact	QuickDraw/GDevice.a	215	DONE	move.l
00408368	DONE	exact	QuickDraw/GDevice.a	819	DONE	move.l
00408368	DONE	exact	QuickDraw/GDevice.a	1331	DONE	_releaseresource
00408368	DONE	exact	QuickDraw/GrafAsm.a	833	DONE	move.l
00408368	DONE	exact	QuickDraw/GrafAsm.a	987	DONE	move.l
00408368	DONE	exact	QuickDraw/Lines.a	359	DONE	move.l
00408368	DONE	exact	QuickDraw/Lines.a	468	DONE	move.l
00408368	DONE	exact	QuickDraw/PackRgn.a	142	DONE	move.l
00408368	DONE	exact	QuickDraw/PaletteMgr.a	5309	Done	move.l
00408368	DONE	exact	QuickDraw/Patches/AllB&WQDPatch.a	657	DONE	move.l
00408368	DONE	exact	QuickDraw/Patches/AllB&WQDPatch.a	711	DONE	move.l
00408368	DONE	exact	QuickDraw/Patches/AllB&WQDPatch.a	995	DONE	movem.l
00408368	DONE	exact	QuickDraw/Patches/AllB&WQDPatch.a	1134	DONE	label
00408368	DONE	exact	QuickDraw/Patches/AllB&WQDPatch.a	1214	DONE	rts
00408368	DONE	exact	QuickDraw/Patches/AllB&WQDPatch.a	1925	DONE	movem.l
00408368	DONE	exact	QuickDraw/Patches/AllB&WQDPatch.a	2003	Done	jmprom
00408368	DONE	exact	QuickDraw/Patches/DrawPicture32Patch.a	205	DONE	add.l
00408368	DONE	exact	QuickDraw/Patches/DrawPicture32Patch.a	736	Done	label
00408368	DONE	exact	QuickDraw/Patches/DrawPicture32Patch.a	1295	DONE	movem.l
00408368	DONE	exact	QuickDraw/Patches/DrawPicturePatch.a	304	DONE	label
00408368	DONE	exact	QuickDraw/Patches/DrawPicturePatch.a	325	DONE	label
00408368	DONE	exact	QuickDraw/Patches/DrawPicturePatch.a	389	DONE	add.l
00408368	DONE	exact	QuickDraw/Patches/DrawPicturePatch.a	1537	DONE	movem.l
00408368	DONE	exact	QuickDraw/Patches/DrawPicturePatch.a	1542	DONE	jmp
00408368	DONE	exact	QuickDraw/Patches/DrawPicturePatch.a	1952	DONE	label
00408368	DONE	exact	QuickDraw/Patches/DrawPicturePatch.a	2179	DONE	movem.l
00408368	DONE	exact	QuickDraw/Patches/DrawPicturePlusSE.a	385	DONE	move.l
00408368	DONE	exact	QuickDraw/Patches/DrawPicturePlusSE.a	1885	DONE	movem.l
00408368	DONE	exact	QuickDraw/Patches/DrawPicturePlusSE.a	1890	DONE	jmprom
00408368	DONE	exact	QuickDraw/Patches/DrawPicturePortable.a	368	DONE	move.l
00408368	DONE	exact	QuickDraw/Patches/DrawPicturePortable.a	1856	DONE	movem.l
00408368	DONE	exact	QuickDraw/Patches/DrawPicturePortable.a	1861	DONE	jmprom
00408368	DONE	exact	QuickDraw/Patches/PaletteMgrPatch.a	3398	Done	move.l
00408368	DONE	exact	QuickDraw/Patches/QDciPatchROM.a	1646	DONE	jmprom
00408368	DONE	exact	QuickDraw/Patches/QDciPatchROM.a	2294	DONE	label
00408368	DONE	exact	QuickDraw/Patches/QDciPatchROM.a	3893	DONE	move.l
00408368	DONE	exact	QuickDraw/Patches/QDciPatchROM.a	5312	DONE	movem.l
00408368	DONE	exact	QuickDraw/Patches/QDciPatchROM.a	5547	DONE	rts
00408368	DONE	exact	QuickDraw/Patches/QDciPatchROM.a	6187	DONE	move.l
00408368	DONE	exact	QuickDraw/Patches/QDciPatchROM.a	7241	Done	moveq
00408368	DONE	exact	QuickDraw/Patches/QDciPatchROM.a	11577	DONE	clr.w
00408368	DONE	exact	QuickDraw/Patches/QDciPatchROM.a	17058	DONE	add.l
00408368	DONE	exact	QuickDraw/Patches/QDciPatchROM.a	17384	DONE	move.l
00408368	DONE	exact	QuickDraw/Patches/QDciPatchROM.a	18128	Done	jmprom
00408368	DONE	exact	QuickDraw/Patches/QDciPatchROM.a	18469	DONE	movem.l
00408368	DONE	exact	QuickDraw/Patches/QDciPatchROM.a	19158	DONE	jmprom
00408368	DONE	exact	QuickDraw/Patches/QuickDrawPatches.a	152	Done	label
00408368	DONE	exact	QuickDraw/Patches/QuickDrawPatches.a	809	DONE	label
00408368	DONE	exact	QuickDraw/Patches/QuickDrawPatches.a	1126	DONE	move.l
00408368	DONE	exact	QuickDraw/Patches/QuickDrawPatches.a	2380	Done	moveq
00408368	DONE	exact	QuickDraw/Patches/QuickDrawPatches.a	2598	Done	moveq
00408368	DONE	exact	QuickDraw/Patches/QuickPolysMacIIPatch.a	1262	DONE	rts
00408368	DONE	exact	QuickDraw/Patterns.a	262	DONE	move.l
00408368	DONE	exact	QuickDraw/Patterns.a	362	DONE	move.l
00408368	DONE	exact	QuickDraw/Patterns.a	403	DONE	rtd
00408368	DONE	exact	QuickDraw/Patterns.a	488	DONE	move.l
00408368	DONE	exact	QuickDraw/Patterns.a	803	DONE	movem.l
00408368	DONE	exact	QuickDraw/Patterns.a	1881	DONE	movem.l
00408368	DONE	exact	QuickDraw/Patterns.a	1989	DONE	movem.l
00408368	DONE	exact	QuickDraw/Pictures.a	235	DONE	movem.l
00408368	DONE	exact	QuickDraw/Pictures.a	444	DONE	add.l
00408368	DONE	exact	QuickDraw/Pictures.a	793	DONE	movem.l
00408368	DONE	exact	QuickDraw/Pictures.a	1262	DONE	move.l
00408368	DONE	exact	QuickDraw/Pictures.a	3003	DONE	movem.l
00408368	DONE	exact	QuickDraw/Pictures.a	3177	DONE	rts
00408368	DONE	exact	QuickDraw/Pictures.a	3253	DONE	rts
00408368	DONE	exact	QuickDraw/Pictures.a	3353	DONE	movem.l
00408368	DONE	exact	QuickDraw/Pictures.a	3452	DONE	movem.l
00408368	DONE	exact	QuickDraw/Pictures.a	3541	DONE	movem.l
00408368	DONE	exact	QuickDraw/Pictures.a	3831	DONE	rtd
00408368	DONE	exact	QuickDraw/Pictures.a	4331	DONE	move.l
00408368	DONE	exact	QuickDraw/Pictures.a	4485	DONE	move.l
00408368	DONE	exact	QuickDraw/Pictures.a	4747	DONE	movem.l
00408368	DONE	exact	QuickDraw/Pictures.a	4783	DONE	movem.l
00408368	DONE	exact	QuickDraw/Pictures.a	4845	DONE	movem.l
00408368	DONE	exact	QuickDraw/Pictures.a	4911	DONE	movem.l
00408368	DONE	exact	QuickDraw/Pictures.a	5002	DONE	movem.l
00408368	DONE	exact	QuickDraw/Polygons.a	142	DONE	rts
00408368	DONE	exact	QuickDraw/Polygons.a	416	DONE	movem.l
00408368	DONE	exact	QuickDraw/Polygons.a	452	DONE	movem.l
00408368	DONE	exact	QuickDraw/Polygons.a	502	DONE	movem.l
00408368	DONE	exact	QuickDraw/PutLine.a	247	DONE	move.l
00408368	DONE	exact	QuickDraw/PutRgn.a	105	DONE	sub.l
00408368	DONE	exact	QuickDraw/QDUtil.a	220	DONE	move.l
00408368	DONE	exact	QuickDraw/QDUtil.a	369	DONE	move
00408368	DONE	exact	QuickDraw/QDUtil.a	1519	DONE	tst.b
00408368	DONE	exact	QuickDraw/QDUtil.a	1711	DONE	rts
00408368	DONE	exact	QuickDraw/QDUtil.a	4727	DONE	move.l
00408368	DONE	exact	QuickDraw/QuickPolys.a	1160	DONE	rts
00408368	DONE	exact	QuickDraw/Rects.a	357	DONE	move.l
00408368	DONE	exact	QuickDraw/Rects.a	710	DONE	move.l
00408368	DONE	exact	QuickDraw/Rects.a	733	DONE	jmp
00408368	DONE	exact	QuickDraw/Rects.a	767	DONE	jmp
00408368	DONE	exact	QuickDraw/Rects.a	849	DONE	move.l
00408368	DONE	exact	QuickDraw/Regions.a	139	DONE	rts
00408368	DONE	exact	QuickDraw/Regions.a	272	DONE	unlink
00408368	DONE	exact	QuickDraw/Regions.a	325	DONE	movem.l
00408368	DONE	exact	QuickDraw/Regions.a	431	DONE	movem.l
00408368	DONE	exact	QuickDraw/Regions.a	475	DONE	unlink
00408368	DONE	exact	QuickDraw/Regions.a	525	DONE	movem.l
00408368	DONE	exact	QuickDraw/Regions.a	582	DONE	jmp
00408368	DONE	exact	QuickDraw/Regions.a	693	DONE	move.l
00408368	DONE	exact	QuickDraw/Regions.a	745	DONE	move.b
00408368	DONE	exact	QuickDraw/Regions.a	940	DONE	movem.l
00408368	DONE	exact	QuickDraw/Regions.a	1002	DONE	neg.b
00408368	DONE	exact	QuickDraw/Regions.a	1173	DONE	movem.l
00408368	DONE	exact	QuickDraw/Regions.a	1396	DONE	move.l
00408368	DONE	exact	QuickDraw/Regions.a	1505	DONE	movem.l
00408368	DONE	exact	QuickDraw/RgnBlt.a	822	DONE	move.l
00408368	DONE	exact	QuickDraw/RgnOp.a	333	DONE	move.l
00408368	DONE	exact	QuickDraw/RgnOp.a	396	DONE	move
00408368	DONE	exact	QuickDraw/RgnOp.a	457	DONE	move
00408368	DONE	exact	QuickDraw/ScaleBlt.a	647	Done	moveq
00408368	DONE	exact	QuickDraw/SeekRgn.a	183	DONE	rts
00408368	DONE	exact	QuickDraw/SortPoints.a	181	DONE	move.l
00408368	DONE	exact	QuickDraw/Stretch.a	3217	DONE	clr.w
00408368	DONE	exact	QuickDraw/Text.a	1131	DONE	move
00408368	DONE	exact	QuickDraw/getPMData.a	305	DONE	move.l
00408368	DONE	exact	QuickDraw/getPMData.a	423	DONE	move.l
00408368	DONE	exact	QuickDraw/getPMData.a	573	DONE	clr.l
00408368	DONE	exact	Toolbox/AliasMgr/FolderMgr.a	1260	Done	label
00408368	DONE	exact	Toolbox/AliasMgr/FolderMgr.a	1298	Done	label
00408368	DONE	exact	Toolbox/AliasMgr/FolderMgr.a	1435	Done	label
00408368	DONE	exact	Toolbox/AliasMgr/FolderMgr.a	1505	Done	label
00408368	DONE	exact	Toolbox/AliasMgr/FolderMgr.a	1578	Done	label
00408368	DONE	exact	Toolbox/BitEdit/BitEdit.a	353	DONE	movem.l
00408368	DONE	exact	Toolbox/DialogMgr/DialogDispatch.a	918	Done	label
00408368	DONE	exact	Toolbox/HelpMgr/BalloonExtensions.a	178	done	label
00408368	DONE	exact	Toolbox/InSANE/FPBD.a	1109	Done	label
00408368	DONE	exact	Toolbox/InSANE/FPHWB2DC.a	1366	Done	unlk
00408368	DONE	exact	Toolbox/MenuMgr/MenuMgr.a	1236	Done	label
00408368	DONE	exact	Toolbox/MenuMgr/MenuMgr.a	3056	Done	label
00408368	DONE	exact	Toolbox/MenuMgr/SaveRestoreBits.a	267	Done	label
00408368	DONE	exact	Toolbox/MenuMgr/SaveRestoreBits.a	422	Done	label
00408368	DONE	exact	Toolbox/MenuMgr/SaveRestoreBits.a	460	Done	label
00408368	DONE	exact	Toolbox/MenuMgr/SaveRestoreBits.a	612	Done	label
00408368	DONE	exact	Toolbox/MenuMgr/SaveRestoreBits.a	787	Done	label
00408368	DONE	exact	Toolbox/MenuMgr/SaveRestoreBits.a	820	Done	label
00408368	DONE	exact	Toolbox/SANE/Dec2Str.a	309	done	unlk
00408368	DONE	exact	Toolbox/SANE/FP020BD.a	1128	Done	label
00408368	DONE	exact	Toolbox/ScriptMgr/ScriptMgrSysMenuPatch.a	581	Done	label
00408368	DONE	exact	Toolbox/TextEdit/TextEdit.a	3351	Done	label
00408368	DONE	exact	Toolbox/WindowMgr/WindowMgr.a	3344	Done	label
00408368	DONE	exact	Toolbox/WindowMgr/WindowMgrPatches.a	1668	Done	label
0040836c	BitTst	exact	Make/VectorTable.a	2450	BITTST	vatrap
0040836c	BitTst	exact	QuickDraw/Classic/Util.m.a	120	BitTst	func
0040836c	BitTst	exact	QuickDraw/QDUtil.a	224	BitTst	func
0040837a	BitSet	exact	Make/VectorTable.a	2451	BITSET	vatrap
0040837a	BitSet	exact	QuickDraw/Classic/Util.m.a	138	BitSet	bsr.s
0040837a	BitSet	exact	QuickDraw/QDUtil.a	242	BitSet	bsr.s
00408384	BitClr	exact	Make/VectorTable.a	2452	BITCLR	vatrap
00408384	BitClr	exact	QuickDraw/Classic/Util.m.a	148	BitClr	bsr.s
00408384	BitClr	exact	QuickDraw/QDUtil.a	253	BitClr	bsr.s
0040838e	SHARE	exact	QuickDraw/Angles.a	80	SHARE	add
0040838e	SHARE	exact	QuickDraw/Arcs.a	189	SHARE	move.l
0040838e	SHARE	exact	QuickDraw/BitMaps.a	1639	share	link
0040838e	SHARE	exact	QuickDraw/BitMaps.a	1716	share	link
0040838e	SHARE	exact	QuickDraw/BitMaps.a	1865	SHARE	move.l
0040838e	SHARE	exact	QuickDraw/BitMaps.a	2439	SHARE	move.l
0040838e	SHARE	exact	QuickDraw/BitMaps.a	2591	SHARE	move.l
0040838e	SHARE	exact	QuickDraw/Classic/Angles.m.a	100	SHARE	add
0040838e	SHARE	exact	QuickDraw/Classic/Bitmaps.m.a	585	SHARE	move.l
0040838e	SHARE	exact	QuickDraw/Classic/Bitmaps.m.a	1025	SHARE	move.l
0040838e	SHARE	exact	QuickDraw/Classic/GrafAsm.m.a	314	SHARE	move.l
0040838e	SHARE	exact	QuickDraw/Classic/GrafAsm.m.a	414	SHARE	move.l
0040838e	SHARE	exact	QuickDraw/Classic/GrafAsm.m.a	551	SHARE	move.l
0040838e	SHARE	exact	QuickDraw/Classic/Lines.m.a	290	SHARE	move.l
0040838e	SHARE	exact	QuickDraw/Classic/Lines.m.a	310	SHARE	move.l
0040838e	SHARE	exact	QuickDraw/Classic/Pictures.m.a	801	SHARE	move.l
0040838e	SHARE	exact	QuickDraw/Classic/Rects.m.a	584	SHARE	move.l
0040838e	SHARE	exact	QuickDraw/Classic/RgnOp.m.a	348	SHARE	move
0040838e	SHARE	exact	QuickDraw/Classic/Util.m.a	155	SHARE	move.l
0040838e	SHARE	exact	QuickDraw/Classic/Util.m.a	485	SHARE	btst
0040838e	SHARE	exact	QuickDraw/ColorMgr.a	1509	SHARE	move.l
0040838e	SHARE	exact	QuickDraw/ColorMgr.a	1616	SHARE	move.l
0040838e	SHARE	exact	QuickDraw/GDevice.a	1520	SHARE	move.l
0040838e	SHARE	exact	QuickDraw/GrafAsm.a	633	SHARE	move.l
0040838e	SHARE	exact	QuickDraw/GrafAsm.a	736	SHARE	move.l
0040838e	SHARE	exact	QuickDraw/GrafAsm.a	883	SHARE	move.l
0040838e	SHARE	exact	QuickDraw/Lines.a	333	SHARE	move.l
0040838e	SHARE	exact	QuickDraw/MaskAsm.a	145	SHARE	movem.l
0040838e	SHARE	exact	QuickDraw/Ovals.a	186	SHARE	move.l
0040838e	SHARE	exact	QuickDraw/PaletteMgr.a	5239	SHARE	move.l
0040838e	SHARE	exact	QuickDraw/Patches/AllB&WQDPatch.a	651	SHARE	move.l
0040838e	SHARE	exact	QuickDraw/Patches/AllB&WQDPatch.a	689	SHARE	move.l
0040838e	SHARE	exact	QuickDraw/Patches/AllB&WQDPatch.a	2151	SHARE	move.l
0040838e	SHARE	exact	QuickDraw/Patches/DrawPicture32Patch.a	174	SHARE	move.l
0040838e	SHARE	exact	QuickDraw/Patches/DrawPicturePatch.a	378	SHARE	move.l
0040838e	SHARE	exact	QuickDraw/Patches/PaletteMgrPatch.a	3328	SHARE	move.l
0040838e	SHARE	exact	QuickDraw/Patches/QDciPatchROM.a	529	SHARE	move.l
0040838e	SHARE	exact	QuickDraw/Patches/QDciPatchROM.a	2202	SHARE	link
0040838e	SHARE	exact	QuickDraw/Patches/QDciPatchROM.a	2333	share	link
0040838e	SHARE	exact	QuickDraw/Patches/QDciPatchROM.a	6654	share	label
0040838e	SHARE	exact	QuickDraw/Patches/QDciPatchROM.a	6915	share	label
0040838e	SHARE	exact	QuickDraw/Patches/QDciPatchROM.a	17021	SHARE	move.l
0040838e	SHARE	exact	QuickDraw/Patches/QuickDrawPatches.a	581	SHARE	move.l
0040838e	SHARE	exact	QuickDraw/Patches/QuickDrawPatches.a	716	SHARE	label
0040838e	SHARE	exact	QuickDraw/Pictures.a	407	SHARE	move.l
0040838e	SHARE	exact	QuickDraw/Pictures.a	1587	SHARE	addq
0040838e	SHARE	exact	QuickDraw/Polygons.a	204	SHARE	move.l
0040838e	SHARE	exact	QuickDraw/QDUtil.a	260	SHARE	move.l
0040838e	SHARE	exact	QuickDraw/QDUtil.a	750	SHARE	btst
0040838e	SHARE	exact	QuickDraw/QDUtil.a	1391	SHARE	link
0040838e	SHARE	exact	QuickDraw/RRects.a	194	SHARE	move.l
0040838e	SHARE	exact	QuickDraw/Rects.a	452	SHARE	move.l
0040838e	SHARE	exact	QuickDraw/Rects.a	922	SHARE	move.l
0040838e	SHARE	exact	QuickDraw/Regions.a	195	SHARE	move.l
0040838e	SHARE	exact	QuickDraw/RgnOp.a	369	SHARE	move
0040838e	SHARE	exact	QuickDraw/Stretch.a	9511	share	label
0040838e	SHARE	exact	QuickDraw/Stretch.a	10009	share	label
0040838e	SHARE	exact	QuickDraw/Text.a	979	SHARE	move.l
0040838e	SHARE	exact	QuickDraw/Text.a	1021	SHARE	jmp
0040838e	SHARE	exact	QuickDraw/Text.a	1062	SHARE	move.l
0040838e	SHARE	exact	QuickDraw/getPMData.a	580	SHARE	move.l
0040838e	SHARE	exact	Toolbox/ColorPicker/ColorPicker.a	152	share	_penpat
0040838e	SHARE	exact	Toolbox/FontMgr/FontMgr.a	997	SHARE	move.l
0040839c	Random	exact	Make/VectorTable.a	1842	random	vatrap
0040839c	Random	exact	Make/VectorTable.a	2453	RANDOM	vatrap
0040839c	Random	exact	QuickDraw/Classic/Util.m.a	165	Random	func
0040839c	Random	exact	QuickDraw/QDUtil.a	270	Random	func
004083ee	ForeColor	exact	Make/VectorTable.a	2454	FORECOLOR	vatrap
004083ee	ForeColor	exact	QuickDraw/Classic/Util.m.a	228	ForeColor	proc
004083ee	ForeColor	exact	QuickDraw/PictUtilities/puLowLevel.a	106	foreColor	ds.w
004083ee	ForeColor	exact	QuickDraw/QDUtil.a	333	ForeColor	proc
004083f2	BackColor	exact	Make/VectorTable.a	2455	BACKCOLOR	vatrap
004083f2	BackColor	exact	QuickDraw/Classic/Util.m.a	243	BackColor	label
004083f2	BackColor	exact	QuickDraw/PictUtilities/puLowLevel.a	107	backColor	ds.w
004083f2	BackColor	exact	QuickDraw/QDUtil.a	379	BackColor	label
004083f4	PortLong	exact	Make/VectorTable.a	2456	PORTLONG	vindirect
004083f4	PortLong	exact	QuickDraw/Classic/Util.m.a	253	PortLong	label
004083f4	PortLong	exact	QuickDraw/QDUtil.a	389	PortLong	label
00408400	ColorBit	exact	Make/VectorTable.a	2457	COLORBIT	vatrap
00408400	ColorBit	exact	QuickDraw/Classic/Util.m.a	265	ColorBit	label
00408400	ColorBit	exact	QuickDraw/QDUtil.a	401	ColorBit	label
0040840e	GetMaskTab	exact	Make/VectorTable.a	2459	GETMASKTAB	vatrap
0040840e	GetMaskTab	exact	QuickDraw/Classic/Util.m.a	283	GetMaskTab	proc
0040840e	GetMaskTab	exact	QuickDraw/QDUtil.a	419	GetMaskTab	proc
0040840e	GetMaskTable	exact	Libs/InterfaceSrcs/ToolTraps.a	447	GetMaskTable	func
00408414	LEFTMASK	exact	Make/VectorTable.a	2460	LEFTMASK	vindirect
00408414	LEFTMASK	exact	QuickDraw/Classic/Util.m.a	295	LeftMask	label
00408414	LEFTMASK	exact	QuickDraw/QDUtil.a	431	LeftMask	label
00408420	RIGHTMASK	exact	Libs/InterfaceSrcs/BitMaptoRegion.a	107	rightMask	ds.l
00408420	RIGHTMASK	exact	Make/VectorTable.a	2461	RIGHTMASK	vindirect
00408420	RIGHTMASK	exact	QuickDraw/Classic/Regions.m.a	1262	rightMask	ds.l
00408420	RIGHTMASK	exact	QuickDraw/Classic/Util.m.a	301	RIGHTMASK	label
00408420	RIGHTMASK	exact	QuickDraw/Patches/DrawPicture32Patch.a	1374	rightMask	ds.l
00408420	RIGHTMASK	exact	QuickDraw/Patches/QuickDrawPatches.a	1240	rightMask	ds.l
00408420	RIGHTMASK	exact	QuickDraw/QDUtil.a	437	RIGHTMASK	label
00408420	RIGHTMASK	exact	QuickDraw/Regions.a	1599	rightMask	ds.l
00408498	PATEXPAND	exact	Make/VectorTable.a	2435	PATEXPAND	vatrap
00408498	PATEXPAND	exact	QuickDraw/Classic/Patterns.m.a	382	PatExpand	proc
00408498	PATEXPAND	exact	QuickDraw/Classic/Util.m.a	330	PatExpand	proc
00408498	PATEXPAND	exact	QuickDraw/Patches/QDciPatchROM.a	18848	PatExpand	proc
00408498	PATEXPAND	exact	QuickDraw/Patterns.a	623	PatExpand	proc
004085d4	GetPixel	exact	Make/VectorTable.a	2469	GETPIXEL	vatrap
004085d4	GetPixel	exact	QuickDraw/Classic/Util.m.a	524	GetPixel	func
004085d4	GetPixel	exact	QuickDraw/Patches/QDciPatchROM.a	2199	GETPIXEL	label
004085d4	GetPixel	exact	QuickDraw/QDUtil.a	1388	GETPIXEL	label
00408608	StuffHex	exact	Libs/InterfaceSrcs/QUICKDRAW.a	126	stuffhex	proc
00408608	StuffHex	exact	Make/VectorTable.a	2472	STUFFHEX	vatrap
00408608	StuffHex	exact	Make/VectorTable.a	6021	stuffhex	vnovector
00408608	StuffHex	exact	QuickDraw/Classic/Util.m.a	557	StuffHex	proc
00408608	StuffHex	exact	QuickDraw/QDUtil.a	1649	StuffHex	proc
004087a6	InitGraf	exact	Make/VectorTable.a	2195	INITGRAF	vatrap
004087a6	InitGraf	exact	QuickDraw/Classic/GrafAsm.m.a	94	InitGraf	proc
004087a6	InitGraf	exact	QuickDraw/GrafAsm.a	231	InitGraf	proc
0040886c	OpenPort	exact	Make/VectorTable.a	2197	OPENPORT	vatrap
0040886c	OpenPort	exact	QuickDraw/Classic/GrafAsm.m.a	173	OpenPort	proc
0040886c	OpenPort	exact	QuickDraw/GrafAsm.a	443	OpenPort	proc
0040886c	OpenPort	exact	QuickDraw/Patches/QDciPatchROM.a	14483	OpenPort	proc
00408884	InitPort	exact	Make/VectorTable.a	2198	INITPORT	vatrap
00408884	InitPort	exact	QuickDraw/Classic/GrafAsm.m.a	192	InitPort	label
00408884	InitPort	exact	QuickDraw/GWorld.a	1243	initPort	label
00408884	InitPort	exact	QuickDraw/GrafAsm.a	459	InitPort	label
00408884	InitPort	exact	QuickDraw/Patches/QDciPatchROM.a	14498	InitPort	label
00408904	ClosePort	exact	Make/VectorTable.a	2143	CLOSEPORT	vatrap
00408904	ClosePort	exact	QuickDraw/Classic/GrafAsm.m.a	250	ClosePort	proc
00408904	ClosePort	exact	QuickDraw/ColorAsm.a	337	ClosePort	proc
0040891c	SetStdProcs	exact	Make/VectorTable.a	2200	SETSTDPROCS	vatrap
0040891c	SetStdProcs	exact	QuickDraw/Classic/GrafAsm.m.a	267	SetStdProcs	proc
0040891c	SetStdProcs	exact	QuickDraw/GrafAsm.a	564	SetStdProcs	proc
00408956	LocalToGlobal	exact	Make/VectorTable.a	2202	LOCALTOGLOBAL	vatrap
00408956	LocalToGlobal	exact	QuickDraw/Classic/GrafAsm.m.a	291	LocalToGlobal	proc
00408956	LocalToGlobal	exact	QuickDraw/GrafAsm.a	609	LocalToGlobal	proc
0040895e	GlobalToLocal	exact	Make/VectorTable.a	2203	GLOBALTOLOCAL	vatrap
0040895e	GlobalToLocal	exact	QuickDraw/Classic/GrafAsm.m.a	311	GlobalToLocal	label
0040895e	GlobalToLocal	exact	QuickDraw/GrafAsm.a	630	GlobalToLocal	label
0040898a	AddPt	exact	Libs/InterfaceSrcs/QUICKDRAW.a	94	addpt	proc
0040898a	AddPt	exact	Make/VectorTable.a	2204	ADDPT	vatrap
0040898a	AddPt	exact	Make/VectorTable.a	6018	addpt	vnovector
0040898a	AddPt	exact	QuickDraw/Classic/GrafAsm.m.a	340	AddPt	movem.l
0040898a	AddPt	exact	QuickDraw/GrafAsm.a	659	AddPt	movem.l
00408992	SubPt	exact	Libs/InterfaceSrcs/QUICKDRAW.a	103	subpt	proc
00408992	SubPt	exact	Make/VectorTable.a	2205	SUBPT	vatrap
00408992	SubPt	exact	Make/VectorTable.a	6019	subpt	vnovector
00408992	SubPt	exact	QuickDraw/Classic/GrafAsm.m.a	351	SubPt	movem.l
00408992	SubPt	exact	QuickDraw/GrafAsm.a	670	SubPt	movem.l
004089b0	SetPort	exact	Make/VectorTable.a	2206	SETPORT	vatrap
004089b0	SetPort	exact	QuickDraw/Classic/GrafAsm.m.a	369	SetPort	move.l
004089b0	SetPort	exact	QuickDraw/GrafAsm.a	688	SetPort	move.l
004089b8	GetPort	exact	Make/VectorTable.a	2207	GETPORT	vatrap
004089b8	GetPort	exact	QuickDraw/Classic/GrafAsm.m.a	383	GetPort	move.l
004089b8	GetPort	exact	QuickDraw/GrafAsm.a	702	GetPort	move.l
004089c2	GrafDevice	exact	Make/VectorTable.a	2208	GRAFDEVICE	vatrap
004089c2	GrafDevice	exact	QuickDraw/Classic/GrafAsm.m.a	390	GrafDevice	proc
004089c2	GrafDevice	exact	QuickDraw/GrafAsm.a	709	GrafDevice	proc
004089c8	SetPortBits	exact	Make/VectorTable.a	2209	SETPORTBITS	vatrap
004089c8	SetPortBits	exact	QuickDraw/Classic/GrafAsm.m.a	401	SetPortBits	proc
004089c8	SetPortBits	exact	QuickDraw/GrafAsm.a	720	SetPortBits	proc
004089e0	BackPat	exact	Make/VectorTable.a	2210	BACKPAT	vatrap
004089e0	BackPat	exact	QuickDraw/Classic/GrafAsm.m.a	426	BackPat	move.l
004089e0	BackPat	exact	QuickDraw/GrafAsm.a	747	BackPat	move.l
004089ee	PortSize	exact	Make/VectorTable.a	2211	PORTSIZE	vatrap
004089ee	PortSize	exact	QuickDraw/Classic/GrafAsm.m.a	434	PortSize	proc
004089ee	PortSize	exact	QuickDraw/GrafAsm.a	761	PortSize	proc
00408a0e	MovePortTo	exact	Make/VectorTable.a	2212	MOVEPORTTO	vatrap
00408a0e	MovePortTo	exact	QuickDraw/Classic/GrafAsm.m.a	452	MovePortTo	proc
00408a0e	MovePortTo	exact	QuickDraw/GrafAsm.a	779	MovePortTo	proc
00408a3a	SetOrigin	exact	Make/VectorTable.a	2213	SETORIGIN	vatrap
00408a3a	SetOrigin	exact	QuickDraw/Classic/GrafAsm.m.a	484	SetOrigin	label
00408a3a	SetOrigin	exact	QuickDraw/GrafAsm.a	813	SetOrigin	move.l
00408a6e	ClipRect	exact	Make/VectorTable.a	2214	CLIPRECT	vatrap
00408a6e	ClipRect	exact	QuickDraw/Classic/GrafAsm.m.a	511	ClipRect	label
00408a6e	ClipRect	exact	QuickDraw/GrafAsm.a	843	ClipRect	label
00408a80	SetClip	exact	Make/VectorTable.a	2215	SETCLIP	vatrap
00408a80	SetClip	exact	QuickDraw/Classic/GrafAsm.m.a	521	SetClip	proc
00408a80	SetClip	exact	QuickDraw/GrafAsm.a	853	SetClip	proc
00408a8c	GetClip	exact	Make/VectorTable.a	2216	GETCLIP	vatrap
00408a8c	GetClip	exact	QuickDraw/Classic/GrafAsm.m.a	544	GetClip	label
00408a8c	GetClip	exact	QuickDraw/GrafAsm.a	876	GetClip	label
00408aa0	SetPt	exact	Make/VectorTable.a	2217	SETPT	vatrap
00408aa0	SetPt	exact	QuickDraw/Classic/GrafAsm.m.a	556	SetPt	proc
00408aa0	SetPt	exact	QuickDraw/GrafAsm.a	888	SetPt	proc
00408aaa	EqualPt	exact	Libs/InterfaceSrcs/QUICKDRAW.a	112	equalpt	proc
00408aaa	EqualPt	exact	Make/VectorTable.a	2218	EQUALPT	vatrap
00408aaa	EqualPt	exact	Make/VectorTable.a	6020	equalpt	vnovector
00408aaa	EqualPt	exact	QuickDraw/Classic/GrafAsm.m.a	568	EqualPt	func
00408aaa	EqualPt	exact	QuickDraw/GrafAsm.a	900	EqualPt	func
00408ab6	StdText	exact	Libs/InterfaceSrcs/QUICKDRAW.a	140	stdtext	proc
00408ab6	StdText	exact	Make/VectorTable.a	2654	STDTEXT	vatrap
00408ab6	StdText	exact	Make/VectorTable.a	6022	stdtext	vnovector
00408ab6	StdText	exact	QuickDraw/Text.a	221	StdText	proc
00408c62	TextFace	exact	Make/VectorTable.a	2657	TEXTFACE	vatrap
00408c62	TextFace	exact	QuickDraw/Text.a	945	TextFace	proc
00408c62	TextFace	exact	Toolbox/ListMgr/IconLDEF.a	71	textFace	ds.w
00408c6e	DrawChar	exact	Make/VectorTable.a	2658	DRAWCHAR	vatrap
00408c6e	DrawChar	exact	QuickDraw/Text.a	962	DrawChar	label
00408c7c	CharWidth	exact	Make/VectorTable.a	2659	CHARWIDTH	vatrap
00408c7c	CharWidth	exact	QuickDraw/Text.a	973	CharWidth	label
00408c94	TextFont	exact	Make/VectorTable.a	2660	TEXTFONT	vatrap
00408c94	TextFont	exact	QuickDraw/Text.a	985	TextFont	proc
00408c94	TextFont	exact	Toolbox/ListMgr/IconLDEF.a	72	textFont	ds.w
00408c98	TextMode	exact	Make/VectorTable.a	2661	TEXTMODE	vatrap
00408c98	TextMode	exact	QuickDraw/Text.a	1001	TextMode	label
00408c9c	TextSize	exact	Make/VectorTable.a	2662	TEXTSIZE	vatrap
00408c9c	TextSize	exact	QuickDraw/Text.a	1010	TextSize	label
00408c9c	TextSize	exact	Toolbox/ListMgr/IconLDEF.a	70	textSize	ds.w
00408ca2	SpaceExtra	exact	Make/VectorTable.a	2663	SPACEEXTRA	vatrap
00408ca2	SpaceExtra	exact	QuickDraw/Text.a	1024	SpaceExtra	proc
00408cae	DrawString	exact	Libs/InterfaceSrcs/QUICKDRAW.a	18	drawstring	proc
00408cae	DrawString	exact	Make/VectorTable.a	2664	DRAWSTRING	vatrap
00408cae	DrawString	exact	Make/VectorTable.a	6012	drawstring	vnovector
00408cae	DrawString	exact	QuickDraw/Text.a	1041	DrawString	label
00408cc0	DrawText	exact	Make/VectorTable.a	2665	DRAWTEXT	vatrap
00408cc0	DrawText	exact	OS/StartMgr/StartAlert.a	350	DrawText	move.w
00408cc0	DrawText	exact	QuickDraw/Text.a	1055	DrawText	label
00408cd8	StringWidth	exact	Libs/InterfaceSrcs/QUICKDRAW.a	31	stringwidth	proc
00408cd8	StringWidth	exact	Make/VectorTable.a	2666	STRINGWIDTH	vatrap
00408cd8	StringWidth	exact	Make/VectorTable.a	6013	stringwidth	vnovector
00408cd8	StringWidth	exact	QuickDraw/Text.a	1066	StringWidth	func
00408ce8	TextWidth	exact	Make/VectorTable.a	2667	TEXTWIDTH	vatrap
00408ce8	TextWidth	exact	QuickDraw/Text.a	1083	TextWidth	label
00408ce8	TextWidth	exact	Toolbox/ScriptMgr/ScriptMgrExtensions.a	2137	textWidth	ds.l
00408ce8	TextWidth	exact	Toolbox/ScriptMgr/ScriptMgrUtilText.a	153	textWidth	ds.l
00408d50	StdTxMeas	exact	Make/VectorTable.a	2668	STDTXMEAS	vatrap
00408d50	StdTxMeas	exact	QuickDraw/Text.a	1137	StdTxMeas	func
00408df6	MeasureText	exact	Make/VectorTable.a	2669	MEASURETEXT	vatrap
00408df6	MeasureText	exact	Patches/PatchPlusROM.a	764	MeasureText	proc
00408df6	MeasureText	exact	QuickDraw/Text.a	1399	MeasureText	label
00408dfe	UseSwapFont	exact	Patches/PatchPlusROM.a	830	useSwapFont	label
00408dfe	UseSwapFont	exact	QuickDraw/Classic/Text.m.a	1062	useSwapFont	label
00408dfe	UseSwapFont	exact	QuickDraw/Text.a	1453	useSwapFont	label
00408e76	NoScale	exact	QuickDraw/Classic/Pictures.m.a	2966	NOSCALE	add
00408e76	NoScale	exact	QuickDraw/Classic/Text.m.a	1182	NOSCALE	label
00408e76	NoScale	exact	QuickDraw/Patches/QDciPatchROM.a	10825	NOSCALE	move.l
00408e76	NoScale	exact	QuickDraw/Pictures.a	4877	NOSCALE	add
00408e76	NoScale	exact	QuickDraw/Pictures.a	4937	NOSCALE	add.l
00408e76	NoScale	exact	QuickDraw/Stretch.a	2416	NOSCALE	move.l
00408e76	NoScale	exact	QuickDraw/Text.a	1584	NOSCALE	label
00408e76	NoScale	exact	QuickDraw/Text.a	1724	NOSCALE	unlink
00408e84	GetFontInfo	exact	Make/VectorTable.a	2670	GETFONTINFO	vatrap
00408e84	GetFontInfo	exact	QuickDraw/Text.a	1648	GetFontInfo	proc
00409668	StdLine	exact	Libs/InterfaceSrcs/QUICKDRAW.a	152	stdline	proc
00409668	StdLine	exact	Make/VectorTable.a	2259	STDLINE	vatrap
00409668	StdLine	exact	Make/VectorTable.a	6023	stdline	vnovector
00409668	StdLine	exact	QuickDraw/Classic/Lines.m.a	65	StdLine	proc
00409668	StdLine	exact	QuickDraw/Lines.a	42	StdLine	proc
00409668	StdLine	exact	QuickDraw/Patches/QDciPatchROM.a	5317	StdLine	proc
004096fa	LineTo	exact	Make/VectorTable.a	2260	LINETO	vatrap
004096fa	LineTo	exact	QuickDraw/Classic/Lines.m.a	143	LineTo	proc
004096fa	LineTo	exact	QuickDraw/Lines.a	168	LineTo	proc
00409710	Line	exact	Make/VectorTable.a	2261	LINE	vatrap
00409710	Line	exact	QuickDraw/Classic/Lines.m.a	161	Line	proc
00409710	Line	exact	QuickDraw/Lines.a	186	Line	proc
00409728	MoveTo	exact	Make/VectorTable.a	2262	MOVETO	vatrap
00409728	MoveTo	exact	QuickDraw/Classic/Lines.m.a	180	MoveTo	proc
00409728	MoveTo	exact	QuickDraw/Lines.a	205	MoveTo	proc
00409734	Move	exact	Make/VectorTable.a	2264	MOVE	vindirect
00409734	Move	exact	QuickDraw/Classic/Lines.m.a	196	MOVE	proc
00409734	Move	exact	QuickDraw/Lines.a	229	MOVE	proc
004097c0	HidePen	exact	Make/VectorTable.a	2267	HIDEPEN	vatrap
004097c0	HidePen	exact	QuickDraw/Classic/Lines.m.a	274	HidePen	proc
004097c0	HidePen	exact	QuickDraw/Lines.a	317	HidePen	proc
004097c4	ShowPen	exact	Make/VectorTable.a	2268	SHOWPEN	vatrap
004097c4	ShowPen	exact	QuickDraw/Classic/Lines.m.a	289	ShowPen	moveq
004097c4	ShowPen	exact	QuickDraw/Lines.a	332	ShowPen	moveq
004097d0	GetPenState	exact	Make/VectorTable.a	2269	GETPENSTATE	vatrap
004097d0	GetPenState	exact	QuickDraw/Classic/Lines.m.a	297	GetPenState	proc
004097d0	GetPenState	exact	QuickDraw/Lines.a	340	GetPenState	proc
004097d4	SetPenState	exact	Make/VectorTable.a	2270	SETPENSTATE	vatrap
004097d4	SetPenState	exact	QuickDraw/Classic/Lines.m.a	307	SetPenState	label
004097d4	SetPenState	exact	QuickDraw/Lines.a	378	SetPenState	label
004097f6	GetPen	exact	Make/VectorTable.a	2271	GETPEN	vatrap
004097f6	GetPen	exact	QuickDraw/Classic/Lines.m.a	328	GetPen	proc
004097f6	GetPen	exact	QuickDraw/Lines.a	409	GetPen	proc
00409806	PenSize	exact	Make/VectorTable.a	2272	PENSIZE	vatrap
00409806	PenSize	exact	QuickDraw/Classic/Lines.m.a	343	PenSize	proc
00409806	PenSize	exact	QuickDraw/Lines.a	424	PenSize	proc
00409814	PenMode	exact	Make/VectorTable.a	2273	PENMODE	vatrap
00409814	PenMode	exact	QuickDraw/Classic/Lines.m.a	357	PenMode	proc
00409814	PenMode	exact	QuickDraw/Lines.a	438	PenMode	proc
0040981a	PenPat	exact	Make/VectorTable.a	2274	PENPAT	vatrap
0040981a	PenPat	exact	QuickDraw/Classic/Lines.m.a	369	PenPat	proc
0040981a	PenPat	exact	QuickDraw/Lines.a	450	PenPat	proc
0040982e	PenNormal	exact	Make/VectorTable.a	2275	PENNORMAL	vatrap
0040982e	PenNormal	exact	QuickDraw/Classic/Lines.m.a	386	PenNormal	proc
0040982e	PenNormal	exact	QuickDraw/Lines.a	477	PenNormal	label
00409e7e	StdRect	exact	Make/VectorTable.a	2500	STDRECT	vatrap
00409e7e	StdRect	exact	QuickDraw/Classic/Rects.m.a	32	StdRect	proc
00409e7e	StdRect	exact	QuickDraw/Patches/QDciPatchROM.a	5342	StdRect	proc
00409e7e	StdRect	exact	QuickDraw/Rects.a	55	StdRect	proc
00409ee0	PushVerb	exact	Make/VectorTable.a	2503	PUSHVERB	vatrap
00409ee0	PushVerb	exact	QuickDraw/Classic/Rects.m.a	82	PushVerb	proc
00409ee0	PushVerb	exact	QuickDraw/Patches/QDciPatchROM.a	18598	PushVerb	proc
00409ee0	PushVerb	exact	QuickDraw/Rects.a	383	PushVerb	proc
00409f12	FillRect	exact	Make/VectorTable.a	2504	FILLRECT	vatrap
00409f12	FillRect	exact	QuickDraw/Classic/Rects.m.a	121	FillRect	proc
00409f12	FillRect	exact	QuickDraw/Rects.a	435	FillRect	proc
00409f28	FrameRect	exact	Make/VectorTable.a	2506	FRAMERECT	vatrap
00409f28	FrameRect	exact	QuickDraw/Classic/Rects.m.a	144	FrameRect	label
00409f28	FrameRect	exact	QuickDraw/Rects.a	465	FrameRect	label
00409f2c	PaintRect	exact	Make/VectorTable.a	2507	PAINTRECT	vatrap
00409f2c	PaintRect	exact	QuickDraw/Classic/Rects.m.a	153	PaintRect	label
00409f2c	PaintRect	exact	QuickDraw/Rects.a	474	PaintRect	label
00409f30	EraseRect	exact	Make/VectorTable.a	2508	ERASERECT	vatrap
00409f30	EraseRect	exact	QuickDraw/Classic/Rects.m.a	162	EraseRect	label
00409f30	EraseRect	exact	QuickDraw/Rects.a	483	EraseRect	label
0040a082	SetRect	exact	Make/VectorTable.a	2514	SETRECT	vatrap
0040a082	SetRect	exact	QuickDraw/Classic/Rects.m.a	339	SetRect	proc
0040a082	SetRect	exact	QuickDraw/Rects.a	677	SetRect	proc
0040a090	EqualRect	exact	Make/VectorTable.a	2515	EQUALRECT	vatrap
0040a090	EqualRect	exact	QuickDraw/Classic/Rects.m.a	355	EqualRect	func
0040a090	EqualRect	exact	QuickDraw/Rects.a	693	EqualRect	func
0040a0aa	EmptyRect	exact	Make/VectorTable.a	2516	EMPTYRECT	vatrap
0040a0aa	EmptyRect	exact	QuickDraw/Classic/Rects.m.a	377	EmptyRect	func
0040a0aa	EmptyRect	exact	QuickDraw/Rects.a	715	EmptyRect	func
0040a0c4	OffsetRect	exact	Make/VectorTable.a	2517	OFFSETRECT	vatrap
0040a0c4	OffsetRect	exact	QuickDraw/Classic/Rects.m.a	399	OffsetRect	proc
0040a0c4	OffsetRect	exact	QuickDraw/Rects.a	737	OffsetRect	proc
0040a0d6	InsetRect	exact	Make/VectorTable.a	2518	INSETRECT	vatrap
0040a0d6	InsetRect	exact	QuickDraw/Classic/Rects.m.a	415	InsetRect	proc
0040a0d6	InsetRect	exact	QuickDraw/Rects.a	753	InsetRect	proc
0040a0e8	SectRect	exact	Make/VectorTable.a	2519	SECTRECT	vatrap
0040a0e8	SectRect	exact	QuickDraw/Classic/Rects.m.a	433	SectRect	func
0040a0e8	SectRect	exact	QuickDraw/Rects.a	771	SectRect	func
0040a184	UnionRect	exact	Make/VectorTable.a	2521	UNIONRECT	vatrap
0040a184	UnionRect	exact	QuickDraw/Classic/Rects.m.a	527	UnionRect	proc
0040a184	UnionRect	exact	QuickDraw/Rects.a	865	UnionRect	proc
0040a1c2	Pt2Rect	exact	Libs/InterfaceSrcs/QUICKDRAW.a	60	pt2rect	proc
0040a1c2	Pt2Rect	exact	Make/VectorTable.a	2522	PT2RECT	vatrap
0040a1c2	Pt2Rect	exact	Make/VectorTable.a	6015	pt2rect	vnovector
0040a1c2	Pt2Rect	exact	QuickDraw/Classic/Rects.m.a	569	Pt2Rect	move.l
0040a1c2	Pt2Rect	exact	QuickDraw/Rects.a	907	Pt2Rect	move.l
0040a1f8	PtInRect	exact	Libs/InterfaceSrcs/QUICKDRAW.a	47	ptinrect	proc
0040a1f8	PtInRect	exact	Make/VectorTable.a	2523	PTINRECT	vatrap
0040a1f8	PtInRect	exact	Make/VectorTable.a	6014	ptinrect	vnovector
0040a1f8	PtInRect	exact	QuickDraw/Classic/Rects.m.a	590	PtInRect	func
0040a1f8	PtInRect	exact	QuickDraw/Rects.a	928	PtInRect	func
0040a284	BITBLT	exact	Make/VectorTable.a	2045	BITBLT	vatrap
0040a284	BITBLT	exact	QuickDraw/BitBlt.a	86	BITBLT	proc
0040a284	BITBLT	exact	QuickDraw/Classic/BitBlt.m.a	22	BITBLT	proc
0040a2de	MODEOK	exact	DeclData/DeclVideo/RBV/RBVDriver.a	1364	ModeOK	cmp.w
0040a2de	MODEOK	exact	Drivers/Video/JMFBDriver.a	3456	ModeOK	cmp.w
0040a2de	MODEOK	exact	Drivers/Video/TFBDriver.a	1388	ModeOK	cmp.w
0040a2de	MODEOK	exact	QuickDraw/Classic/BitBlt.m.a	147	MODEOK	btst
0040a2de	MODEOK	exact	QuickDraw/Classic/DrawText.m.a	970	MODEOK	and
0040a2de	MODEOK	exact	QuickDraw/Classic/Pictures.m.a	2721	MODEOK	move.l
0040a2de	MODEOK	exact	QuickDraw/Classic/Text.m.a	510	MODEOK	move
0040a2de	MODEOK	exact	QuickDraw/DrawText.a	3475	modeok	label
0040a2de	MODEOK	exact	QuickDraw/GDevice.a	499	ModeOK	label
0040a2de	MODEOK	exact	QuickDraw/PaletteMgr.a	5736	ModeOK	label
0040a2de	MODEOK	exact	QuickDraw/Patches/AllB&WQDPatch.a	1114	MODEOK	move.l
0040a2de	MODEOK	exact	QuickDraw/Patches/QDciPatchROM.a	5304	MODEOK	pea
0040a2de	MODEOK	exact	QuickDraw/Patches/QDciPatchROM.a	14363	ModeOK	label
0040a2de	MODEOK	exact	QuickDraw/Pictures.a	3345	MODEOK	pea
0040a2de	MODEOK	exact	QuickDraw/Text.a	645	MODEOK	move
0040a308	DIREC	exact	QuickDraw/Classic/BitBlt.m.a	179	DIREC	move.l
0040a332	UPSIDE	exact	QuickDraw/BitBlt.a	329	UPSIDE	move
0040a332	UPSIDE	exact	QuickDraw/Classic/BitBlt.m.a	200	UPSIDE	move
0040a332	UPSIDE	exact	QuickDraw/Classic/RgnBlt.m.a	422	UPSIDE	neg
0040a332	UPSIDE	exact	QuickDraw/RgnBlt.a	510	UPSIDE	neg
0040a348	GETSRC	exact	QuickDraw/BitBlt.a	341	GETSRC	move
0040a348	GETSRC	exact	QuickDraw/Classic/BitBlt.m.a	212	GETSRC	move
0040a374	NOTSRC	exact	QuickDraw/BitBlt.a	378	NOTSRC	move
0040a374	NOTSRC	exact	QuickDraw/Classic/BitBlt.m.a	240	NOTSRC	move
0040a3ce	DIROK	exact	QuickDraw/BitBlt.a	473	DIROK	move
0040a3ce	DIROK	exact	QuickDraw/BitMaps.a	821	DIROK	lea
0040a3ce	DIROK	exact	QuickDraw/Classic/BitBlt.m.a	306	DIROK	move
0040a3ce	DIROK	exact	QuickDraw/Patches/QDciPatchROM.a	5796	DIROK	learom
0040a3fc	NOTFAST	exact	Patches/PatchIIROM.a	2462	NOTFAST	sf
0040a3fc	NOTFAST	exact	Patches/PatchIIciROM.a	1961	NOTFAST	sf
0040a3fc	NOTFAST	exact	QuickDraw/BitBlt.a	521	NOTFAST	label
0040a3fc	NOTFAST	exact	QuickDraw/Classic/BitBlt.m.a	328	NOTFAST	and
0040a3fc	NOTFAST	exact	QuickDraw/Classic/DrawLine.m.a	253	NOTFAST	pea
0040a3fc	NOTFAST	exact	QuickDraw/Classic/DrawText.m.a	331	NOTFAST	clr.b
0040a3fc	NOTFAST	exact	QuickDraw/DrawLine.a	334	NOTFAST	pea
0040a3fc	NOTFAST	exact	QuickDraw/DrawText.a	3617	NOTFAST	label
0040a410	DOMAIN	exact	QuickDraw/BitBlt.a	769	DOMAIN	lea
0040a410	DOMAIN	exact	QuickDraw/Classic/BitBlt.m.a	335	DOMAIN	lea
0040a418	NEXTROW	exact	Patches/PatchIIciROM.a	2529	nextRow	label
0040a418	NEXTROW	exact	QuickDraw/BitBlt.a	778	NEXTROW	move.l
0040a418	NEXTROW	exact	QuickDraw/BitMaps.a	1959	NEXTROW	move.l
0040a418	NEXTROW	exact	QuickDraw/Classic/BitBlt.m.a	344	NEXTROW	move
0040a418	NEXTROW	exact	QuickDraw/Classic/Bitmaps.m.a	508	NEXTROW	move
0040a418	NEXTROW	exact	QuickDraw/Classic/Bitmaps.m.a	676	NEXTROW	move.l
0040a418	NEXTROW	exact	QuickDraw/Classic/DrawArc.m.a	631	NEXTROW	cmp
0040a418	NEXTROW	exact	QuickDraw/DrawArc.a	706	NEXTROW	cmp
0040a418	NEXTROW	exact	QuickDraw/DrawText.a	4841	nextRow	label
0040a41e	ROWLOOP	exact	QuickDraw/BitBlt.a	788	ROWLOOP	move.l
0040a41e	ROWLOOP	exact	QuickDraw/Classic/BitBlt.m.a	347	ROWLOOP	move
0040a426	NXTSRC	exact	QuickDraw/BitBlt.a	783	NXTSRC	add
0040a426	NXTSRC	exact	QuickDraw/BitMaps.a	1044	NXTSRC	move.l
0040a426	NXTSRC	exact	QuickDraw/Classic/BitBlt.m.a	351	NXTSRC	add
0040a426	NXTSRC	exact	QuickDraw/Patches/QDciPatchROM.a	6019	NXTSRC	move.l
0040a426	NXTSRC	exact	QuickDraw/Stretch.a	7814	NXTSRC	bfextu
0040a432	NXTPAT	exact	QuickDraw/BitBlt.a	806	NXTPAT	label
0040a432	NXTPAT	exact	QuickDraw/Classic/BitBlt.m.a	356	NXTPAT	add
0040a442	GOHOME	exact	Libs/InterfaceSrcs/OSTraps.a	2362	goHome	rts
0040a442	GOHOME	exact	OS/NetBoot/NetBoot.a	235	GoHome	move.w
0040a442	GOHOME	exact	Patches/PatchIIROM.a	2356	goHome	jmprom
0040a442	GOHOME	exact	Patches/PatchIIciROM.a	949	GoHome	clr.l
0040a442	GOHOME	exact	Patches/PatchIIciROM.a	3006	GOHOME	label
0040a442	GOHOME	exact	QuickDraw/BitBlt.a	804	GOHOME	rts
0040a442	GOHOME	exact	QuickDraw/BitMaps.a	704	GOHOME	movem.l
0040a442	GOHOME	exact	QuickDraw/BitMaps.a	2050	GOHOME	move.l
0040a442	GOHOME	exact	QuickDraw/CheckDevicesINIT.a	972	GoHome	label
0040a442	GOHOME	exact	QuickDraw/Classic/BitBlt.m.a	363	GOHOME	movem.l
0040a442	GOHOME	exact	QuickDraw/Classic/Bitmaps.m.a	202	GOHOME	movem.l
0040a442	GOHOME	exact	QuickDraw/Classic/Bitmaps.m.a	555	GOHOME	move.l
0040a442	GOHOME	exact	QuickDraw/Classic/Bitmaps.m.a	767	GOHOME	move.l
0040a442	GOHOME	exact	QuickDraw/Classic/ClassicGWorld.a	381	goHome	label
0040a442	GOHOME	exact	QuickDraw/Classic/ClassicGWorld.a	2142	goHome	label
0040a442	GOHOME	exact	QuickDraw/Classic/DrawArc.m.a	875	GOHOME	move.l
0040a442	GOHOME	exact	QuickDraw/Classic/DrawArc.m.a	1145	GOHOME	rts
0040a442	GOHOME	exact	QuickDraw/Classic/DrawLine.m.a	558	GOHOME	move.l
0040a442	GOHOME	exact	QuickDraw/Classic/DrawText.m.a	977	GOHOME	label
0040a442	GOHOME	exact	QuickDraw/Classic/Pictures.m.a	314	GOHOME	movem.l
0040a442	GOHOME	exact	QuickDraw/Classic/Pictures.m.a	465	GOHOME	movem.l
0040a442	GOHOME	exact	QuickDraw/Classic/Pictures.m.a	757	GOHOME	movem.l
0040a442	GOHOME	exact	QuickDraw/Classic/Polygons.m.a	135	GOHOME	movem.l
0040a442	GOHOME	exact	QuickDraw/Classic/Polygons.m.a	544	GoHome	movem.l
0040a442	GOHOME	exact	QuickDraw/Classic/Polygons.m.a	1137	GoHome	move.l
0040a442	GOHOME	exact	QuickDraw/Classic/Polygons.m.a	1350	GoHome	movem.l
0040a442	GOHOME	exact	QuickDraw/Classic/PutLine.m.a	233	GOHOME	movem.l
0040a442	GOHOME	exact	QuickDraw/Classic/PutRgn.m.a	98	GOHOME	movem.l
0040a442	GOHOME	exact	QuickDraw/Classic/Rects.m.a	77	GOHOME	movem.l
0040a442	GOHOME	exact	QuickDraw/Classic/Rects.m.a	229	GOHOME	unlink
0040a442	GOHOME	exact	QuickDraw/Classic/Rects.m.a	335	GOHOME	unlink
0040a442	GOHOME	exact	QuickDraw/Classic/Regions.m.a	78	GOHOME	movem.l
0040a442	GOHOME	exact	QuickDraw/Classic/Regions.m.a	608	GOHOME	movem.l
0040a442	GOHOME	exact	QuickDraw/Classic/Regions.m.a	1015	GOHOME	move.l
0040a442	GOHOME	exact	QuickDraw/Classic/RgnBlt.m.a	542	GOHOME	move.l
0040a442	GOHOME	exact	QuickDraw/Classic/SortPoints.m.a	135	GOHOME	movem.l
0040a442	GOHOME	exact	QuickDraw/Classic/SortPoints.m.a	186	GOHOME	movem.l
0040a442	GOHOME	exact	QuickDraw/Classic/Stretch.m.a	522	GOHOME	move.l
0040a442	GOHOME	exact	QuickDraw/Classic/Text.m.a	744	GOHOME	movem.l
0040a442	GOHOME	exact	QuickDraw/ColorMgr.a	2638	GoHome	move.l
0040a442	GOHOME	exact	QuickDraw/DrawArc.a	958	GOHOME	bset
0040a442	GOHOME	exact	QuickDraw/DrawArc.a	1149	GOHOME	rts
0040a442	GOHOME	exact	QuickDraw/DrawLine.a	716	GOHOME	bset
0040a442	GOHOME	exact	QuickDraw/DrawText.a	5590	GOHOME	label
0040a442	GOHOME	exact	QuickDraw/GDevice.a	823	GOHOME	movem.l
0040a442	GOHOME	exact	QuickDraw/GDevice.a	1333	GoHome	movem.l
0040a442	GOHOME	exact	QuickDraw/GWorld.a	1352	goHome	move
0040a442	GOHOME	exact	QuickDraw/GWorld.a	4287	goHome	move
0040a442	GOHOME	exact	QuickDraw/PaletteMgr.a	461	GoHome	move.l
0040a442	GOHOME	exact	QuickDraw/PaletteMgr.a	536	GoHome	movem.l
0040a442	GOHOME	exact	QuickDraw/PaletteMgr.a	806	GoHome	tst.l
0040a442	GOHOME	exact	QuickDraw/PaletteMgr.a	899	GoHome	movem.l
0040a442	GOHOME	exact	QuickDraw/PaletteMgr.a	959	GoHome	move.l
0040a442	GOHOME	exact	QuickDraw/PaletteMgr.a	1111	GoHome	moveq
0040a442	GOHOME	exact	QuickDraw/PaletteMgr.a	1152	GoHome	rts
0040a442	GOHOME	exact	QuickDraw/PaletteMgr.a	1214	GoHome	movem.l
0040a442	GOHOME	exact	QuickDraw/PaletteMgr.a	1356	GoHome	move.l
0040a442	GOHOME	exact	QuickDraw/PaletteMgr.a	1402	GoHome	clr.l
0040a442	GOHOME	exact	QuickDraw/PaletteMgr.a	1460	GoHome	move.l
0040a442	GOHOME	exact	QuickDraw/PaletteMgr.a	1775	GoHome	movem.l
0040a442	GOHOME	exact	QuickDraw/PaletteMgr.a	1837	GoHome	move
0040a442	GOHOME	exact	QuickDraw/PaletteMgr.a	1894	GoHome	move.l
0040a442	GOHOME	exact	QuickDraw/PaletteMgr.a	2063	GoHome	movem.l
0040a442	GOHOME	exact	QuickDraw/PaletteMgr.a	2197	GoHome	unlk
0040a442	GOHOME	exact	QuickDraw/PaletteMgr.a	2292	GoHome	move.l
0040a442	GOHOME	exact	QuickDraw/PaletteMgr.a	2353	GoHome	unlk
0040a442	GOHOME	exact	QuickDraw/PaletteMgr.a	2419	GoHome	movem.l
0040a442	GOHOME	exact	QuickDraw/PaletteMgr.a	2535	GoHome	movem.l
0040a442	GOHOME	exact	QuickDraw/PaletteMgr.a	2669	GoHome	unlk
0040a442	GOHOME	exact	QuickDraw/PaletteMgr.a	2810	GoHome	moveq
0040a442	GOHOME	exact	QuickDraw/PaletteMgr.a	2973	GoHome	moveq
0040a442	GOHOME	exact	QuickDraw/PaletteMgr.a	3009	GoHome	moveq
0040a442	GOHOME	exact	QuickDraw/PaletteMgr.a	3109	GoHome	movem.l
0040a442	GOHOME	exact	QuickDraw/PaletteMgr.a	3248	GoHome	moveq
0040a442	GOHOME	exact	QuickDraw/PaletteMgr.a	3292	GoHome	moveq
0040a442	GOHOME	exact	QuickDraw/PaletteMgr.a	3329	GoHome	moveq
0040a442	GOHOME	exact	QuickDraw/PaletteMgr.a	3399	GoHome	moveq
0040a442	GOHOME	exact	QuickDraw/PaletteMgr.a	3473	GoHome	moveq
0040a442	GOHOME	exact	QuickDraw/PaletteMgr.a	3538	GoHome	moveq
0040a442	GOHOME	exact	QuickDraw/PaletteMgr.a	3702	GoHome	moveq
0040a442	GOHOME	exact	QuickDraw/PaletteMgr.a	3847	GoHome	moveq
0040a442	GOHOME	exact	QuickDraw/PaletteMgr.a	3878	GoHome	movem.l
0040a442	GOHOME	exact	QuickDraw/PaletteMgr.a	4052	GoHome	movem.l
0040a442	GOHOME	exact	QuickDraw/PaletteMgr.a	4265	GoHome	movem.l
0040a442	GOHOME	exact	QuickDraw/PaletteMgr.a	4472	goHome	rtd
0040a442	GOHOME	exact	QuickDraw/PaletteMgr.a	5311	GoHome	rtd
0040a442	GOHOME	exact	QuickDraw/PaletteMgr.a	5509	GoHome	move.l
0040a442	GOHOME	exact	QuickDraw/Patches/AllB&WQDPatch.a	2029	GoHome	jmprom
0040a442	GOHOME	exact	QuickDraw/Patches/AllB&WQDPatch.a	2240	GoHome	label
0040a442	GOHOME	exact	QuickDraw/Patches/DrawPicturePatch.a	322	GOHOME	movem.l
0040a442	GOHOME	exact	QuickDraw/Patches/DrawPicturePatch.a	331	GOHOME	jmp
0040a442	GOHOME	exact	QuickDraw/Patches/DrawPicturePlusSE.a	437	GOHOME	movem.l
0040a442	GOHOME	exact	QuickDraw/Patches/DrawPicturePortable.a	420	GOHOME	movem.l
0040a442	GOHOME	exact	QuickDraw/Patches/PaletteMgrPatch.a	314	GoHome	movem.l
0040a442	GOHOME	exact	QuickDraw/Patches/PaletteMgrPatch.a	442	GoHome	tst.l
0040a442	GOHOME	exact	QuickDraw/Patches/PaletteMgrPatch.a	532	GoHome	movem.l
0040a442	GOHOME	exact	QuickDraw/Patches/PaletteMgrPatch.a	592	GoHome	move.l
0040a442	GOHOME	exact	QuickDraw/Patches/PaletteMgrPatch.a	687	GoHome	moveq
0040a442	GOHOME	exact	QuickDraw/Patches/PaletteMgrPatch.a	751	GoHome	movem.l
0040a442	GOHOME	exact	QuickDraw/Patches/PaletteMgrPatch.a	780	GoHome	move.l
0040a442	GOHOME	exact	QuickDraw/Patches/PaletteMgrPatch.a	845	GoHome	move.l
0040a442	GOHOME	exact	QuickDraw/Patches/PaletteMgrPatch.a	922	GoHome	movem.l
0040a442	GOHOME	exact	QuickDraw/Patches/PaletteMgrPatch.a	1074	GoHome	movem.l
0040a442	GOHOME	exact	QuickDraw/Patches/PaletteMgrPatch.a	1184	GoHome	unlk
0040a442	GOHOME	exact	QuickDraw/Patches/PaletteMgrPatch.a	1233	GoHome	movem.l
0040a442	GOHOME	exact	QuickDraw/Patches/PaletteMgrPatch.a	1874	GoHome	moveq
0040a442	GOHOME	exact	QuickDraw/Patches/PaletteMgrPatch.a	1962	GoHome	move.l
0040a442	GOHOME	exact	QuickDraw/Patches/PaletteMgrPatch.a	2193	GoHome	move.l
0040a442	GOHOME	exact	QuickDraw/Patches/PaletteMgrPatch.a	2224	GoHome	unlk
0040a442	GOHOME	exact	QuickDraw/Patches/PaletteMgrPatch.a	2310	GoHome	unlk
0040a442	GOHOME	exact	QuickDraw/Patches/PaletteMgrPatch.a	2370	GoHome	unlk
0040a442	GOHOME	exact	QuickDraw/Patches/PaletteMgrPatch.a	2436	GoHome	movem.l
0040a442	GOHOME	exact	QuickDraw/Patches/PaletteMgrPatch.a	2551	GoHome	moveq
0040a442	GOHOME	exact	QuickDraw/Patches/PaletteMgrPatch.a	2690	GoHome	moveq
0040a442	GOHOME	exact	QuickDraw/Patches/PaletteMgrPatch.a	2853	GoHome	moveq
0040a442	GOHOME	exact	QuickDraw/Patches/PaletteMgrPatch.a	2889	GoHome	moveq
0040a442	GOHOME	exact	QuickDraw/Patches/PaletteMgrPatch.a	2926	GoHome	moveq
0040a442	GOHOME	exact	QuickDraw/Patches/PaletteMgrPatch.a	2963	GoHome	moveq
0040a442	GOHOME	exact	QuickDraw/Patches/PaletteMgrPatch.a	3000	GoHome	moveq
0040a442	GOHOME	exact	QuickDraw/Patches/PaletteMgrPatch.a	3068	GoHome	moveq
0040a442	GOHOME	exact	QuickDraw/Patches/PaletteMgrPatch.a	3133	GoHome	moveq
0040a442	GOHOME	exact	QuickDraw/Patches/PaletteMgrPatch.a	3297	GoHome	moveq
0040a442	GOHOME	exact	QuickDraw/Patches/PaletteMgrPatch.a	3400	GoHome	rtd
0040a442	GOHOME	exact	QuickDraw/Patches/PaletteMgrPatch.a	3716	GoHome	clr.l
0040a442	GOHOME	exact	QuickDraw/Patches/QDciPatchROM.a	618	GoHome	label
0040a442	GOHOME	exact	QuickDraw/Patches/QDciPatchROM.a	1236	GOHOME	rts
0040a442	GOHOME	exact	QuickDraw/Patches/QDciPatchROM.a	4832	GOHOME	movem.l
0040a442	GOHOME	exact	QuickDraw/Patches/QDciPatchROM.a	5513	GOHOME	movem.l
0040a442	GOHOME	exact	QuickDraw/Patches/QDciPatchROM.a	11584	GOHOME	bset
0040a442	GOHOME	exact	QuickDraw/Patches/QDciPatchROM.a	17450	GOHOME	movem.l
0040a442	GOHOME	exact	QuickDraw/Patches/QDciPatchROM.a	18553	GOHOME	jmprom
0040a442	GOHOME	exact	QuickDraw/Patches/QDciPatchROM.a	19050	GOHOME	jmprom
0040a442	GOHOME	exact	QuickDraw/Patches/QuickDrawPatches.a	670	GoHome	label
0040a442	GOHOME	exact	QuickDraw/Patches/QuickDrawPatches.a	849	GOHOME	jmprom
0040a442	GOHOME	exact	QuickDraw/Patches/QuickDrawPatches.a	2075	GOHOME	rts
0040a442	GOHOME	exact	QuickDraw/Patches/QuickPolysClassicPatch.a	233	GoHome	movem.l
0040a442	GOHOME	exact	QuickDraw/Patches/QuickPolysClassicPatch.a	826	GoHome	move.l
0040a442	GOHOME	exact	QuickDraw/Patches/QuickPolysClassicPatch.a	988	GoHome	movem.l
0040a442	GOHOME	exact	QuickDraw/Patches/QuickPolysClassicPatch.a	1047	GOHOME	movem.l
0040a442	GOHOME	exact	QuickDraw/Patches/QuickPolysMacIIPatch.a	188	GoHome	movem.l
0040a442	GOHOME	exact	QuickDraw/Patches/QuickPolysMacIIPatch.a	1013	GoHome	bset
0040a442	GOHOME	exact	QuickDraw/Patches/QuickPolysMacIIPatch.a	1178	GoHome	movem.l
0040a442	GOHOME	exact	QuickDraw/Patches/QuickPolysMacIIPatch.a	1229	GOHOME	movem.l
0040a442	GOHOME	exact	QuickDraw/Pictures.a	326	GOHOME	movem.l
0040a442	GOHOME	exact	QuickDraw/Pictures.a	848	GOHOME	movem.l
0040a442	GOHOME	exact	QuickDraw/Pictures.a	1329	GOHOME	movem.l
0040a442	GOHOME	exact	QuickDraw/Polygons.a	78	GOHOME	movem.l
0040a442	GOHOME	exact	QuickDraw/PutLine.a	251	GOHOME	movem.l
0040a442	GOHOME	exact	QuickDraw/PutRgn.a	107	GOHOME	movem.l
0040a442	GOHOME	exact	QuickDraw/QuickPolys.a	177	GoHome	movem.l
0040a442	GOHOME	exact	QuickDraw/QuickPolys.a	896	GoHome	bset
0040a442	GOHOME	exact	QuickDraw/QuickPolys.a	1073	GoHome	movem.l
0040a442	GOHOME	exact	QuickDraw/QuickPolys.a	1127	GOHOME	movem.l
0040a442	GOHOME	exact	QuickDraw/Rects.a	92	GOHOME	movem.l
0040a442	GOHOME	exact	QuickDraw/Rects.a	366	GOHOME	bset
0040a442	GOHOME	exact	QuickDraw/Rects.a	557	GOHOME	unlink
0040a442	GOHOME	exact	QuickDraw/Rects.a	673	GOHOME	unlink
0040a442	GOHOME	exact	QuickDraw/Rects.a	1028	GOHOME	unlink
0040a442	GOHOME	exact	QuickDraw/Regions.a	95	GOHOME	movem.l
0040a442	GOHOME	exact	QuickDraw/Regions.a	696	GOHOME	movem.l
0040a442	GOHOME	exact	QuickDraw/Regions.a	1101	GOHOME	move.l
0040a442	GOHOME	exact	QuickDraw/SortPoints.a	135	GOHOME	movem.l
0040a442	GOHOME	exact	QuickDraw/SortPoints.a	186	GOHOME	movem.l
0040a442	GOHOME	exact	QuickDraw/Stretch.a	3224	GOHOME	bset
0040a442	GOHOME	exact	QuickDraw/Text.a	853	GOHOME	bset
0040a442	GOHOME	exact	QuickDraw/Text.a	1132	GOHOME	unlink
0040a442	GOHOME	exact	Toolbox/Munger/Munger.a	368	goHome	label
0040a442	GOHOME	exact	Toolbox/ScrapMgr/ScrapMgr.a	320	goHome	label
0040a442	GOHOME	exact	Toolbox/TextEdit/StyledTextEdit.a	4998	goHome	label
0040a442	GOHOME	exact	Toolbox/TextEdit/TextEdit.a	10521	goHome	label
0040a442	GOHOME	exact	Toolbox/TextEdit/TextEditPatchIIciROM.a	5237	goHome	label
0040a450	MODETAB	exact	QuickDraw/BitBlt.a	876	MODETAB	dc.w
0040a450	MODETAB	exact	QuickDraw/Classic/BitBlt.m.a	383	MODETAB	dc.w
0040a450	MODETAB	exact	QuickDraw/Classic/RgnBlt.m.a	692	MODETAB	dc.w
0040a450	MODETAB	exact	QuickDraw/Classic/Stretch.m.a	748	MODETAB	dc.b
0040a450	MODETAB	exact	QuickDraw/Classic/Util.m.a	810	MODETAB	dc.b
0040a450	MODETAB	exact	QuickDraw/QDUtil.a	4453	MODETAB	dc.w
0040a450	MODETAB	exact	QuickDraw/RgnBlt.a	924	MODETAB	dc.w
0040a450	MODETAB	exact	QuickDraw/Stretch.a	6136	MODETAB	dc.w
0040a470	LEFT0	exact	QuickDraw/BitBlt.a	4643	Left0	label
0040a470	LEFT0	exact	QuickDraw/Classic/BitBlt.m.a	407	LEFT0	move
0040a470	LEFT0	exact	QuickDraw/Patches/QuickerDraw.a	6640	Left0	label
0040a494	LTWO0	exact	QuickDraw/BitBlt.a	1006	LTWO0	move.l
0040a494	LTWO0	exact	QuickDraw/Classic/BitBlt.m.a	425	LTWO0	move.l
0040a496	LONE0	exact	QuickDraw/BitBlt.a	1007	LONE0	move.l
0040a496	LONE0	exact	QuickDraw/Classic/BitBlt.m.a	426	LONE0	move.l
0040a49a	LMORE0	exact	QuickDraw/Classic/BitBlt.m.a	428	LMORE0	bgt
0040a4a4	SETUP0	exact	QuickDraw/Classic/BitBlt.m.a	440	SETUP0	lea
0040a4b0	FAST0	exact	QuickDraw/Classic/BitBlt.m.a	444	FAST0	move
0040a4c6	END0	exact	QuickDraw/Classic/BitBlt.m.a	461	END0	and
0040a4c8	MAIN0	exact	QuickDraw/Classic/BitBlt.m.a	462	MAIN0	move.l
0040a4ea	COPYBIG	exact	QuickDraw/Classic/BitBlt.m.a	483	COPYBIG	bclr
0040a502	COPY32	exact	QuickDraw/Classic/BitBlt.m.a	493	COPY32	move.l
0040a524	COPY31	exact	QuickDraw/Classic/BitBlt.m.a	512	COPY31	move.l
0040a542	COPY1	exact	QuickDraw/Classic/BitBlt.m.a	527	COPY1	move.w
0040a542	COPY1	exact	QuickDraw/Lines.a	358	COPY1	move.l
0040a546	END1	exact	QuickDraw/Classic/BitBlt.m.a	536	END1	and
0040a548	MAIN1	exact	Patches/PatchIIciROM.a	2446	MAIN1	label
0040a548	MAIN1	exact	QuickDraw/Classic/BitBlt.m.a	537	MAIN1	move.l
0040a548	MAIN1	exact	QuickDraw/Classic/DrawText.m.a	637	MAIN1	move.l
0040a548	MAIN1	exact	QuickDraw/DrawText.a	4758	MAIN1	label
0040a564	END2	exact	QuickDraw/Classic/BitBlt.m.a	555	END2	and
0040a566	MAIN2	exact	QuickDraw/Classic/BitBlt.m.a	556	MAIN2	move.l
0040a582	END3	exact	QuickDraw/Classic/BitBlt.m.a	574	END3	and
0040a584	MAIN3	exact	QuickDraw/Classic/BitBlt.m.a	575	MAIN3	move.l
0040a5a2	WORD8	exact	QuickDraw/Classic/BitBlt.m.a	594	WORD8	and
0040a5a2	WORD8	exact	QuickDraw/DrawText.a	1920	word8	label
0040a5a8	WORD8A	exact	QuickDraw/Classic/BitBlt.m.a	597	WORD8A	and
0040a5c6	SETUP8	exact	QuickDraw/Classic/BitBlt.m.a	614	SETUP8	lea
0040a5ce	CALCLP	exact	QuickDraw/Classic/BitBlt.m.a	616	CALCLP	cmp
0040a5e6	FAST8	exact	QuickDraw/Classic/BitBlt.m.a	627	FAST8	move
0040a5e6	FAST8	exact	QuickDraw/Classic/Util.m.a	822	FAST8	beq.s
0040a5e6	FAST8	exact	QuickDraw/QDUtil.a	4533	FAST8	beq.s
0040a5f8	END8	exact	QuickDraw/Classic/BitBlt.m.a	638	END8	move
0040a5f8	END8	exact	QuickDraw/Classic/Util.m.a	736	END8	and
0040a5f8	END8	exact	QuickDraw/QDUtil.a	1931	END8	and.l
0040a608	FILLBIG	exact	QuickDraw/Classic/BitBlt.m.a	651	FILLBIG	bclr
0040a620	FILL32	exact	QuickDraw/Classic/BitBlt.m.a	661	FILL32	move.l
0040a642	FILL31	exact	QuickDraw/Classic/BitBlt.m.a	679	FILL31	move.l
0040a664	END9	exact	QuickDraw/Classic/BitBlt.m.a	702	END9	and
0040a664	END9	exact	QuickDraw/Classic/Util.m.a	755	END9	and
0040a664	END9	exact	QuickDraw/QDUtil.a	2101	END9	and.l
0040a666	MAIN9	exact	QuickDraw/Classic/BitBlt.m.a	703	MAIN9	move
0040a678	SETUP10	exact	QuickDraw/Classic/BitBlt.m.a	717	SETUP10	lea
0040a684	FAST10	exact	QuickDraw/Classic/BitBlt.m.a	721	FAST10	move
0040a684	FAST10	exact	QuickDraw/Classic/Util.m.a	836	FAST10	beq.s
0040a684	FAST10	exact	QuickDraw/QDUtil.a	4560	FAST10	beq.s
0040a694	END10	exact	QuickDraw/Classic/BitBlt.m.a	731	END10	and
0040a694	END10	exact	QuickDraw/Classic/Util.m.a	770	END10	and
0040a694	END10	exact	QuickDraw/QDUtil.a	2146	END10	and.l
0040a69e	XORBIG	exact	QuickDraw/Classic/BitBlt.m.a	741	XORBIG	bclr
0040a6b6	XOR32	exact	QuickDraw/Classic/BitBlt.m.a	751	XOR32	eor.l
0040a6d8	XOR31	exact	QuickDraw/Classic/BitBlt.m.a	769	XOR31	eor.l
0040a6fa	END11	exact	QuickDraw/Classic/BitBlt.m.a	792	END11	and
0040a6fa	END11	exact	QuickDraw/Classic/Util.m.a	785	END11	and
0040a6fa	END11	exact	QuickDraw/QDUtil.a	2164	END11	and.l
0040a6fc	MAIN11	exact	QuickDraw/Classic/BitBlt.m.a	793	MAIN11	move
0040ac70	StdRRect	exact	Make/VectorTable.a	2584	STDRRECT	vatrap
0040ac70	StdRRect	exact	QuickDraw/Classic/RRects.m.a	32	StdRRect	proc
0040ac70	StdRRect	exact	QuickDraw/Patches/QDciPatchROM.a	5371	StdRRect	proc
0040ac70	StdRRect	exact	QuickDraw/RRects.a	36	StdRRect	proc
0040aca8	OVALOK	exact	QuickDraw/Classic/RRects.m.a	69	OVALOK	moveq
0040aca8	OVALOK	exact	QuickDraw/Patches/AllB&WQDPatch.a	1525	OVALOK	label
0040aca8	OVALOK	exact	QuickDraw/RRects.a	75	OVALOK	moveq
0040acb6	NOTPIC	exact	QuickDraw/Arcs.a	78	NOTPIC	pea
0040acb6	NOTPIC	exact	QuickDraw/BitMaps.a	694	NOTPIC	tst
0040acb6	NOTPIC	exact	QuickDraw/Classic/Arcs.m.a	67	NOTPIC	move.l
0040acb6	NOTPIC	exact	QuickDraw/Classic/Bitmaps.m.a	188	NOTPIC	tst
0040acb6	NOTPIC	exact	QuickDraw/Classic/Lines.m.a	136	NOTPIC	move.l
0040acb6	NOTPIC	exact	QuickDraw/Classic/Ovals.m.a	60	NOTPIC	move.l
0040acb6	NOTPIC	exact	QuickDraw/Classic/Polygons.m.a	111	NOTPIC	move.l
0040acb6	NOTPIC	exact	QuickDraw/Classic/RRects.m.a	75	NOTPIC	move.l
0040acb6	NOTPIC	exact	QuickDraw/Classic/Rects.m.a	59	NOTPIC	move.l
0040acb6	NOTPIC	exact	QuickDraw/Classic/Regions.m.a	61	NOTPIC	move.l
0040acb6	NOTPIC	exact	QuickDraw/Classic/Text.m.a	731	NOTPIC	move
0040acb6	NOTPIC	exact	QuickDraw/Lines.a	119	NOTPIC	pea
0040acb6	NOTPIC	exact	QuickDraw/Ovals.a	68	NOTPIC	pea
0040acb6	NOTPIC	exact	QuickDraw/Patches/AllB&WQDPatch.a	1436	NotPic	label
0040acb6	NOTPIC	exact	QuickDraw/Patches/AllB&WQDPatch.a	1462	NotPic	label
0040acb6	NOTPIC	exact	QuickDraw/Patches/AllB&WQDPatch.a	1484	NotPic	label
0040acb6	NOTPIC	exact	QuickDraw/Patches/AllB&WQDPatch.a	1528	NotPic	label
0040acb6	NOTPIC	exact	QuickDraw/Patches/AllB&WQDPatch.a	1558	NotPic	label
0040acb6	NOTPIC	exact	QuickDraw/Patches/AllB&WQDPatch.a	1590	NotPic	label
0040acb6	NOTPIC	exact	QuickDraw/Patches/AllB&WQDPatch.a	1615	NotPic	label
0040acb6	NOTPIC	exact	QuickDraw/Patches/AllB&WQDPatch.a	1650	NOTPIC	move.l
0040acb6	NOTPIC	exact	QuickDraw/Patches/QDciPatchROM.a	4822	NOTPIC	tst
0040acb6	NOTPIC	exact	QuickDraw/Patches/QDciPatchROM.a	5338	NotPic	label
0040acb6	NOTPIC	exact	QuickDraw/Patches/QDciPatchROM.a	5367	NotPic	label
0040acb6	NOTPIC	exact	QuickDraw/Patches/QDciPatchROM.a	5396	NOTPIC	label
0040acb6	NOTPIC	exact	QuickDraw/Patches/QDciPatchROM.a	5428	NOTPIC	label
0040acb6	NOTPIC	exact	QuickDraw/Patches/QDciPatchROM.a	5462	NOTPIC	label
0040acb6	NOTPIC	exact	QuickDraw/Patches/QDciPatchROM.a	5509	NOTPIC	pea
0040acb6	NOTPIC	exact	QuickDraw/Patches/QDciPatchROM.a	5644	NOTPIC	label
0040acb6	NOTPIC	exact	QuickDraw/Patches/QuickPolysClassicPatch.a	1023	NOTPIC	move.l
0040acb6	NOTPIC	exact	QuickDraw/Patches/QuickPolysMacIIPatch.a	1225	NOTPIC	pea
0040acb6	NOTPIC	exact	QuickDraw/Polygons.a	74	NOTPIC	pea
0040acb6	NOTPIC	exact	QuickDraw/QuickPolys.a	1123	NOTPIC	pea
0040acb6	NOTPIC	exact	QuickDraw/RRects.a	83	NOTPIC	pea
0040acb6	NOTPIC	exact	QuickDraw/Rects.a	88	NOTPIC	pea
0040acb6	NOTPIC	exact	QuickDraw/Regions.a	91	NOTPIC	pea
0040acb6	NOTPIC	exact	QuickDraw/Text.a	836	NOTPIC	pea
0040acde	NOTRGN	exact	QuickDraw/BitMaps.a	551	NOTRGN	cmp
0040acde	NOTRGN	exact	QuickDraw/Classic/Bitmaps.m.a	125	NOTRGN	cmp
0040acde	NOTRGN	exact	QuickDraw/Classic/Lines.m.a	264	NOTRGN	move.l
0040acde	NOTRGN	exact	QuickDraw/Classic/Ovals.m.a	81	NOTRGN	move.b
0040acde	NOTRGN	exact	QuickDraw/Classic/Pictures.m.a	1629	NOTRGN	move
0040acde	NOTRGN	exact	QuickDraw/Classic/RRects.m.a	89	NOTRGN	move.b
0040acde	NOTRGN	exact	QuickDraw/Classic/Rects.m.a	71	NOTRGN	jsr
0040acde	NOTRGN	exact	QuickDraw/Classic/Regions.m.a	73	NOTRGN	jsr
0040acde	NOTRGN	exact	QuickDraw/Lines.a	300	NOTRGN	move.l
0040acde	NOTRGN	exact	QuickDraw/Ovals.a	118	NOTRGN	move.b
0040acde	NOTRGN	exact	QuickDraw/Patches/AllB&WQDPatch.a	1323	NOTRGN	cmp
0040acde	NOTRGN	exact	QuickDraw/Patches/AllB&WQDPatch.a	1662	NOTRGN	jmprom
0040acde	NOTRGN	exact	QuickDraw/Patches/DrawPicturePatch.a	1204	NOTRGN	move
0040acde	NOTRGN	exact	QuickDraw/Patches/DrawPicturePlusSE.a	1500	NOTRGN	move
0040acde	NOTRGN	exact	QuickDraw/Patches/DrawPicturePortable.a	1473	NOTRGN	move
0040acde	NOTRGN	exact	QuickDraw/Patches/QDciPatchROM.a	4683	NOTRGN	cmp
0040acde	NOTRGN	exact	QuickDraw/Patches/QDciPatchROM.a	17679	NOTRGN	move
0040acde	NOTRGN	exact	QuickDraw/Pictures.a	2455	NOTRGN	move
0040acde	NOTRGN	exact	QuickDraw/RRects.a	126	NOTRGN	move.b
0040acde	NOTRGN	exact	QuickDraw/Rects.a	129	NOTRGN	jsr
0040acde	NOTRGN	exact	QuickDraw/Regions.a	134	NOTRGN	jsr
0040ace2	DOIT	exact	QuickDraw/Arcs.a	124	DOIT	move.l
0040ace2	DOIT	exact	QuickDraw/BitMaps.a	1192	DOIT	move.l
0040ace2	DOIT	exact	QuickDraw/Classic/Arcs.m.a	84	DOIT	move.l
0040ace2	DOIT	exact	QuickDraw/Classic/Ovals.m.a	84	DOIT	move.l
0040ace2	DOIT	exact	QuickDraw/Classic/RRects.m.a	90	DOIT	move.l
0040ace2	DOIT	exact	QuickDraw/Ovals.a	121	DOIT	move.l
0040ace2	DOIT	exact	QuickDraw/Patches/QDciPatchROM.a	6167	DOIT	move.l
0040ace2	DOIT	exact	QuickDraw/RRects.a	127	DOIT	move.l
0040ace2	DOIT	exact	Toolbox/AppleEventMgr/AEUtil.a	35	DoIt	jmp
0040ace2	DOIT	exact	Toolbox/CommToolbox/CommToolboxStartup/INIT29.a	267	DoIt	proc
0040ad02	FrameRoundRect	exact	Make/VectorTable.a	2585	FRAMEROUNDRECT	vatrap
0040ad02	FrameRoundRect	exact	QuickDraw/Classic/RRects.m.a	104	FrameRoundRect	proc
0040ad02	FrameRoundRect	exact	QuickDraw/RRects.a	139	FrameRoundRect	proc
0040ad06	PaintRoundRect	exact	Make/VectorTable.a	2586	PAINTROUNDRECT	vatrap
0040ad06	PaintRoundRect	exact	QuickDraw/Classic/RRects.m.a	119	PaintRoundRect	label
0040ad06	PaintRoundRect	exact	QuickDraw/RRects.a	155	PaintRoundRect	label
0040ad0a	EraseRoundRect	exact	Make/VectorTable.a	2587	ERASEROUNDRECT	vatrap
0040ad0a	EraseRoundRect	exact	QuickDraw/Classic/RRects.m.a	128	EraseRoundRect	label
0040ad0a	EraseRoundRect	exact	QuickDraw/RRects.a	164	EraseRoundRect	label
0040ad0e	InvertRoundRect	exact	Make/VectorTable.a	2588	INVERTROUNDRECT	vatrap
0040ad0e	InvertRoundRect	exact	QuickDraw/Classic/RRects.m.a	137	InvertRoundRect	label
0040ad0e	InvertRoundRect	exact	QuickDraw/RRects.a	173	InvertRoundRect	label
0040ad12	FillRoundRect	exact	Make/VectorTable.a	2589	FILLROUNDRECT	vatrap
0040ad12	FillRoundRect	exact	QuickDraw/Classic/RRects.m.a	146	FillRoundRect	label
0040ad12	FillRoundRect	exact	QuickDraw/RRects.a	182	FillRoundRect	label
0040ad28	CALLRRECT	exact	Make/VectorTable.a	2591	CALLRRECT	vindirect
0040ad28	CALLRRECT	exact	QuickDraw/Classic/RRects.m.a	168	CallRRect	label
0040ad28	CALLRRECT	exact	QuickDraw/RRects.a	212	CallRRect	label
0040ad4a	USESTD	exact	QuickDraw/Arcs.a	219	USESTD	jmp
0040ad4a	USESTD	exact	QuickDraw/BitMaps.a	1526	USESTD	jsr
0040ad4a	USESTD	exact	QuickDraw/Classic/Arcs.m.a	171	USESTD	jmp
0040ad4a	USESTD	exact	QuickDraw/Classic/Bitmaps.m.a	287	USESTD	jsr
0040ad4a	USESTD	exact	QuickDraw/Classic/Lines.m.a	158	USESTD	jmp
0040ad4a	USESTD	exact	QuickDraw/Classic/Ovals.m.a	172	USESTD	jmp
0040ad4a	USESTD	exact	QuickDraw/Classic/Pictures.m.a	331	USESTD	jmp
0040ad4a	USESTD	exact	QuickDraw/Classic/Pictures.m.a	896	USESTD	move.l
0040ad4a	USESTD	exact	QuickDraw/Classic/Pictures.m.a	2045	USESTD	jsr
0040ad4a	USESTD	exact	QuickDraw/Classic/Pictures.m.a	2519	USESTD	jmp
0040ad4a	USESTD	exact	QuickDraw/Classic/Polygons.m.a	218	USESTD	jmp
0040ad4a	USESTD	exact	QuickDraw/Classic/RRects.m.a	183	USESTD	jmp
0040ad4a	USESTD	exact	QuickDraw/Classic/Rects.m.a	196	USESTD	jmp
0040ad4a	USESTD	exact	QuickDraw/Classic/Regions.m.a	158	USESTD	jmp
0040ad4a	USESTD	exact	QuickDraw/Lines.a	183	USESTD	jmp
0040ad4a	USESTD	exact	QuickDraw/Ovals.a	216	USESTD	jmp
0040ad4a	USESTD	exact	QuickDraw/Patches/DrawPicture32Patch.a	455	USESTD	jsr
0040ad4a	USESTD	exact	QuickDraw/Patches/DrawPicturePatch.a	514	USESTD	move.l
0040ad4a	USESTD	exact	QuickDraw/Patches/DrawPicturePatch.a	1660	USESTD	jsr
0040ad4a	USESTD	exact	QuickDraw/Patches/DrawPicturePlusSE.a	554	USESTD	move.l
0040ad4a	USESTD	exact	QuickDraw/Patches/DrawPicturePortable.a	530	USESTD	move.l
0040ad4a	USESTD	exact	QuickDraw/Pictures.a	463	USESTD	jmp
0040ad4a	USESTD	exact	QuickDraw/Pictures.a	1449	USESTD	pea
0040ad4a	USESTD	exact	QuickDraw/Pictures.a	3064	USESTD	move.l
0040ad4a	USESTD	exact	QuickDraw/Pictures.a	3089	USESTD	jmp
0040ad4a	USESTD	exact	QuickDraw/Polygons.a	234	USESTD	jmp
0040ad4a	USESTD	exact	QuickDraw/RRects.a	227	USESTD	jmp
0040ad4a	USESTD	exact	QuickDraw/Rects.a	517	USESTD	jmp
0040ad4a	USESTD	exact	QuickDraw/Regions.a	225	USESTD	jmp
0040ad4a	USESTD	exact	QuickDraw/Text.a	941	USESTD	jmp
0040ad4a	USESTD	exact	QuickDraw/Text.a	1123	USESTD	jsr
0040ad4a	USESTD	exact	QuickDraw/Text.a	1680	USESTD	jsr
0040ad4c	StdOval	exact	Make/VectorTable.a	2282	STDOVAL	vatrap
0040ad4c	StdOval	exact	QuickDraw/Classic/Ovals.m.a	28	StdOval	proc
0040ad4c	StdOval	exact	QuickDraw/Ovals.a	34	StdOval	proc
0040ad4c	StdOval	exact	QuickDraw/Patches/QDciPatchROM.a	5400	StdOval	proc
0040add4	FrameOval	exact	Make/VectorTable.a	2283	FRAMEOVAL	vatrap
0040add4	FrameOval	exact	QuickDraw/Classic/Ovals.m.a	97	FrameOval	proc
0040add4	FrameOval	exact	QuickDraw/Ovals.a	133	FrameOval	proc
0040add8	PaintOval	exact	Make/VectorTable.a	2284	PAINTOVAL	vatrap
0040add8	PaintOval	exact	QuickDraw/Classic/Ovals.m.a	111	PaintOval	label
0040add8	PaintOval	exact	QuickDraw/Ovals.a	148	PaintOval	label
0040addc	EraseOval	exact	Make/VectorTable.a	2285	ERASEOVAL	vatrap
0040addc	EraseOval	exact	QuickDraw/Classic/Ovals.m.a	120	EraseOval	label
0040addc	EraseOval	exact	QuickDraw/Ovals.a	157	EraseOval	label
0040ade0	InvertOval	exact	Make/VectorTable.a	2286	INVERTOVAL	vatrap
0040ade0	InvertOval	exact	QuickDraw/Classic/Ovals.m.a	129	InvertOval	label
0040ade0	InvertOval	exact	QuickDraw/Ovals.a	166	InvertOval	label
0040ade4	FillOval	exact	Make/VectorTable.a	2287	FILLOVAL	vatrap
0040ade4	FillOval	exact	QuickDraw/Classic/Ovals.m.a	138	FillOval	label
0040ade4	FillOval	exact	QuickDraw/Ovals.a	175	FillOval	label
0040ae1a	PUTOVAL	exact	Make/VectorTable.a	2351	PUTOVAL	vatrap
0040ae1a	PUTOVAL	exact	QuickDraw/Classic/PutOval.m.a	44	PUTOVAL	proc
0040ae1a	PUTOVAL	exact	QuickDraw/PutOval.a	40	PUTOVAL	proc
0040af58	StdArc	exact	Make/VectorTable.a	2037	STDARC	vatrap
0040af58	StdArc	exact	QuickDraw/Arcs.a	36	StdArc	proc
0040af58	StdArc	exact	QuickDraw/Classic/Arcs.m.a	29	StdArc	proc
0040af58	StdArc	exact	QuickDraw/Patches/QDciPatchROM.a	5432	StdArc	proc
0040af8e	NotPic	exact	QuickDraw/Arcs.a	78	NOTPIC	pea
0040af8e	NotPic	exact	QuickDraw/BitMaps.a	694	NOTPIC	tst
0040af8e	NotPic	exact	QuickDraw/Classic/Arcs.m.a	67	NOTPIC	move.l
0040af8e	NotPic	exact	QuickDraw/Classic/Bitmaps.m.a	188	NOTPIC	tst
0040af8e	NotPic	exact	QuickDraw/Classic/Lines.m.a	136	NOTPIC	move.l
0040af8e	NotPic	exact	QuickDraw/Classic/Ovals.m.a	60	NOTPIC	move.l
0040af8e	NotPic	exact	QuickDraw/Classic/Polygons.m.a	111	NOTPIC	move.l
0040af8e	NotPic	exact	QuickDraw/Classic/RRects.m.a	75	NOTPIC	move.l
0040af8e	NotPic	exact	QuickDraw/Classic/Rects.m.a	59	NOTPIC	move.l
0040af8e	NotPic	exact	QuickDraw/Classic/Regions.m.a	61	NOTPIC	move.l
0040af8e	NotPic	exact	QuickDraw/Classic/Text.m.a	731	NOTPIC	move
0040af8e	NotPic	exact	QuickDraw/Lines.a	119	NOTPIC	pea
0040af8e	NotPic	exact	QuickDraw/Ovals.a	68	NOTPIC	pea
0040af8e	NotPic	exact	QuickDraw/Patches/AllB&WQDPatch.a	1436	NotPic	label
0040af8e	NotPic	exact	QuickDraw/Patches/AllB&WQDPatch.a	1462	NotPic	label
0040af8e	NotPic	exact	QuickDraw/Patches/AllB&WQDPatch.a	1484	NotPic	label
0040af8e	NotPic	exact	QuickDraw/Patches/AllB&WQDPatch.a	1528	NotPic	label
0040af8e	NotPic	exact	QuickDraw/Patches/AllB&WQDPatch.a	1558	NotPic	label
0040af8e	NotPic	exact	QuickDraw/Patches/AllB&WQDPatch.a	1590	NotPic	label
0040af8e	NotPic	exact	QuickDraw/Patches/AllB&WQDPatch.a	1615	NotPic	label
0040af8e	NotPic	exact	QuickDraw/Patches/AllB&WQDPatch.a	1650	NOTPIC	move.l
0040af8e	NotPic	exact	QuickDraw/Patches/QDciPatchROM.a	4822	NOTPIC	tst
0040af8e	NotPic	exact	QuickDraw/Patches/QDciPatchROM.a	5338	NotPic	label
0040af8e	NotPic	exact	QuickDraw/Patches/QDciPatchROM.a	5367	NotPic	label
0040af8e	NotPic	exact	QuickDraw/Patches/QDciPatchROM.a	5396	NOTPIC	label
0040af8e	NotPic	exact	QuickDraw/Patches/QDciPatchROM.a	5428	NOTPIC	label
0040af8e	NotPic	exact	QuickDraw/Patches/QDciPatchROM.a	5462	NOTPIC	label
0040af8e	NotPic	exact	QuickDraw/Patches/QDciPatchROM.a	5509	NOTPIC	pea
0040af8e	NotPic	exact	QuickDraw/Patches/QDciPatchROM.a	5644	NOTPIC	label
0040af8e	NotPic	exact	QuickDraw/Patches/QuickPolysClassicPatch.a	1023	NOTPIC	move.l
0040af8e	NotPic	exact	QuickDraw/Patches/QuickPolysMacIIPatch.a	1225	NOTPIC	pea
0040af8e	NotPic	exact	QuickDraw/Polygons.a	74	NOTPIC	pea
0040af8e	NotPic	exact	QuickDraw/QuickPolys.a	1123	NOTPIC	pea
0040af8e	NotPic	exact	QuickDraw/RRects.a	83	NOTPIC	pea
0040af8e	NotPic	exact	QuickDraw/Rects.a	88	NOTPIC	pea
0040af8e	NotPic	exact	QuickDraw/Regions.a	91	NOTPIC	pea
0040af8e	NotPic	exact	QuickDraw/Text.a	836	NOTPIC	pea
0040afb4	DoIt	exact	QuickDraw/Arcs.a	124	DOIT	move.l
0040afb4	DoIt	exact	QuickDraw/BitMaps.a	1192	DOIT	move.l
0040afb4	DoIt	exact	QuickDraw/Classic/Arcs.m.a	84	DOIT	move.l
0040afb4	DoIt	exact	QuickDraw/Classic/Ovals.m.a	84	DOIT	move.l
0040afb4	DoIt	exact	QuickDraw/Classic/RRects.m.a	90	DOIT	move.l
0040afb4	DoIt	exact	QuickDraw/Ovals.a	121	DOIT	move.l
0040afb4	DoIt	exact	QuickDraw/Patches/QDciPatchROM.a	6167	DOIT	move.l
0040afb4	DoIt	exact	QuickDraw/RRects.a	127	DOIT	move.l
0040afb4	DoIt	exact	Toolbox/AppleEventMgr/AEUtil.a	35	DoIt	jmp
0040afb4	DoIt	exact	Toolbox/CommToolbox/CommToolboxStartup/INIT29.a	267	DoIt	proc
0040afd6	FrameArc	exact	Make/VectorTable.a	2038	FRAMEARC	vatrap
0040afd6	FrameArc	exact	QuickDraw/Arcs.a	136	FrameArc	proc
0040afd6	FrameArc	exact	QuickDraw/Classic/Arcs.m.a	97	FrameArc	proc
0040afda	PaintArc	exact	Make/VectorTable.a	2039	PAINTARC	vatrap
0040afda	PaintArc	exact	QuickDraw/Arcs.a	151	PaintArc	label
0040afda	PaintArc	exact	QuickDraw/Classic/Arcs.m.a	111	PaintArc	label
0040afde	EraseArc	exact	Make/VectorTable.a	2040	ERASEARC	vatrap
0040afde	EraseArc	exact	QuickDraw/Arcs.a	160	EraseArc	label
0040afde	EraseArc	exact	QuickDraw/Classic/Arcs.m.a	120	EraseArc	label
0040afe2	InvertArc	exact	Make/VectorTable.a	2041	INVERTARC	vatrap
0040afe2	InvertArc	exact	QuickDraw/Arcs.a	169	InvertArc	label
0040afe2	InvertArc	exact	QuickDraw/Classic/Arcs.m.a	129	InvertArc	label
0040afe6	FillArc	exact	Make/VectorTable.a	2042	FILLARC	vatrap
0040afe6	FillArc	exact	QuickDraw/Arcs.a	178	FillArc	moveq
0040afe6	FillArc	exact	QuickDraw/Classic/Arcs.m.a	138	FillArc	move.l
0040b020	DrawArc	exact	Make/VectorTable.a	2161	DRAWARC	vatrap
0040b020	DrawArc	exact	QuickDraw/Classic/DrawArc.m.a	46	DrawArc	proc
0040b020	DrawArc	exact	QuickDraw/DrawArc.a	70	DrawArc	proc
0040b790	AngleFromSlope	exact	Make/VectorTable.a	2034	ANGLEFROMSLOPE	vatrap
0040b790	AngleFromSlope	exact	QuickDraw/Angles.a	15	AngleFromSlope	func
0040b790	AngleFromSlope	exact	QuickDraw/Classic/Angles.m.a	35	AngleFromSlope	func
0040b7ce	SlopeFromAngle	exact	Make/VectorTable.a	2035	SLOPEFROMANGLE	vatrap
0040b7ce	SlopeFromAngle	exact	QuickDraw/Angles.a	57	SlopeFromAngle	label
0040b7ce	SlopeFromAngle	exact	QuickDraw/Classic/Angles.m.a	77	SlopeFromAngle	label
0040b8f2	PtToAngle	exact	Libs/InterfaceSrcs/QUICKDRAW.a	71	pttoangle	proc
0040b8f2	PtToAngle	exact	Make/VectorTable.a	2036	PTTOANGLE	vatrap
0040b8f2	PtToAngle	exact	Make/VectorTable.a	6016	pttoangle	vnovector
0040b8f2	PtToAngle	exact	QuickDraw/Angles.a	229	PtToAngle	proc
0040b8f2	PtToAngle	exact	QuickDraw/Classic/Angles.m.a	249	PtToAngle	proc
0040b982	StdPoly	exact	Make/VectorTable.a	2336	STDPOLY	vatrap
0040b982	StdPoly	exact	QuickDraw/Classic/Polygons.m.a	79	StdPoly	proc
0040b982	StdPoly	exact	QuickDraw/Patches/QDciPatchROM.a	5466	StdPoly	proc
0040b982	StdPoly	exact	QuickDraw/Polygons.a	38	StdPoly	proc
0040b9f8	FramePoly	exact	Make/VectorTable.a	2337	FRAMEPOLY	vatrap
0040b9f8	FramePoly	exact	QuickDraw/Classic/Polygons.m.a	139	FramePoly	proc
0040b9f8	FramePoly	exact	QuickDraw/Polygons.a	146	FramePoly	proc
0040b9fc	PaintPoly	exact	Make/VectorTable.a	2338	PAINTPOLY	vatrap
0040b9fc	PaintPoly	exact	QuickDraw/Classic/Polygons.m.a	154	PaintPoly	label
0040b9fc	PaintPoly	exact	QuickDraw/Polygons.a	162	PaintPoly	label
0040ba00	ErasePoly	exact	Make/VectorTable.a	2339	ERASEPOLY	vatrap
0040ba00	ErasePoly	exact	QuickDraw/Classic/Polygons.m.a	164	ErasePoly	label
0040ba00	ErasePoly	exact	QuickDraw/Polygons.a	172	ErasePoly	label
0040ba04	InvertPoly	exact	Make/VectorTable.a	2340	INVERTPOLY	vatrap
0040ba04	InvertPoly	exact	QuickDraw/Classic/Polygons.m.a	174	InvertPoly	label
0040ba04	InvertPoly	exact	QuickDraw/Polygons.a	182	InvertPoly	label
0040ba08	FillPoly	exact	Make/VectorTable.a	2341	FILLPOLY	vatrap
0040ba08	FillPoly	exact	QuickDraw/Classic/Polygons.m.a	184	FillPoly	label
0040ba08	FillPoly	exact	QuickDraw/Polygons.a	192	FillPoly	label
0040ba3e	OpenPoly	exact	Make/VectorTable.a	2344	OPENPOLY	vatrap
0040ba3e	OpenPoly	exact	QuickDraw/Classic/Polygons.m.a	222	OpenPoly	func
0040ba3e	OpenPoly	exact	QuickDraw/Polygons.a	238	OpenPoly	func
0040ba72	ClosePoly	exact	Make/VectorTable.a	2345	CLOSEPOLY	vatrap
0040ba72	ClosePoly	exact	QuickDraw/Classic/Polygons.m.a	250	ClosePoly	proc
0040ba72	ClosePoly	exact	QuickDraw/Polygons.a	266	ClosePoly	proc
0040bae0	KillPoly	exact	Make/VectorTable.a	2346	KILLPOLY	vatrap
0040bae0	KillPoly	exact	QuickDraw/Classic/Polygons.m.a	319	KillPoly	proc
0040bae0	KillPoly	exact	QuickDraw/Polygons.a	335	KillPoly	proc
0040bae8	OffsetPoly	exact	Make/VectorTable.a	2347	OFFSETPOLY	vatrap
0040bae8	OffsetPoly	exact	QuickDraw/Classic/Polygons.m.a	332	OffsetPoly	proc
0040bae8	OffsetPoly	exact	QuickDraw/Polygons.a	348	OffsetPoly	proc
0040bb04	MapPoly	exact	Make/VectorTable.a	2348	MAPPOLY	vatrap
0040bb04	MapPoly	exact	QuickDraw/Classic/Polygons.m.a	353	MapPoly	proc
0040bb04	MapPoly	exact	QuickDraw/Polygons.a	369	MapPoly	proc
0040bbf6	StdRgn	exact	Make/VectorTable.a	2525	STDRGN	vatrap
0040bbf6	StdRgn	exact	Patches/PatchIIROM.a	3338	StdRgn	proc
0040bbf6	StdRgn	exact	QuickDraw/Classic/Regions.m.a	34	StdRgn	proc
0040bbf6	StdRgn	exact	QuickDraw/Patches/QDciPatchROM.a	5620	StdRgn	proc
0040bbf6	StdRgn	exact	QuickDraw/Regions.a	59	StdRgn	proc
0040bc5c	FrameRgn	exact	Make/VectorTable.a	2526	FRAMERGN	vatrap
0040bc5c	FrameRgn	exact	QuickDraw/Classic/Regions.m.a	83	FrameRgn	proc
0040bc5c	FrameRgn	exact	QuickDraw/Regions.a	143	FrameRgn	proc
0040bc60	PaintRgn	exact	Make/VectorTable.a	2527	PAINTRGN	vatrap
0040bc60	PaintRgn	exact	QuickDraw/Classic/Regions.m.a	97	PaintRgn	label
0040bc60	PaintRgn	exact	QuickDraw/Regions.a	158	PaintRgn	label
0040bc64	EraseRgn	exact	Make/VectorTable.a	2528	ERASERGN	vatrap
0040bc64	EraseRgn	exact	QuickDraw/Classic/Regions.m.a	106	EraseRgn	label
0040bc64	EraseRgn	exact	QuickDraw/Regions.a	167	EraseRgn	label
0040bc6c	FillRgn	exact	Make/VectorTable.a	2530	FILLRGN	vatrap
0040bc6c	FillRgn	exact	QuickDraw/Classic/Regions.m.a	124	FillRgn	label
0040bc6c	FillRgn	exact	QuickDraw/Regions.a	185	FillRgn	moveq
0040bd4e	NewRgn	exact	Make/VectorTable.a	2535	NEWRGN	vatrap
0040bd4e	NewRgn	exact	QuickDraw/Classic/Regions.m.a	247	NewRgn	func
0040bd4e	NewRgn	exact	QuickDraw/Regions.a	330	NewRgn	func
0040bd7a	OpenRgn	exact	Make/VectorTable.a	2537	OPENRGN	vatrap
0040bd7a	OpenRgn	exact	QuickDraw/Classic/Regions.m.a	281	OpenRgn	proc
0040bd7a	OpenRgn	exact	QuickDraw/Regions.a	363	OpenRgn	proc
0040bda8	CloseRgn	exact	Make/VectorTable.a	2538	CLOSERGN	vatrap
0040bda8	CloseRgn	exact	QuickDraw/Classic/Regions.m.a	304	CloseRgn	proc
0040bda8	CloseRgn	exact	QuickDraw/Regions.a	386	CloseRgn	proc
0040bdfe	CopyRgn	exact	Make/VectorTable.a	2539	COPYRGN	vatrap
0040bdfe	CopyRgn	exact	QuickDraw/Classic/Regions.m.a	348	CopyRgn	proc
0040bdfe	CopyRgn	exact	QuickDraw/Regions.a	436	CopyRgn	proc
0040be4c	SetEmptyRgn	exact	Make/VectorTable.a	2540	SETEMPTYRGN	vatrap
0040be4c	SetEmptyRgn	exact	QuickDraw/Classic/Regions.m.a	391	SetEmptyRgn	proc
0040be4c	SetEmptyRgn	exact	QuickDraw/Regions.a	479	SetEmptyRgn	proc
0040beb4	RectRgn	exact	Make/VectorTable.a	2542	RECTRGN	vatrap
0040beb4	RectRgn	exact	QuickDraw/Classic/Regions.m.a	442	RectRgn	proc
0040beb4	RectRgn	exact	QuickDraw/Patches/QDciPatchROM.a	18568	RectRgn	proc
0040beb4	RectRgn	exact	QuickDraw/Regions.a	530	RectRgn	proc
0040bef4	InsetRgn	exact	Make/VectorTable.a	2544	INSETRGN	vatrap
0040bef4	InsetRgn	exact	QuickDraw/Classic/Regions.m.a	498	InsetRgn	proc
0040bef4	InsetRgn	exact	QuickDraw/Regions.a	586	InsetRgn	proc
0040bf90	EmptyRgn	exact	Make/VectorTable.a	2545	EMPTYRGN	vatrap
0040bf90	EmptyRgn	exact	QuickDraw/Classic/Regions.m.a	613	EmptyRgn	func
0040bf90	EmptyRgn	exact	QuickDraw/Regions.a	701	EmptyRgn	func
0040bfa0	EqualRgn	exact	Make/VectorTable.a	2546	EQUALRGN	vatrap
0040bfa0	EqualRgn	exact	QuickDraw/Classic/Regions.m.a	628	EqualRgn	func
0040bfa0	EqualRgn	exact	QuickDraw/Regions.a	716	EqualRgn	func
0040bfde	SectRgn	exact	Make/VectorTable.a	2547	SECTRGN	vatrap
0040bfde	SectRgn	exact	QuickDraw/Classic/Regions.m.a	664	SectRgn	proc
0040bfde	SectRgn	exact	QuickDraw/Regions.a	752	SectRgn	proc
0040bfe2	UnionRgn	exact	Make/VectorTable.a	2548	UNIONRGN	vatrap
0040bfe2	UnionRgn	exact	QuickDraw/Classic/Regions.m.a	683	UnionRgn	label
0040bfe2	UnionRgn	exact	QuickDraw/Regions.a	771	UnionRgn	label
0040bfe6	DiffRgn	exact	Make/VectorTable.a	2549	DIFFRGN	vatrap
0040bfe6	DiffRgn	exact	QuickDraw/Classic/Regions.m.a	694	DiffRgn	moveq
0040bfe6	DiffRgn	exact	QuickDraw/Regions.a	782	DiffRgn	moveq
0040bfea	XorRgn	exact	Make/VectorTable.a	2550	XORRGN	vatrap
0040bfea	XorRgn	exact	QuickDraw/Classic/Regions.m.a	704	XorRgn	moveq
0040bfea	XorRgn	exact	QuickDraw/Regions.a	792	XorRgn	moveq
0040c0d4	PtInRgn	exact	Libs/InterfaceSrcs/QUICKDRAW.a	81	ptinrgn	proc
0040c0d4	PtInRgn	exact	Make/VectorTable.a	2552	PTINRGN	vatrap
0040c0d4	PtInRgn	exact	Make/VectorTable.a	6017	ptinrgn	vnovector
0040c0d4	PtInRgn	exact	QuickDraw/Classic/Regions.m.a	858	PtInRgn	func
0040c0d4	PtInRgn	exact	QuickDraw/Regions.a	945	PtInRgn	func
0040c134	RectInRgn	exact	Make/VectorTable.a	2553	RECTINRGN	vatrap
0040c134	RectInRgn	exact	QuickDraw/Classic/Regions.m.a	923	RectInRgn	func
0040c134	RectInRgn	exact	QuickDraw/Regions.a	1010	RectInRgn	func
0040c218	MapRgn	exact	Make/VectorTable.a	2555	MAPRGN	vatrap
0040c218	MapRgn	exact	QuickDraw/Classic/Regions.m.a	1091	MapRgn	proc
0040c218	MapRgn	exact	QuickDraw/Regions.a	1406	MapRgn	proc
0040c8cc	StdBits	exact	Make/VectorTable.a	2093	STDBITS	vatrap
0040c8cc	StdBits	exact	QuickDraw/BitMaps.a	116	StdBits	proc
0040c8cc	StdBits	exact	QuickDraw/Classic/Bitmaps.m.a	36	StdBits	proc
0040c8cc	StdBits	exact	QuickDraw/Patches/QDciPatchROM.a	4265	StdBits	proc
0040ca4a	CopyBits	exact	Make/VectorTable.a	2095	COPYBITS	vatrap
0040ca4a	CopyBits	exact	QuickDraw/BitMaps.a	1279	CopyBits	proc
0040ca4a	CopyBits	exact	QuickDraw/Classic/Bitmaps.m.a	207	CopyBits	proc
0040caf0	CopyMask	exact	Make/VectorTable.a	2098	COPYMASK	vatrap
0040caf0	CopyMask	exact	QuickDraw/BitMaps.a	1637	CopyMask	label
0040caf0	CopyMask	exact	QuickDraw/Classic/Bitmaps.m.a	298	CopyMask	proc
0040cb28	NOTPORT	exact	QuickDraw/BitMaps.a	1354	NOTPORT	label
0040cb28	NOTPORT	exact	QuickDraw/BitMaps.a	1686	NOTPORT	move.l
0040cb28	NOTPORT	exact	QuickDraw/BitMaps.a	1764	NOTPORT	move.l
0040cb28	NOTPORT	exact	QuickDraw/Classic/Bitmaps.m.a	260	NOTPORT	move.l
0040cb28	NOTPORT	exact	QuickDraw/Classic/Bitmaps.m.a	357	NOTPORT	label
0040cb28	NOTPORT	exact	QuickDraw/ColorAsm.a	654	NOTPORT	move.l
0040cb28	NOTPORT	exact	QuickDraw/Patches/QDciPatchROM.a	2381	NOTPORT	move.l
0040cb28	NOTPORT	exact	QuickDraw/Patches/QDciPatchROM.a	14140	NOTPORT	move.l
0040cd30	SeedFill	exact	Make/VectorTable.a	2100	SEEDFILL	vatrap
0040cd30	SeedFill	exact	QuickDraw/BitMaps.a	1842	SeedFill	proc
0040cd30	SeedFill	exact	QuickDraw/Classic/Bitmaps.m.a	562	SeedFill	proc
0040cd30	SeedFill	exact	QuickDraw/Patches/AllB&WQDPatch.a	2127	SeedFill	proc
0040cd30	SeedFill	exact	QuickDraw/Patches/QDciPatchROM.a	503	SeedFill	proc
0040cd38	CalcMask	exact	Make/VectorTable.a	2101	CALCMASK	vatrap
0040cd38	CalcMask	exact	QuickDraw/BitMaps.a	1861	CalcMask	move.l
0040cd38	CalcMask	exact	QuickDraw/Classic/Bitmaps.m.a	581	CalcMask	move.l
0040cd38	CalcMask	exact	QuickDraw/Patches/AllB&WQDPatch.a	2147	CalcMask	move.l
0040cd38	CalcMask	exact	QuickDraw/Patches/QDciPatchROM.a	525	CalcMask	move.l
0040cd40	SHARE	exact	QuickDraw/Angles.a	80	SHARE	add
0040cd40	SHARE	exact	QuickDraw/Arcs.a	189	SHARE	move.l
0040cd40	SHARE	exact	QuickDraw/BitMaps.a	1639	share	link
0040cd40	SHARE	exact	QuickDraw/BitMaps.a	1716	share	link
0040cd40	SHARE	exact	QuickDraw/BitMaps.a	1865	SHARE	move.l
0040cd40	SHARE	exact	QuickDraw/BitMaps.a	2439	SHARE	move.l
0040cd40	SHARE	exact	QuickDraw/BitMaps.a	2591	SHARE	move.l
0040cd40	SHARE	exact	QuickDraw/Classic/Angles.m.a	100	SHARE	add
0040cd40	SHARE	exact	QuickDraw/Classic/Bitmaps.m.a	585	SHARE	move.l
0040cd40	SHARE	exact	QuickDraw/Classic/Bitmaps.m.a	1025	SHARE	move.l
0040cd40	SHARE	exact	QuickDraw/Classic/GrafAsm.m.a	314	SHARE	move.l
0040cd40	SHARE	exact	QuickDraw/Classic/GrafAsm.m.a	414	SHARE	move.l
0040cd40	SHARE	exact	QuickDraw/Classic/GrafAsm.m.a	551	SHARE	move.l
0040cd40	SHARE	exact	QuickDraw/Classic/Lines.m.a	290	SHARE	move.l
0040cd40	SHARE	exact	QuickDraw/Classic/Lines.m.a	310	SHARE	move.l
0040cd40	SHARE	exact	QuickDraw/Classic/Pictures.m.a	801	SHARE	move.l
0040cd40	SHARE	exact	QuickDraw/Classic/Rects.m.a	584	SHARE	move.l
0040cd40	SHARE	exact	QuickDraw/Classic/RgnOp.m.a	348	SHARE	move
0040cd40	SHARE	exact	QuickDraw/Classic/Util.m.a	155	SHARE	move.l
0040cd40	SHARE	exact	QuickDraw/Classic/Util.m.a	485	SHARE	btst
0040cd40	SHARE	exact	QuickDraw/ColorMgr.a	1509	SHARE	move.l
0040cd40	SHARE	exact	QuickDraw/ColorMgr.a	1616	SHARE	move.l
0040cd40	SHARE	exact	QuickDraw/GDevice.a	1520	SHARE	move.l
0040cd40	SHARE	exact	QuickDraw/GrafAsm.a	633	SHARE	move.l
0040cd40	SHARE	exact	QuickDraw/GrafAsm.a	736	SHARE	move.l
0040cd40	SHARE	exact	QuickDraw/GrafAsm.a	883	SHARE	move.l
0040cd40	SHARE	exact	QuickDraw/Lines.a	333	SHARE	move.l
0040cd40	SHARE	exact	QuickDraw/MaskAsm.a	145	SHARE	movem.l
0040cd40	SHARE	exact	QuickDraw/Ovals.a	186	SHARE	move.l
0040cd40	SHARE	exact	QuickDraw/PaletteMgr.a	5239	SHARE	move.l
0040cd40	SHARE	exact	QuickDraw/Patches/AllB&WQDPatch.a	651	SHARE	move.l
0040cd40	SHARE	exact	QuickDraw/Patches/AllB&WQDPatch.a	689	SHARE	move.l
0040cd40	SHARE	exact	QuickDraw/Patches/AllB&WQDPatch.a	2151	SHARE	move.l
0040cd40	SHARE	exact	QuickDraw/Patches/DrawPicture32Patch.a	174	SHARE	move.l
0040cd40	SHARE	exact	QuickDraw/Patches/DrawPicturePatch.a	378	SHARE	move.l
0040cd40	SHARE	exact	QuickDraw/Patches/PaletteMgrPatch.a	3328	SHARE	move.l
0040cd40	SHARE	exact	QuickDraw/Patches/QDciPatchROM.a	529	SHARE	move.l
0040cd40	SHARE	exact	QuickDraw/Patches/QDciPatchROM.a	2202	SHARE	link
0040cd40	SHARE	exact	QuickDraw/Patches/QDciPatchROM.a	2333	share	link
0040cd40	SHARE	exact	QuickDraw/Patches/QDciPatchROM.a	6654	share	label
0040cd40	SHARE	exact	QuickDraw/Patches/QDciPatchROM.a	6915	share	label
0040cd40	SHARE	exact	QuickDraw/Patches/QDciPatchROM.a	17021	SHARE	move.l
0040cd40	SHARE	exact	QuickDraw/Patches/QuickDrawPatches.a	581	SHARE	move.l
0040cd40	SHARE	exact	QuickDraw/Patches/QuickDrawPatches.a	716	SHARE	label
0040cd40	SHARE	exact	QuickDraw/Pictures.a	407	SHARE	move.l
0040cd40	SHARE	exact	QuickDraw/Pictures.a	1587	SHARE	addq
0040cd40	SHARE	exact	QuickDraw/Polygons.a	204	SHARE	move.l
0040cd40	SHARE	exact	QuickDraw/QDUtil.a	260	SHARE	move.l
0040cd40	SHARE	exact	QuickDraw/QDUtil.a	750	SHARE	btst
0040cd40	SHARE	exact	QuickDraw/QDUtil.a	1391	SHARE	link
0040cd40	SHARE	exact	QuickDraw/RRects.a	194	SHARE	move.l
0040cd40	SHARE	exact	QuickDraw/Rects.a	452	SHARE	move.l
0040cd40	SHARE	exact	QuickDraw/Rects.a	922	SHARE	move.l
0040cd40	SHARE	exact	QuickDraw/Regions.a	195	SHARE	move.l
0040cd40	SHARE	exact	QuickDraw/RgnOp.a	369	SHARE	move
0040cd40	SHARE	exact	QuickDraw/Stretch.a	9511	share	label
0040cd40	SHARE	exact	QuickDraw/Stretch.a	10009	share	label
0040cd40	SHARE	exact	QuickDraw/Text.a	979	SHARE	move.l
0040cd40	SHARE	exact	QuickDraw/Text.a	1021	SHARE	jmp
0040cd40	SHARE	exact	QuickDraw/Text.a	1062	SHARE	move.l
0040cd40	SHARE	exact	QuickDraw/getPMData.a	580	SHARE	move.l
0040cd40	SHARE	exact	Toolbox/ColorPicker/ColorPicker.a	152	share	_penpat
0040cd40	SHARE	exact	Toolbox/FontMgr/FontMgr.a	997	SHARE	move.l
0040cd7a	BLACK1	exact	QuickDraw/BitMaps.a	1919	BLACK1	move
0040cd7a	BLACK1	exact	QuickDraw/Classic/Bitmaps.m.a	639	BLACK1	move
0040cd7a	BLACK1	exact	QuickDraw/Classic/Stretch.m.a	1146	BLACK1	or
0040cd7a	BLACK1	exact	QuickDraw/Patches/AllB&WQDPatch.a	2205	BLACK1	move
0040cd7a	BLACK1	exact	QuickDraw/Patches/QDciPatchROM.a	583	BLACK1	move
0040cd7a	BLACK1	exact	QuickDraw/Patches/QuickDrawPatches.a	635	BLACK1	move
0040cd7a	BLACK1	exact	QuickDraw/Stretch.a	7421	BLACK1	add.l
0040cd7a	BLACK1	exact	QuickDraw/Stretch.a	7461	BLACK1	or
0040cd7c	BLACK2	exact	QuickDraw/BitMaps.a	1920	BLACK2	move
0040cd7c	BLACK2	exact	QuickDraw/Classic/Bitmaps.m.a	640	BLACK2	move
0040cd7c	BLACK2	exact	QuickDraw/Classic/Stretch.m.a	1179	BLACK2	or
0040cd7c	BLACK2	exact	QuickDraw/Patches/AllB&WQDPatch.a	2206	BLACK2	move
0040cd7c	BLACK2	exact	QuickDraw/Patches/QDciPatchROM.a	584	BLACK2	move
0040cd7c	BLACK2	exact	QuickDraw/Patches/QuickDrawPatches.a	636	BLACK2	move
0040ce8e	ScrollRect	exact	Make/VectorTable.a	2102	SCROLLRECT	vatrap
0040ce8e	ScrollRect	exact	QuickDraw/BitMaps.a	2057	ScrollRect	proc
0040ce8e	ScrollRect	exact	QuickDraw/Classic/Bitmaps.m.a	777	ScrollRect	proc
0040ce8e	ScrollRect	exact	QuickDraw/Patches/QDciPatchROM.a	3909	ScrollRect	proc
0040cf8c	PackBits	exact	Make/VectorTable.a	2103	PACKBITS	vatrap
0040cf8c	PackBits	exact	QuickDraw/BitMaps.a	2339	PackBits	proc
0040cf8c	PackBits	exact	QuickDraw/Classic/Bitmaps.m.a	907	PackBits	proc
0040d01c	UnpackBits	exact	Make/VectorTable.a	2104	UNPACKBITS	vatrap
0040d01c	UnpackBits	exact	QuickDraw/BitMaps.a	2453	UnpackBits	label
0040d01c	UnpackBits	exact	QuickDraw/Classic/Bitmaps.m.a	1039	UnpackBits	label
0040d8d0	StdComment	exact	Make/VectorTable.a	2291	STDCOMMENT	vatrap
0040d8d0	StdComment	exact	QuickDraw/Classic/Pictures.m.a	171	StdComment	proc
0040d8d0	StdComment	exact	QuickDraw/Pictures.a	187	StdComment	proc
0040d930	StdGetPic	exact	Make/VectorTable.a	2292	STDGETPIC	vatrap
0040d930	StdGetPic	exact	QuickDraw/Classic/Pictures.m.a	225	StdGetPic	func
0040d930	StdGetPic	exact	QuickDraw/Pictures.a	240	StdGetPic	func
0040d956	StdPutPic	exact	Make/VectorTable.a	2293	STDPUTPIC	vatrap
0040d956	StdPutPic	exact	QuickDraw/Classic/Pictures.m.a	248	StdPutPic	proc
0040d956	StdPutPic	exact	QuickDraw/Pictures.a	261	StdPutPic	proc
0040d9d6	PicComment	exact	Make/VectorTable.a	2295	PICCOMMENT	vatrap
0040d9d6	PicComment	exact	QuickDraw/Classic/Pictures.m.a	319	PicComment	proc
0040d9d6	PicComment	exact	QuickDraw/Pictures.a	451	PicComment	proc
0040d9ec	OpenPicture	exact	Make/VectorTable.a	2297	OPENPICTURE	vatrap
0040d9ec	OpenPicture	exact	QuickDraw/Classic/Pictures.m.a	335	OpenPicture	func
0040d9ec	OpenPicture	exact	QuickDraw/Patches/QDciPatchROM.a	18247	OpenPicture	label
0040d9ec	OpenPicture	exact	QuickDraw/Pictures.a	578	OpenPicture	func
0040daa8	ClosePicture	exact	Make/VectorTable.a	2299	CLOSEPICTURE	vatrap
0040daa8	ClosePicture	exact	QuickDraw/Classic/Pictures.m.a	439	ClosePicture	proc
0040daa8	ClosePicture	exact	QuickDraw/Patches/QDciPatchROM.a	18520	ClosePicture	proc
0040daa8	ClosePicture	exact	QuickDraw/Pictures.a	799	ClosePicture	proc
0040dae4	KillPicture	exact	Make/VectorTable.a	2300	KILLPICTURE	vatrap
0040dae4	KillPicture	exact	QuickDraw/Classic/Pictures.m.a	470	KillPicture	proc
0040dae4	KillPicture	exact	QuickDraw/Pictures.a	853	KillPicture	proc
0040daec	DrawPicture	exact	Make/VectorTable.a	2301	DRAWPICTURE	vatrap
0040daec	DrawPicture	exact	QuickDraw/Classic/Pictures.m.a	482	DrawPicture	proc
0040daec	DrawPicture	exact	QuickDraw/Patches/QDciPatchROM.a	17078	DrawPicture	proc
0040daec	DrawPicture	exact	QuickDraw/Pictures.a	934	DrawPicture	proc
0040e28e	PutPicData	exact	Make/VectorTable.a	2307	PUTPICDATA	vindirect
0040e28e	PutPicData	exact	QuickDraw/Classic/Pictures.m.a	2506	PutPicData	proc
0040e28e	PutPicData	exact	QuickDraw/Patches/AllB&WQDPatch.a	1146	PutPicData	proc
0040e28e	PutPicData	exact	QuickDraw/Pictures.a	3076	PutPicData	proc
0040e2a4	DPutPicByte	exact	Make/VectorTable.a	2308	DPUTPICBYTE	vatrap
0040e2a4	DPutPicByte	exact	QuickDraw/Classic/Pictures.m.a	2523	DPutPicByte	proc
0040e2a4	DPutPicByte	exact	QuickDraw/Patches/AllB&WQDPatch.a	1151	DPutPicByte	label
0040e2a4	DPutPicByte	exact	QuickDraw/Pictures.a	3093	DPutPicByte	proc
0040e2bc	PutPicWord	exact	Make/VectorTable.a	2310	PUTPICWORD	vindirect
0040e2bc	PutPicWord	exact	QuickDraw/Classic/Pictures.m.a	2543	PutPicWord	proc
0040e2bc	PutPicWord	exact	QuickDraw/Patches/AllB&WQDPatch.a	1153	PutPicWord	label
0040e2bc	PutPicWord	exact	QuickDraw/Pictures.a	3113	PutPicWord	proc
0040e2ce	PutPicLong	exact	Make/VectorTable.a	2311	PUTPICLONG	vindirect
0040e2ce	PutPicLong	exact	QuickDraw/Classic/Pictures.m.a	2558	PutPicLong	proc
0040e2ce	PutPicLong	exact	QuickDraw/Patches/AllB&WQDPatch.a	1155	PutPicLong	label
0040e2ce	PutPicLong	exact	QuickDraw/Pictures.a	3128	PutPicLong	proc
0040e2ea	PutPicRect	exact	Make/VectorTable.a	2312	PUTPICRECT	vindirect
0040e2ea	PutPicRect	exact	QuickDraw/Classic/Pictures.m.a	2585	PutPicRect	proc
0040e2ea	PutPicRect	exact	QuickDraw/Pictures.a	3141	PutPicRect	proc
0040e32c	PutPicRgn	exact	Make/VectorTable.a	2316	PUTPICRGN	vindirect
0040e32c	PutPicRgn	exact	QuickDraw/Classic/Pictures.m.a	2624	PutPicRgn	proc
0040e32c	PutPicRgn	exact	QuickDraw/Pictures.a	3213	PutPicRgn	proc
0040e34a	PutPicVerb	exact	Make/VectorTable.a	2319	PUTPICVERB	vindirect
0040e34a	PutPicVerb	exact	QuickDraw/Classic/Pictures.m.a	2645	PutPicVerb	proc
0040e34a	PutPicVerb	exact	QuickDraw/Patches/AllB&WQDPatch.a	1010	PutPicVerb	proc
0040e34a	PutPicVerb	exact	QuickDraw/Patches/QDciPatchROM.a	5222	PutPicVerb	proc
0040e34a	PutPicVerb	exact	QuickDraw/Pictures.a	3268	PutPicVerb	proc
0040e448	CheckPic	exact	Make/VectorTable.a	2331	CHECKPIC	vatrap
0040e448	CheckPic	exact	QuickDraw/Classic/Pictures.m.a	2739	CheckPic	proc
0040e448	CheckPic	exact	QuickDraw/Patches/AllB&WQDPatch.a	1802	CheckPic	proc
0040e448	CheckPic	exact	QuickDraw/Pictures.a	4491	CheckPic	proc
0040e512	ScalePt	exact	Make/VectorTable.a	2332	SCALEPT	vatrap
0040e512	ScalePt	exact	QuickDraw/Classic/Pictures.m.a	2840	ScalePt	proc
0040e512	ScalePt	exact	QuickDraw/Pictures.a	4752	ScalePt	proc
0040e56a	MapPt	exact	Make/VectorTable.a	2333	MAPPT	vatrap
0040e56a	MapPt	exact	QuickDraw/Classic/Pictures.m.a	2905	MapPt	proc
0040e56a	MapPt	exact	QuickDraw/Pictures.a	4816	MapPt	proc
0040e5cc	MapRect	exact	Make/VectorTable.a	2335	MAPRECT	vatrap
0040e5cc	MapRect	exact	QuickDraw/Classic/Pictures.m.a	2972	MapRect	proc
0040e5cc	MapRect	exact	QuickDraw/Pictures.a	4942	MapRect	proc
0040e5e4	InitFonts	exact	Make/VectorTable.a	959	INITFONTS	vatrap
0040e5e4	InitFonts	exact	Toolbox/FontMgr/FontMgr.a	749	InitFonts	label
0040e5e4	InitFonts	exact	Toolbox/FontMgr/FontMgrPatch.a	202	InitFonts	label
0040e6c0	FMSwapFont	exact	Make/VectorTable.a	960	FMSWAPFONT	vatrap
0040e6c0	FMSwapFont	exact	QuickDraw/Classic/QuickGlue.m.a	167	FMSwapFont	proc
0040e6c0	FMSwapFont	exact	Toolbox/FontMgr/FontMgr.a	1032	FMSwapFont	label
0040e6c0	FMSwapFont	exact	Toolbox/FontMgr/FontMgrPatch.a	384	FMSwapFont	label
0040eeac	SetScreenDevice	exact	Toolbox/FontMgr/FontMgr.a	3292	SetScreenDevice	label
0040eeac	SetScreenDevice	exact	Toolbox/FontMgr/FontMgrPatch.a	1900	SetScreenDevice	label
0040f056	ScreenStyleTab	exact	Toolbox/FontMgr/FontMgr.a	4629	ScreenStyleTab	label
0040f072	Theft	exact	Toolbox/FontMgr/FontMgr.a	4641	Theft	label
0040f0c0	GetFontName	exact	Libs/InterfaceSrcs/FONTS.a	18	getfontname	proc
0040f0c0	GetFontName	exact	Make/VectorTable.a	962	GETFONTNAME	vatrap
0040f0c0	GetFontName	exact	Make/VectorTable.a	5977	getfontname	vnovector
0040f0c0	GetFontName	exact	Toolbox/FontMgr/FontMgr.a	4659	GetFontName	label
0040f0c0	GetFontName	exact	Toolbox/FontMgr/FontMgrPatch.a	2369	GetFontName	label
0040f166	GetFNum	exact	Libs/InterfaceSrcs/FONTS.a	31	getfnum	proc
0040f166	GetFNum	exact	Make/VectorTable.a	964	GETFNUM	vatrap
0040f166	GetFNum	exact	Make/VectorTable.a	5978	getfnum	vnovector
0040f166	GetFNum	exact	Toolbox/FontMgr/FontMgr.a	4896	GetFNum	label
0040f1d8	SetFontLock	exact	Make/VectorTable.a	965	SETFONTLOCK	vatrap
0040f1d8	SetFontLock	exact	Toolbox/FontMgr/FontMgr.a	4948	SetFontLock	label
0040f1d8	SetFontLock	exact	Toolbox/FontMgr/FontMgrPatch.a	2505	SetFontLock	label
0040f20e	RealFont	exact	Make/VectorTable.a	963	REALFONT	vatrap
0040f20e	RealFont	exact	Toolbox/FontMgr/FontMgr.a	4740	RealFont	label
0040f20e	RealFont	exact	Toolbox/FontMgr/FontMgrPatch.a	2445	RealFont	label
0040f274	FontMetrics	exact	Make/VectorTable.a	968	FONTMETRICS	vatrap
0040f274	FontMetrics	exact	Toolbox/FontMgr/FontMgr.a	5044	FontMetrics	label
0040f274	FontMetrics	exact	Toolbox/FontMgr/FontMgrPatch.a	2569	FontMetrics	label
0040f456	LoadSeg	exact	Make/VectorTable.a	3493	LOADSEG	vatrap
0040f456	LoadSeg	exact	Toolbox/SegmentLoader/SegmentLoader.a	228	LoadSeg	label
0040f474	NoMoveHHi	exact	Toolbox/SegmentLoader/SegmentLoader.a	244	NoMoveHHi	label
0040f496	PatchJTLoop	exact	Toolbox/SegmentLoader/SegmentLoader.a	267	PatchJTLoop	label
0040f4aa	GoLaunch	exact	Toolbox/SegmentLoader/SegmentLoader.a	284	GoLaunch	label
0040f4c4	SegError	exact	Toolbox/SegmentLoader/SegmentLoader.a	301	SegError	label
0040f4ca	LoadCode	exact	Toolbox/SegmentLoader/SegmentLoader.a	309	LoadCode	label
0040f4e0	UnloadSeg	exact	Make/VectorTable.a	3494	UNLOADSEG	vatrap
0040f4e0	UnloadSeg	exact	Toolbox/SegmentLoader/SegmentLoader.a	345	UnloadSeg	move.l
0040f504	UnpatchLoop	exact	Toolbox/SegmentLoader/SegmentLoader.a	366	UnpatchLoop	label
0040f51e	DoneUnload	exact	Toolbox/SegmentLoader/SegmentLoader.a	389	DoneUnload	label
0040f522	FlushApplVbls	exact	Make/VectorTable.a	3496	FLUSHAPPLVBLS	vindirect
0040f522	FlushApplVbls	exact	OS/MemoryMgr/MemoryMgrPatches.a	113	FlushApplVBLs	rombind
0040f522	FlushApplVbls	exact	Toolbox/SegmentLoader/SegmentLoader.a	430	FlushApplVbls	label
0040f546	fAVDone	exact	Toolbox/SegmentLoader/SegmentLoader.a	444	fAVDone	label
0040f556	Chain	exact	Make/VectorTable.a	3497	CHAIN	vatrap
0040f556	Chain	exact	Toolbox/CommToolbox/CommToolboxStartup/INIT29.a	236	CHAIN	proc
0040f556	Chain	exact	Toolbox/SegmentLoader/SegmentLoader.a	487	Chain	label
0040f55c	Launch	exact	Make/VectorTable.a	3498	LAUNCH	vatrap
0040f55c	Launch	exact	ProcessMgr/Data.a	98	LAUNCH	ds
0040f55c	Launch	exact	Toolbox/SegmentLoader/SegmentLoader.a	493	Launch	label
0040f67a	vSegStack	exact	Make/VectorTable.a	3499	VSEGSTACK	vatrap
0040f67a	vSegStack	exact	Toolbox/SegmentLoader/SegmentLoader.a	671	vSegStack	label
0040f6d8	ExitToShell	exact	Make/VectorTable.a	3500	EXITTOSHELL	vatrap
0040f6d8	ExitToShell	exact	ProcessMgr/Data.a	87	EXITTOSHELL	ds
0040f6d8	ExitToShell	exact	Toolbox/SegmentLoader/SegmentLoader.a	725	ExitToShell	label
0040f710	GetAppParms	exact	Libs/InterfaceSrcs/SEGLOAD.a	139	getappparms	proc
0040f710	GetAppParms	exact	Make/VectorTable.a	3502	GETAPPPARMS	vatrap
0040f710	GetAppParms	exact	Make/VectorTable.a	6032	getappparms	vnovector
0040f710	GetAppParms	exact	Toolbox/SegmentLoader/SegmentLoader.a	826	GetAppParms	label
0040f72c	InstallRDrivers	exact	Make/VectorTable.a	3503	INSTALLRDRIVERS	vnovector
0040f72c	InstallRDrivers	exact	Patches/PatchPlusROM.a	851	InstallRDrivers	proc
0040f72c	InstallRDrivers	exact	Toolbox/SegmentLoader/SegmentLoader.a	850	InstallRDrivers	label
0040f790	ReadParam	exact	Interfaces/AIncludes/PPCToolbox.a	315	readParam	ds
0040f790	ReadParam	exact	Make/VectorTable.a	468	READPARAM	vatrap
0040f790	ReadParam	exact	OS/SysUtil.a	233	ReadParam	lea
0040f7aa	WriteParam	exact	Interfaces/AIncludes/PPCToolbox.a	313	writeParam	ds
0040f7aa	WriteParam	exact	Libs/InterfaceSrcs/OSTraps.a	917	WriteParam	func
0040f7aa	WriteParam	trap_suffix	Make/VectorTable.a	469	WRITEPARAMTRAP	vatrap
0040f7aa	WriteParam	trap_suffix	OS/SysUtil.a	256	WriteParamTrap	label
0040f7ca	ReadDateTime	exact	Libs/InterfaceSrcs/OSTraps.a	926	ReadDateTime	proc
0040f7ca	ReadDateTime	trap_suffix	Make/VectorTable.a	470	READDATETIMETRAP	vatrap
0040f7ca	ReadDateTime	trap_suffix	OS/SysUtil.a	284	ReadDateTimeTrap	label
0040f7d4	SetDateTime	exact	Libs/InterfaceSrcs/OSTraps.a	945	SetDateTime	proc
0040f7d4	SetDateTime	trap_suffix	Make/VectorTable.a	471	SETDATETIMETRAP	vatrap
0040f7d4	SetDateTime	trap_suffix	OS/SysUtil.a	299	SetDateTimeTrap	label
0040f7dc	Delay	exact	Libs/InterfaceSrcs/OSTraps.a	999	Delay	proc
0040f7dc	Delay	trap_suffix	Make/VectorTable.a	472	DELAYTRAP	vatrap
0040f7dc	Delay	trap_suffix	OS/SysUtil.a	314	DelayTrap	andi.w
0040f7ee	CmpString	exact	Make/VectorTable.a	474	CMPSTRING	vatrap
0040f7ee	CmpString	exact	OS/SysUtil.a	402	CmpString	label
0040f800	CSQuickNE	exact	OS/SysUtil.a	413	CSQuickNE	label
0040f800	CSQuickNE	exact	Patches/PatchIIciROM.a	3461	CSQuickNE	label
0040f800	CSQuickNE	exact	Patches/PatchPortableROM.a	1116	CSQuickNE	label
0040f804	RelStringTrap	exact	Make/VectorTable.a	475	RELSTRINGTRAP	vatrap
0040f804	RelStringTrap	exact	OS/SysUtil.a	434	RelStringTrap	label
0040f81a	ICStr1Long	exact	OS/SysUtil.a	451	ICStr1Long	label
0040f820	ICLoopTop	exact	OS/SysUtil.a	459	ICLoopTop	label
0040f838	ICLoopEntry	exact	OS/SysUtil.a	471	ICLoopEntry	label
0040f844	ICHigh	exact	OS/SysUtil.a	482	ICHigh	label
0040f846	ICEqual	exact	OS/SysUtil.a	484	ICEqual	label
0040f848	ICExit	exact	OS/SysUtil.a	486	ICExit	label
0040f84a	Canonizer	exact	OS/SysUtil.a	497	Canonizer	label
0040f852	dontStrip	exact	OS/SysUtil.a	502	dontStrip	label
0040f85a	dontUpper	exact	OS/SysUtil.a	507	dontUpper	label
0040f85c	EntString	exact	OS/SysUtil.a	519	EntString	label
0040f85c	EntString	exact	Patches/PatchIIciROM.a	3495	EntString	label
0040f85c	EntString	exact	Patches/PatchPortableROM.a	1150	EntString	label
0040f872	ExtString	exact	OS/SysUtil.a	533	ExtString	label
0040f878	UprString	exact	Libs/InterfaceSrcs/OSTraps.a	1048	UprString	proc
0040f878	UprString	exact	Libs/InterfaceSrcs/OSUTILS.a	128	uprstring	proc
0040f878	UprString	exact	Make/VectorTable.a	5943	uprstring	vnovector
0040f878	UprString	trap_suffix	Make/VectorTable.a	473	UPRSTRINGTRAP	vatrap
0040f878	UprString	trap_suffix	OS/SysUtil.a	339	UprStringTrap	label
0040f87c	USLoopTop	exact	OS/SysUtil.a	351	USLoopTop	label
0040f882	USLoopEntry	exact	OS/SysUtil.a	358	USLoopEntry	label
0040f88a	StripTab	exact	OS/SysUtil.a	557	StripTab	label
0040f98a	UpperTab	exact	OS/SysUtil.a	602	UpperTab	label
0040f98a	UpperTab	exact	Patches/PatchIIciROM.a	3532	UpperTab	label
0040f98a	UpperTab	exact	Patches/PatchPortableROM.a	1187	UpperTab	label
0040fa8a	CmpTab	exact	OS/SysUtil.a	815	CmpTab	label
0040fc8a	ReadPram	exact	OS/NetBoot/BootUtils.a	84	ReadPRAM	clr.l
0040fc8a	ReadPram	exact	OS/NetBoot/NetBootlmgr.a	424	ReadPRAM	label
0040fc8a	ReadPram	exact	OS/SysUtil.a	965	ReadPram	move.l
0040fcc2	InitUtil	exact	Make/VectorTable.a	476	INITUTIL	vatrap
0040fcc2	InitUtil	exact	OS/SysUtil.a	996	InitUtil	clr.w
0040fd46	ReadTime	exact	Make/VectorTable.a	479	READTIME	vnovector
0040fd46	ReadTime	exact	OS/SysUtil.a	1152	ReadTime	movem.l
0040fd7c	WriteTime	exact	OS/SysUtil.a	1183	WriteTime	movem.l
0040fe18	ReadXPRam	exact	Make/VectorTable.a	270	READXPRAM	vatrap
0040fe18	ReadXPRam	exact	OS/Clock.a	255	ReadXPRAM	movem.l
0040fe22	WriteXPRam	exact	Make/VectorTable.a	271	WRITEXPRAM	vatrap
0040fe22	WriteXPRam	exact	OS/Clock.a	259	WriteXPRAM	movem.l
0040fe92	IAZ	exact	Make/VectorTable.a	1658	IAZ	vindirect
0040fe92	IAZ	exact	OS/MemoryMgr/FigmentSources/MemMgrBoot.a	413	IAZ	move.l
0040fe92	IAZ	exact	OS/MemoryMgr/MemoryMgr.a	876	IAZ	move.l
0040fee4	InitApplZone	exact	Libs/InterfaceSrcs/OSTraps.a	2939	InitApplZone	proc
0040fee4	InitApplZone	exact	Make/VectorTable.a	1567	INITAPPLZONE	vatrap
0040fee4	InitApplZone	exact	OS/MemoryMgr/MemoryMgr.a	846	InitApplZone	label
0040ff38	InitZone	exact	Libs/InterfaceSrcs/OSTraps.a	117	InitZone	proc
0040ff38	InitZone	trap_suffix	Make/VectorTable.a	1570	INITZONETRAP	vatrap
0040ff38	InitZone	trap_suffix	OS/MemoryMgr/MemoryMgr.a	1155	InitZoneTrap	label
0040ffa4	GetZone	exact	Libs/InterfaceSrcs/OSTraps.a	2960	GetZone	func
0040ffa4	GetZone	exact	Make/VectorTable.a	1571	GETZONE	vatrap
0040ffa4	GetZone	exact	OS/MemoryMgr/MemoryMgr.a	1446	GetZone	label
0040ffaa	SetZone	exact	Libs/InterfaceSrcs/OSTraps.a	2978	SetZone	proc
0040ffaa	SetZone	exact	Make/VectorTable.a	1572	SETZONE	vatrap
0040ffaa	SetZone	exact	OS/MemoryMgr/MemoryMgr.a	1467	SetZone	label
0040ffb0	MaxBlock	exact	Libs/InterfaceSrcs/OSTraps.a	2617	MaxBlock	func
0040ffb0	MaxBlock	trap_suffix	Make/VectorTable.a	1573	MAXBLOCKTRAP	vatrap
0040ffb0	MaxBlock	trap_suffix	OS/MemoryMgr/MemoryMgr.a	1488	MaxBlockTrap	label
0040ffbe	CompactMem	exact	Libs/InterfaceSrcs/OSTraps.a	142	CompactMem	func
0040ffbe	CompactMem	exact	OS/MemoryMgr/MemoryMgrPatches.a	1834	CompactMem	rombind
0040ffbe	CompactMem	trap_suffix	Make/VectorTable.a	1574	COMPACTMEMTRAP	vatrap
0040ffbe	CompactMem	trap_suffix	OS/MemoryMgr/MemoryMgr.a	1508	CompactMemTrap	label
0040ffee	PurgeMem	exact	Libs/InterfaceSrcs/OSTraps.a	3001	PurgeMem	proc
0040ffee	PurgeMem	exact	Make/VectorTable.a	1575	PURGEMEM	vatrap
0040ffee	PurgeMem	exact	OS/MemoryMgr/MemoryMgr.a	1596	PurgeMem	label
0041000a	PurgeSpace	exact	Libs/InterfaceSrcs/OSTraps.a	2648	PurgeSpace	proc
0041000a	PurgeSpace	trap_suffix	Make/VectorTable.a	1576	PURGESPACETRAP	vatrap
0041000a	PurgeSpace	trap_suffix	OS/MemoryMgr/MemoryMgr.a	1643	PurgeSpaceTrap	label
00410014	FreeMem	exact	Libs/InterfaceSrcs/OSTraps.a	3023	FreeMem	func
00410014	FreeMem	exact	Make/VectorTable.a	1577	FREEMEM	vatrap
00410014	FreeMem	exact	OS/MemoryMgr/MemoryMgr.a	1667	FreeMem	label
0041001e	ResrvMem	exact	Libs/InterfaceSrcs/OSTraps.a	3045	ResrvMem	proc
0041001e	ResrvMem	exact	Make/VectorTable.a	1578	RESRVMEM	vatrap
0041001e	ResrvMem	exact	OS/MemoryMgr/MemoryMgr.a	1714	ResrvMem	label
0041003c	MaxMem	exact	Libs/InterfaceSrcs/OSTraps.a	178	MaxMem	func
0041003c	MaxMem	trap_suffix	Make/VectorTable.a	1579	MAXMEMTRAP	vatrap
0041003c	MaxMem	trap_suffix	OS/MemoryMgr/MemoryMgr.a	1806	MaxMemTrap	label
00410070	SetGrowZone	exact	Libs/InterfaceSrcs/OSTraps.a	3064	SetGrowZone	proc
00410070	SetGrowZone	exact	Make/VectorTable.a	1580	SETGROWZONE	vatrap
00410070	SetGrowZone	exact	OS/MemoryMgr/MemoryMgr.a	1890	SetGrowZone	label
00410070	SetGrowZone	exact	ProcessMgr/Data.a	117	SETGROWZONE	ds
0041007a	SetApplLimit	exact	Libs/InterfaceSrcs/OSTraps.a	3082	SetApplLimit	proc
0041007a	SetApplLimit	exact	Make/VectorTable.a	1581	SETAPPLLIMIT	vatrap
0041007a	SetApplLimit	exact	OS/MemoryMgr/MemoryMgr.a	1916	SetApplLimit	label
0041009e	StackSpace	exact	Libs/InterfaceSrcs/OSTraps.a	2674	StackSpace	func
0041009e	StackSpace	trap_suffix	Make/VectorTable.a	1582	STACKSPACETRAP	vatrap
0041009e	StackSpace	trap_suffix	OS/MemoryMgr/MemoryMgr.a	1987	StackSpaceTrap	label
004100ae	MaxApplZone	exact	Libs/InterfaceSrcs/OSTraps.a	3093	MaxApplZone	proc
004100ae	MaxApplZone	exact	Make/VectorTable.a	1583	MAXAPPLZONE	vatrap
004100ae	MaxApplZone	exact	OS/MemoryMgr/MemoryMgr.a	2019	MaxApplZone	label
004100d6	NewPtr	exact	Libs/InterfaceSrcs/OSTraps.a	219	NewPtr	func
004100d6	NewPtr	trap_suffix	Make/VectorTable.a	1584	NEWPTRTRAP	vatrap
004100d6	NewPtr	trap_suffix	OS/MemoryMgr/MemoryMgr.a	2118	NewPtrTrap	label
004100f2	DisposPtr	exact	Libs/InterfaceSrcs/OSTraps.a	3146	DisposPtr	proc
00410108	GetPtrSize	exact	Libs/InterfaceSrcs/OSTraps.a	268	GetPtrSize	func
00410108	GetPtrSize	exact	Make/VectorTable.a	5029	GETPTRSIZE	vnovector
00410108	GetPtrSize	trap_suffix	Make/VectorTable.a	1586	GETPTRSIZETRAP	vatrap
00410108	GetPtrSize	trap_suffix	OS/MemoryMgr/MemoryMgr.a	2239	GetPtrSizeTrap	label
00410112	SetPtrSize	exact	Libs/InterfaceSrcs/OSTraps.a	298	SetPtrSize	proc
00410112	SetPtrSize	trap_suffix	Make/VectorTable.a	1587	SETPTRSIZETRAP	vatrap
00410112	SetPtrSize	trap_suffix	OS/MemoryMgr/MemoryMgr.a	2278	SetPtrSizeTrap	label
0041011c	PtrZone	exact	Libs/InterfaceSrcs/OSTraps.a	325	PtrZone	func
0041011c	PtrZone	trap_suffix	Make/VectorTable.a	1588	PTRZONETRAP	vatrap
0041011c	PtrZone	trap_suffix	OS/MemoryMgr/MemoryMgr.a	2306	PtrZoneTrap	label
0041011c	PtrZoneTrap	exact	Make/VectorTable.a	1588	PTRZONETRAP	vatrap
0041011c	PtrZoneTrap	exact	OS/MemoryMgr/MemoryMgr.a	2306	PtrZoneTrap	label
0041013a	NewEmptyHandle	exact	Libs/InterfaceSrcs/OSTraps.a	2697	NewEmptyHandle	func
0041013a	NewEmptyHandle	trap_suffix	Make/VectorTable.a	1589	NEWEMPTYHANDLETRAP	vatrap
0041013a	NewEmptyHandle	trap_suffix	OS/MemoryMgr/MemoryMgr.a	2342	NewEmptyHandleTrap	label
0041014e	NwHandle	exact	Make/VectorTable.a	1590	NWHANDLE	vatrap
0041014e	NwHandle	exact	OS/MemoryMgr/MemoryMgr.a	2373	NwHandle	label
00410170	DsposeHandle	exact	Make/VectorTable.a	1591	DSPOSEHANDLE	vatrap
00410170	DsposeHandle	exact	OS/MemoryMgr/MemoryMgr.a	2437	DsposeHandle	label
00410190	GetHandleSize	exact	Libs/InterfaceSrcs/OSTraps.a	403	GetHandleSize	func
00410190	GetHandleSize	exact	Make/VectorTable.a	5018	GETHANDLESIZE	vnovector
00410190	GetHandleSize	exact	Toolbox/NotificationMgr/MemUtils.a	85	GetHandleSize	func
0041019c	SetHandleSize	exact	Libs/InterfaceSrcs/OSTraps.a	433	SetHandleSize	proc
0041019c	SetHandleSize	trap_suffix	Make/VectorTable.a	1593	SETHANDLESIZETRAP	vatrap
0041019c	SetHandleSize	trap_suffix	OS/MemoryMgr/MemoryMgr.a	2516	SetHandleSizeTrap	label
004101ae	HandleZone	exact	Libs/InterfaceSrcs/OSTraps.a	460	HandleZone	func
004101ae	HandleZone	exact	ProcessMgr/Data.a	95	HANDLEZONE	ds
004101ae	HandleZone	trap_suffix	Make/VectorTable.a	1594	HANDLEZONETRAP	vatrap
004101ae	HandleZone	trap_suffix	OS/MemoryMgr/MemoryMgr.a	2555	HandleZoneTrap	label
004101b6	RecoverHandle	exact	Libs/InterfaceSrcs/OSTraps.a	487	RecoverHandle	func
004101b6	RecoverHandle	exact	ProcessMgr/Data.a	114	RECOVERHANDLE	ds
004101b6	RecoverHandle	trap_suffix	Make/VectorTable.a	1595	RECOVERHANDLETRAP	vatrap
004101b6	RecoverHandle	trap_suffix	OS/MemoryMgr/MemoryMgr.a	2580	RecoverHandleTrap	label
004101dc	EmptyHandle	exact	Libs/InterfaceSrcs/OSTraps.a	3194	EmptyHandle	proc
004101dc	EmptyHandle	exact	Make/VectorTable.a	1596	EMPTYHANDLE	vatrap
004101dc	EmptyHandle	exact	OS/MemoryMgr/MemoryMgr.a	2675	EmptyHandle	label
004101ec	ReallocHandle	exact	Libs/InterfaceSrcs/OSTraps.a	515	ReallocHandle	proc
004101ec	ReallocHandle	exact	ProcessMgr/Data.a	113	REALLOCHANDLE	ds
004101ec	ReallocHandle	trap_suffix	Make/VectorTable.a	1597	REALLOCHANDLETRAP	vatrap
004101ec	ReallocHandle	trap_suffix	OS/MemoryMgr/MemoryMgr.a	2722	ReAllocHandleTrap	label
00410230	HLock	exact	Libs/InterfaceSrcs/OSTraps.a	3222	HLock	proc
00410230	HLock	exact	Make/VectorTable.a	1598	HLOCK	vatrap
00410230	HLock	exact	OS/MemoryMgr/MemoryMgr.a	2807	HLock	move.l
0041023a	HUnlock	exact	Libs/InterfaceSrcs/OSTraps.a	3229	HUnLock	proc
0041023a	HUnlock	exact	Make/VectorTable.a	1599	HUNLOCK	vatrap
0041023a	HUnlock	exact	OS/MemoryMgr/MemoryMgr.a	2831	HUnlock	label
00410244	HPurge	exact	Libs/InterfaceSrcs/OSTraps.a	3236	HPurge	proc
00410244	HPurge	exact	Make/VectorTable.a	1600	HPURGE	vatrap
00410244	HPurge	exact	OS/MemoryMgr/MemoryMgr.a	2862	HPurge	label
0041024e	HNoPurge	exact	Libs/InterfaceSrcs/OSTraps.a	3243	HNoPurge	proc
0041024e	HNoPurge	exact	Make/VectorTable.a	1601	HNOPURGE	vatrap
0041024e	HNoPurge	exact	OS/MemoryMgr/MemoryMgr.a	2892	HNoPurge	label
00410274	MoreMasters	exact	Libs/InterfaceSrcs/OSTraps.a	3267	MoreMasters	proc
00410274	MoreMasters	exact	Make/VectorTable.a	1606	MOREMASTERS	vatrap
00410274	MoreMasters	exact	OS/MemoryMgr/MemoryMgr.a	3055	MoreMasters	label
0041028c	MoveHHi	exact	Libs/InterfaceSrcs/OSTraps.a	3122	MoveHHi	proc
0041028c	MoveHHi	exact	Make/VectorTable.a	1608	MOVEHHI	vatrap
0041028c	MoveHHi	exact	OS/MemoryMgr/MemoryMgr.a	3188	MoveHHi	label
0041045e	DerefHandle	exact	OS/MemoryMgr/MemoryMgrInternal.a	513	DerefHandle	label
004104c6	MMHPrologue	exact	Make/VectorTable.a	1612	MMHPROLOGUE	vdirect
004104c6	MMHPrologue	exact	OS/MemoryMgr/MemoryMgrInternal.a	798	MMHPrologue	label
0041050a	MMEpilogue	exact	Make/VectorTable.a	1617	MMEPILOGUE	vdirect
0041050a	MMEpilogue	exact	OS/MemoryMgr/MemoryMgrInternal.a	1130	MMEpilogue	label
00410512	MMExit	exact	OS/MemoryMgr/MemoryMgrInternal.a	1134	MMExit	label
00410516	MMNoErrEpilogue	exact	Make/VectorTable.a	1618	MMNOERREPILOGUE	vdirect
00410516	MMNoErrEpilogue	exact	OS/MemoryMgr/MemoryMgrInternal.a	1136	MMNoErrEpilogue	label
00410542	CallPurgeProc	exact	OS/MemoryMgr/MemoryMgrInternal.a	1342	CallPurgeProc	label
00410558	CPgReturn	exact	OS/MemoryMgr/MemoryMgrInternal.a	1351	CPgReturn	label
0041055a	PurgeBlock	exact	Make/VectorTable.a	4399	PurgeBlock	vindirect
00410642	CallGZProc	exact	OS/MemoryMgr/MemoryMgrInternal.a	1726	CallGZProc	label
0041065c	CGZReturn	exact	OS/MemoryMgr/MemoryMgrInternal.a	1742	CGZReturn	label
004107a2	HBlockMove	exact	OS/MemoryMgr/MemoryMgrInternal.a	2270	HBlockMove	label
00410848	ToMaxLimit	exact	Make/VectorTable.a	1633	TOMAXLIMIT	vindirect
00410848	ToMaxLimit	exact	OS/MemoryMgr/MemoryMgrInternal.a	2521	ToMaxLimit	move.l
004108e0	GetSize	exact	OS/Gestalt/SysEnvirons.a	98	GetSize	move.w
004108e0	GetSize	exact	OS/SysUtil.a	1327	GetSize	move.w
004108e0	GetSize	exact	QuickDraw/Classic/Pictures.m.a	798	GETSIZE	and
004108e0	GetSize	exact	QuickDraw/Patches/DrawPicture32Patch.a	171	GETSIZE	and
004108e0	GetSize	exact	QuickDraw/Patches/DrawPicturePatch.a	375	GETSIZE	and
004108e0	GetSize	exact	QuickDraw/Patches/QDciPatchROM.a	17018	GETSIZE	and
004108e0	GetSize	exact	QuickDraw/Pictures.a	404	GETSIZE	and
004108e0	GetSize	exact	Toolbox/TextEdit/StyledTextEdit.a	1005	GetSize	label
004108e0	GetSize	exact	Toolbox/TextEdit/TextEdit.a	1983	GetSize	label
004108f8	ClearGZStuff	exact	Make/VectorTable.a	1642	CLEARGZSTUFF	vindirect
004108f8	ClearGZStuff	exact	OS/MemoryMgr/MemoryMgrInternal.a	2876	ClearGZStuff	label
00410902	SetSize	exact	Libs/InterfaceSrcs/OSTraps.a	2440	setSize	move.l
00410902	SetSize	exact	QuickDraw/Classic/QuickGlue.m.a	86	SetSize	label
00410a7c	AdjustFree	exact	Make/VectorTable.a	1645	ADJUSTFREE	vindirect
00410a7c	AdjustFree	exact	OS/MemoryMgr/MemoryMgrInternal.a	3509	AdjustFree	label
00410ad4	ReleaseMP	exact	Make/VectorTable.a	1650	RELEASEMP	vindirect
00410ad4	ReleaseMP	exact	OS/MemoryMgr/MemoryMgrInternal.a	3703	ReleaseMP	label
00410c6c	StdGZ	exact	Make/VectorTable.a	1655	STDGZ	vindirect
00410c6c	StdGZ	exact	OS/MemoryMgr/MemoryMgrInternal.a	4437	StdGZ	label
00410c7e	SGZCritCase	exact	OS/MemoryMgr/MemoryMgrInternal.a	4446	SGZCritCase	btst
00410ca8	SGZPatchGPS	exact	OS/MemoryMgr/MemoryMgrInternal.a	4464	SGZPatchGPS	label
00410cb0	SGZNonCrit	exact	OS/MemoryMgr/MemoryMgrInternal.a	4468	SGZNonCrit	addq
00410cb4	SGZtoUserGZ	exact	OS/MemoryMgr/MemoryMgrInternal.a	4472	SGZtoUserGZ	label
00410cc0	BlockMove	exact	DeclData/DeclNet/Sonic/SonicEnet.a	159	BlockMove	ds.l
00410cc0	BlockMove	exact	Libs/InterfaceSrcs/OSTraps.a	540	BlockMove	proc
00410cc0	BlockMove	exact	QuickDraw/Patches/QuickerDraw.a	6565	BlockMove	label
00410cc0	BlockMove	exact	Toolbox/NotificationMgr/MemUtils.a	96	BlockMove	proc
00410cfe	CopyTailInc	exact	OS/MemoryMgr/BlockMove.a	249	CopyTailInc	label
00410d30	CopyTailDec	exact	OS/MemoryMgr/BlockMove.a	616	CopyTailDec	label
00410dae	TailInc25	exact	OS/MemoryMgr/BlockMove.a	272	TailInc25	move.l
00410dbc	TailInc00	exact	OS/MemoryMgr/BlockMove.a	268	TailInc00	moveq.l
00410e00	TailInc27	exact	OS/MemoryMgr/BlockMove.a	250	TailInc27	move.l
00410e02	TailInc23	exact	OS/MemoryMgr/BlockMove.a	251	TailInc23	move.l
00410e04	TailInc19	exact	OS/MemoryMgr/BlockMove.a	252	TailInc19	move.l
00410e06	TailInc15	exact	OS/MemoryMgr/BlockMove.a	253	TailInc15	move.l
00410e08	TailInc11	exact	OS/MemoryMgr/BlockMove.a	254	TailInc11	move.l
00410e0a	TailInc07	exact	OS/MemoryMgr/BlockMove.a	255	TailInc07	move.l
00410e0c	TailInc03	exact	OS/MemoryMgr/BlockMove.a	256	TailInc03	move.w
00410e0e	TailInc02	exact	OS/MemoryMgr/BlockMove.a	213	TailInc02	move.w
00410e16	TailInc24	exact	OS/MemoryMgr/BlockMove.a	262	TailInc24	move.l
00410e22	TailInc03	exact	OS/MemoryMgr/BlockMove.a	256	TailInc03	move.w
00410e24	TailInc01	exact	OS/MemoryMgr/BlockMove.a	257	TailInc01	move.b
00410e2a	TailInc26	exact	OS/MemoryMgr/BlockMove.a	207	TailInc26	move.l
00410f30	GetKeys	exact	Make/VectorTable.a	3988	GETKEYS	vatrap
00410f30	GetKeys	exact	Toolbox/ToolboxEventMgr/ToolboxEventMgr.a	79	GetKeys	label
00410f4c	Button	exact	Make/VectorTable.a	3989	BUTTON	vatrap
00410f4c	Button	exact	Toolbox/ToolboxEventMgr/ToolboxEventMgr.a	99	Button	label
00410f5a	itsUp	exact	Toolbox/ToolboxEventMgr/ToolboxEventMgr.a	105	itsUp	label
00410f5e	TickCount	exact	Make/VectorTable.a	3990	TICKCOUNT	vatrap
00410f5e	TickCount	exact	Toolbox/ToolboxEventMgr/ToolboxEventMgr.a	114	TickCount	label
00410f68	GetJournal	exact	Toolbox/ToolboxEventMgr/ToolboxEventMgr.a	125	GetJournal	label
00410f74	ItsRecord	exact	Toolbox/ToolboxEventMgr/ToolboxEventMgr.a	135	ItsRecord	label
00410f76	CallJournal	exact	Toolbox/ToolboxEventMgr/ToolboxEventMgr.a	142	CallJournal	label
00410f96	BadJournal	exact	Toolbox/ToolboxEventMgr/ToolboxEventMgr.a	158	BadJournal	label
00410f9e	adios	exact	Libs/InterfaceSrcs/ToolTraps.a	126	adios	move.l
00410f9e	adios	exact	Toolbox/ToolboxEventMgr/ToolboxEventMgr.a	161	adios	rts
00410fa0	GetMouse	exact	Make/VectorTable.a	3991	GETMOUSE	vatrap
00410fa0	GetMouse	exact	Toolbox/ToolboxEventMgr/ToolboxEventMgr.a	169	GetMouse	label
00410fb6	StillDown	exact	Make/VectorTable.a	3992	STILLDOWN	vatrap
00410fb6	StillDown	exact	ProcessMgr/Data.a	119	STILLDOWN	ds
00410fb6	StillDown	exact	Toolbox/ToolboxEventMgr/ToolboxEventMgr.a	187	StillDown	label
00410fda	SDDONE	exact	Toolbox/ToolboxEventMgr/ToolboxEventMgr.a	205	SDDONE	unlk
00410fde	WaitMouseUp	exact	Make/VectorTable.a	3993	WAITMOUSEUP	vatrap
00410fde	WaitMouseUp	exact	ProcessMgr/Data.a	128	WAITMOUSEUP	ds
00410fde	WaitMouseUp	exact	Toolbox/ToolboxEventMgr/ToolboxEventMgr.a	212	WaitMouseUp	label
00410ff8	ItStillDown	exact	Toolbox/ToolboxEventMgr/ToolboxEventMgr.a	226	ItStillDown	label
00410ffc	EventAvail	exact	Make/VectorTable.a	3994	EVENTAVAIL	vatrap
00410ffc	EventAvail	exact	ProcessMgr/Data.a	86	EVENTAVAIL	ds
00410ffc	EventAvail	exact	Toolbox/ToolboxEventMgr/ToolboxEventMgr.a	238	EventAvail	label
00411000	GetNextEvent	exact	Make/VectorTable.a	3995	GETNEXTEVENT	vatrap
00411000	GetNextEvent	exact	ProcessMgr/Data.a	89	GETNEXTEVENT	ds
00411000	GetNextEvent	exact	Toolbox/ToolboxEventMgr/ToolboxEventMgr.a	253	GetNextEvent	label
00411024	GNECommon	exact	Toolbox/ToolboxEventMgr/ToolboxEventMgr.a	285	GNECommon	label
0041107e	Dormant	exact	Toolbox/ToolboxEventMgr/ToolboxEventMgr.a	337	Dormant	label
0041108c	DontPeek	exact	Toolbox/ToolboxEventMgr/ToolboxEventMgr.a	347	DontPeek	label
0041108e	GoCheckHLE	exact	Toolbox/ToolboxEventMgr/ToolboxEventMgr.a	351	GoCheckHLE	label
004110a0	noneYet	exact	Toolbox/ToolboxEventMgr/ToolboxEventMgr.a	388	noneYet	label
004110b4	PassToSystem	exact	Toolbox/ToolboxEventMgr/ToolboxEventMgr.a	401	PassToSystem	label
004110ce	TryFKey	exact	Toolbox/ToolboxEventMgr/ToolboxEventMgr.a	411	TryFKey	label
00411126	DoneFKey	exact	Patches/PatchPlusROM.a	757	DoneFKey	label
00411126	DoneFKey	exact	Toolbox/ToolboxEventMgr/ToolboxEventMgr.a	481	DoneFKey	label
00411128	HandBySys	exact	Toolbox/ToolboxEventMgr/ToolboxEventMgr.a	498	HandBySys	label
0041112c	DoneGNE	exact	Toolbox/ToolboxEventMgr/ToolboxEventMgr.a	503	DoneGNE	label
0041112c	DoneGNE	exact	Toolbox/ToolboxEventMgr/ToolboxEventMgrPatches.a	53	DoneGNE	rombind
00411136	NeverMind	exact	Toolbox/ToolboxEventMgr/ToolboxEventMgr.a	546	NeverMind	label
00411142	CheckActivate	exact	Toolbox/ToolboxEventMgr/ToolboxEventMgr.a	560	CheckActivate	label
00411156	GotActCommon	exact	Toolbox/ToolboxEventMgr/ToolboxEventMgr.a	573	GotActCommon	label
00411198	GotDone1	exact	Toolbox/ToolboxEventMgr/ToolboxEventMgr.a	606	GotDone1	label
0041119c	DoneChkActive	exact	Toolbox/ToolboxEventMgr/ToolboxEventMgr.a	609	DoneChkActive	label
004111a0	ClearDAct	exact	Toolbox/ToolboxEventMgr/ToolboxEventMgr.a	612	ClearDAct	label
004111a8	GotDActive	exact	Toolbox/ToolboxEventMgr/ToolboxEventMgr.a	616	GotDActive	clr
004111ac	NewString	exact	Libs/InterfaceSrcs/TOOLUTILS.a	115	newstring	proc
004111ac	NewString	exact	Make/VectorTable.a	4166	NEWSTRING	vatrap
004111ac	NewString	exact	Make/VectorTable.a	6035	newstring	vnovector
004111ac	NewString	exact	Toolbox/WindowMgr/WindowMgr.a	619	NewString	proc
004111b8	GetSPtr	exact	Make/VectorTable.a	4167	GETSPTR	vindirect
004111b8	GetSPtr	exact	Toolbox/WindowMgr/WindowMgr.a	633	GetSPtr	proc
004111c4	SetString	exact	Libs/InterfaceSrcs/TOOLUTILS.a	130	setstring	proc
004111c4	SetString	exact	Make/VectorTable.a	4168	SETSTRING	vatrap
004111c4	SetString	exact	Make/VectorTable.a	6036	setstring	vnovector
004111c4	SetString	exact	Toolbox/WindowMgr/WindowMgr.a	646	SetString	proc
0041121a	TwoParmExit	exact	Make/VectorTable.a	4171	TWOPARMEXIT	vindirect
0041121a	TwoParmExit	exact	Toolbox/MenuMgr/MenuMgr.a	3219	TWOPARMEXIT	move.l
0041121a	TwoParmExit	exact	Toolbox/Munger/Munger.a	845	TwoParmExit	label
0041121a	TwoParmExit	exact	Toolbox/WindowMgr/WindowMgr.a	730	TwoParmExit	label
00411220	DeleteWindow	exact	Make/VectorTable.a	4172	DELETEWINDOW	vindirect
00411220	DeleteWindow	exact	Toolbox/WindowMgr/WindowMgr.a	743	DeleteWindow	proc
00411402	GetNewRgn	exact	Make/VectorTable.a	4182	GETNEWRGN	vindirect
00411402	GetNewRgn	exact	Toolbox/WindowMgr/WindowMgr.a	1021	GetNewRgn	proc
0041140e	SaveOld	exact	Make/VectorTable.a	4183	SAVEOLD	vatrap
0041140e	SaveOld	exact	Toolbox/WindowMgr/WindowMgr.a	1037	SaveOld	proc
0041143c	DrawNew	exact	Make/VectorTable.a	4184	DRAWNEW	vatrap
0041143c	DrawNew	exact	Toolbox/WindowMgr/WindowMgr.a	1076	DrawNew	proc
0041149c	ShowHide	exact	Make/VectorTable.a	4186	SHOWHIDE	vatrap
0041149c	ShowHide	exact	Toolbox/WindowMgr/WindowMgr.a	1149	ShowHide	proc
004114ce	SetWPort	exact	Make/VectorTable.a	4187	SETWPORT	vindirect
004114ce	SetWPort	exact	Toolbox/WindowMgr/WindowMgr.a	1244	SetWPort	proc
004114ce	SetWPort	exact	Toolbox/WindowMgr/WindowMgrPatches.a	153	SetWPort	rombind
004114d8	RestorePort	exact	Make/VectorTable.a	4188	RESTOREPORT	vindirect
004114d8	RestorePort	exact	QuickDraw/Patches/PaletteMgrPatch.a	2134	RestorePort	_setport
004114d8	RestorePort	exact	Toolbox/DialogMgr/DialogMgr.a	3077	RestorePort	label
004114d8	RestorePort	exact	Toolbox/WindowMgr/WindowMgr.a	1258	RestorePort	proc
004114de	GetWMgrPort	exact	Make/VectorTable.a	4189	GETWMGRPORT	vatrap
004114de	GetWMgrPort	exact	Toolbox/WindowMgr/WindowMgr.a	1271	GetWMgrPort	proc
004114e8	CheckUpdate	exact	QuickDraw/PaletteMgr.a	3235	CheckUpdate	tst
004114e8	CheckUpdate	exact	QuickDraw/Patches/PaletteMgrPatch.a	1737	CheckUpdate	tst
00411570	AllocPort	exact	Make/VectorTable.a	4191	ALLOCPORT	vindirect
00411570	AllocPort	exact	Toolbox/WindowMgr/WindowMgr.a	1303	AllocPort	proc
0041157c	InitWindows	exact	Make/VectorTable.a	4263	INITWINDOWS	vatrap
0041157c	InitWindows	exact	Patches/PatchPlusROM.a	3396	INITWINDOWS	proc
0041157c	InitWindows	exact	Patches/PatchSEROM.a	2096	INITWINDOWS	proc
0041157c	InitWindows	exact	ProcessMgr/Data.a	97	INITWINDOWS	ds
0041157c	InitWindows	exact	Toolbox/WindowMgr/WindowMgrExtensions.a	45	InitWindows	proc
00411642	NewWindow	exact	Libs/InterfaceSrcs/WINDOWS.a	25	newwindow	proc
00411642	NewWindow	exact	Make/VectorTable.a	4197	NEWWINDOW	vatrap
00411642	NewWindow	exact	Make/VectorTable.a	6039	newwindow	vnovector
00411642	NewWindow	exact	Toolbox/WindowMgr/WindowMgr.a	1707	NewWindow	proc
004117e6	MakeDeactive	exact	Make/VectorTable.a	4200	MAKEDEACTIVE	vindirect
004117e6	MakeDeactive	exact	Toolbox/WindowMgr/WindowMgr.a	1915	MakeDeactive	proc
004117e6	MakeDeactive	exact	Toolbox/WindowMgr/WindowMgrPatches.a	180	MakeDeactive	rombind
00411804	DisposeWindow	exact	Make/VectorTable.a	4201	DISPOSEWINDOW	vatrap
00411804	DisposeWindow	exact	Toolbox/WindowMgr/WindowMgr.a	1941	DisposeWindow	proc
00411812	ShowWindow	exact	Make/VectorTable.a	4202	SHOWWINDOW	vatrap
00411812	ShowWindow	exact	Toolbox/WindowMgr/WindowMgr.a	1958	ShowWindow	proc
00411816	SFLoop	exact	Toolbox/WindowMgr/WindowMgr.a	1964	SFLoop	label
0041183a	HideWindow	exact	Make/VectorTable.a	4203	HIDEWINDOW	vatrap
0041183a	HideWindow	exact	Toolbox/WindowMgr/WindowMgr.a	2001	HideWindow	proc
00411864	GetWRefCon	exact	Make/VectorTable.a	4204	GETWREFCON	vatrap
00411864	GetWRefCon	exact	Toolbox/WindowMgr/WindowMgr.a	2043	GetWRefCon	proc
00411872	SetWRefCon	exact	Make/VectorTable.a	4206	SETWREFCON	vatrap
00411872	SetWRefCon	exact	Toolbox/WindowMgr/WindowMgr.a	2060	SetWRefCon	proc
00411882	SetWindowPic	exact	Make/VectorTable.a	4208	SETWINDOWPIC	vatrap
00411882	SetWindowPic	exact	Toolbox/WindowMgr/WindowMgr.a	2078	SetWindowPic	proc
00411888	GetWindowPic	exact	Make/VectorTable.a	4209	GETWINDOWPIC	vatrap
00411888	GetWindowPic	exact	Toolbox/WindowMgr/WindowMgr.a	2091	GetWindowPic	proc
0041188e	GetWTitle	exact	Libs/InterfaceSrcs/WINDOWS.a	83	getwtitle	proc
0041188e	GetWTitle	exact	Make/VectorTable.a	4210	GETWTITLE	vatrap
0041188e	GetWTitle	exact	Make/VectorTable.a	6042	getwtitle	vnovector
0041188e	GetWTitle	exact	Toolbox/WindowMgr/WindowMgr.a	2105	GetWTitle	proc
004118a6	SetWTitle	exact	Libs/InterfaceSrcs/WINDOWS.a	69	setwtitle	proc
004118a6	SetWTitle	exact	Make/VectorTable.a	4211	SETWTITLE	vatrap
004118a6	SetWTitle	exact	Make/VectorTable.a	6041	setwtitle	vnovector
004118a6	SetWTitle	exact	Toolbox/WindowMgr/WindowMgr.a	2134	SetWTitle	proc
00411924	DeltaPoint	exact	Libs/InterfaceSrcs/TOOLUTILS.a	153	deltapoint	proc
00411924	DeltaPoint	exact	Make/VectorTable.a	4213	DELTAPOINT	vatrap
00411924	DeltaPoint	exact	Make/VectorTable.a	6038	deltapoint	vnovector
00411924	DeltaPoint	exact	Toolbox/WindowMgr/WindowMgr.a	2237	DeltaPoint	proc
0041193e	MoveGuts	exact	Make/VectorTable.a	4214	MOVEGUTS	vindirect
0041193e	MoveGuts	exact	Toolbox/WindowMgr/WindowMgr.a	2254	MoveGuts	proc
00411974	MoveWindow	exact	Make/VectorTable.a	4215	MOVEWINDOW	vatrap
00411974	MoveWindow	exact	Toolbox/WindowMgr/WindowMgr.a	2299	MoveWindow	proc
00411a20	CallMBarProc	exact	Make/VectorTable.a	1675	CALLMBARPROC	vindirect
00411a20	CallMBarProc	exact	Patches/PatchPlusROM.a	3481	CallMBarProc	proc
00411a20	CallMBarProc	exact	Patches/PatchSEROM.a	2182	CallMBarProc	proc
00411a20	CallMBarProc	exact	Toolbox/MenuMgr/MenuMgr.a	622	CallMBarProc	label
00411a20	CallMBarProc	exact	Toolbox/MenuMgr/MenuMgrPatchII.a	256	CallMBarProc	rombind
00411a20	CallWindow	exact	Make/VectorTable.a	4218	CALLWINDOW	vindirect
00411a20	CallWindow	exact	Toolbox/WindowMgr/WindowMgr.a	2612	CallWindow	proc
00411a20	CallWindow	exact	Toolbox/WindowMgr/WindowMgrPatches.a	181	CallWindow	rombind
00411a68	CallWCalc	exact	Make/VectorTable.a	4220	CALLWCALC	vindirect
00411a68	CallWCalc	exact	Toolbox/WindowMgr/WindowMgr.a	2686	CallWCalc	proc
00411a68	CallWCalc	exact	Toolbox/WindowMgr/WindowMgrPatches.a	183	CallWCalc	rombind
00411a84	HiliteWindow	exact	Make/VectorTable.a	4221	HILITEWINDOW	vatrap
00411a84	HiliteWindow	exact	Toolbox/WindowMgr/WindowMgr.a	2728	HiliteWindow	proc
00411abe	ClipGAbove	exact	Make/VectorTable.a	4223	CLIPGABOVE	vindirect
00411abe	ClipGAbove	exact	Toolbox/WindowMgr/WindowMgr.a	2770	ClipGAbove	move.l
00411abe	ClipGAbove	exact	Toolbox/WindowMgr/WindowMgrPatches.a	166	ClipGAbove	rombind
00411ac4	SizeWindow	exact	Make/VectorTable.a	4224	SIZEWINDOW	vatrap
00411ac4	SizeWindow	exact	Toolbox/WindowMgr/WindowMgr.a	2784	SizeWindow	proc
00411b02	SizeGuts	exact	Make/VectorTable.a	4226	SIZEGUTS	vindirect
00411b02	SizeGuts	exact	Toolbox/WindowMgr/WindowMgr.a	2831	SizeGuts	proc
00411b18	ZoomWindow	exact	Make/VectorTable.a	4227	ZOOMWINDOW	vatrap
00411b18	ZoomWindow	exact	Toolbox/WindowMgr/WindowMgr.a	2863	ZoomWindow	proc
00411b7e	TrackGoAway	exact	Libs/InterfaceSrcs/WINDOWS.a	108	trackgoaway	proc
00411b7e	TrackGoAway	exact	Make/VectorTable.a	4228	TRACKGOAWAY	vatrap
00411b7e	TrackGoAway	exact	Make/VectorTable.a	6043	trackgoaway	vnovector
00411b7e	TrackGoAway	exact	Toolbox/WindowMgr/WindowMgr.a	2932	TrackGoAway	proc
00411b86	TrackBox	exact	Libs/InterfaceSrcs/WINDOWS.a	175	trackbox	proc
00411b86	TrackBox	exact	Make/VectorTable.a	4229	TRACKBOX	vatrap
00411b86	TrackBox	exact	Make/VectorTable.a	6048	trackbox	vnovector
00411b86	TrackBox	exact	Toolbox/WindowMgr/WindowMgr.a	2954	TrackBox	label
00411bf4	SelectWindow	exact	Make/VectorTable.a	4231	SELECTWINDOW	vatrap
00411bf4	SelectWindow	exact	Toolbox/WindowMgr/WindowMgr.a	3044	SelectWindow	proc
00411c24	BringToFront	exact	Make/VectorTable.a	4234	BRINGTOFRONT	vindirect
00411c24	BringToFront	exact	Toolbox/WindowMgr/WindowMgr.a	3110	BringToFront	proc
00411cb6	NEGWORDS	exact	Make/VectorTable.a	4236	NEGWORDS	vindirect
00411cb6	NEGWORDS	exact	Toolbox/WindowMgr/WindowMgr.a	3225	NegWords	proc
00411cc0	SendBehind	exact	Make/VectorTable.a	4237	SENDBEHIND	vatrap
00411cc0	SendBehind	exact	Toolbox/WindowMgr/WindowMgr.a	3243	SendBehind	proc
00411d16	BeginUpdate	exact	Make/VectorTable.a	4238	BEGINUPDATE	vatrap
00411d16	BeginUpdate	exact	Toolbox/WindowMgr/WindowMgr.a	3369	BeginUpdate	proc
00411d50	EndUpdate	exact	Make/VectorTable.a	4239	ENDUPDATE	vatrap
00411d50	EndUpdate	exact	Toolbox/WindowMgr/WindowMgr.a	3423	EndUpdate	proc
00411d9c	DragWindow	exact	Libs/InterfaceSrcs/WINDOWS.a	121	dragwindow	proc
00411d9c	DragWindow	exact	Make/VectorTable.a	4240	DRAGWINDOW	vatrap
00411d9c	DragWindow	exact	Make/VectorTable.a	6044	dragwindow	vnovector
00411d9c	DragWindow	exact	Toolbox/WindowMgr/WindowMgr.a	3472	DragWindow	proc
00411e52	WMgrGray	exact	Make/VectorTable.a	4242	WMGRGRAY	vdatatable
00411e52	WMgrGray	exact	Toolbox/WindowMgr/WindowMgr.a	3600	WMgrGray	dc.w
00411e5a	DragGrayRgn	exact	Libs/InterfaceSrcs/WINDOWS.a	154	draggrayrgn	proc
00411e5a	DragGrayRgn	exact	Make/VectorTable.a	4243	DRAGGRAYRGN	vatrap
00411e5a	DragGrayRgn	exact	Make/VectorTable.a	6047	draggrayrgn	vnovector
00411e5a	DragGrayRgn	exact	Patches/PatchPlusROM.a	1789	DragGrayRgn	proc
00411e5a	DragGrayRgn	exact	Toolbox/WindowMgr/WindowMgr.a	3604	DragGrayRgn	label
00411e66	DragTheRgn	exact	Make/VectorTable.a	4244	DRAGTHERGN	vatrap
00411e66	DragTheRgn	exact	Patches/PatchPlusROM.a	1801	DragTheRgn	link
00411e66	DragTheRgn	exact	Toolbox/WindowMgr/WindowMgr.a	3638	DragTheRgn	link
00411f04	NoMotion	exact	Toolbox/WindowMgr/WindowMgr.a	3840	NoMotion	label
00411f50	CallDragHook	exact	Make/VectorTable.a	4245	CALLDRAGHOOK	vindirect
00411f50	CallDragHook	exact	Toolbox/WindowMgr/WindowMgr.a	3927	CallDragHook	label
00411f54	CallDrg1	exact	Toolbox/WindowMgr/WindowMgr.a	3929	CallDrg1	label
00411f5a	NoDHook	exact	Toolbox/WindowMgr/WindowMgr.a	3934	NoDHook	rts
00411f70	GoPaintRgn	exact	Toolbox/WindowMgr/WindowMgr.a	3954	GoPaintRgn	label
00411f76	InSlopRect	exact	Toolbox/WindowMgr/WindowMgr.a	3965	InSlopRect	label
00411f7e	PinBounds	exact	Toolbox/WindowMgr/WindowMgr.a	3976	PinBounds	label
00411f8e	InvalRgn	exact	Make/VectorTable.a	4246	INVALRGN	vatrap
00411f8e	InvalRgn	exact	Toolbox/WindowMgr/WindowMgr.a	4038	InvalRgn	proc
00411f90	IValCommon	exact	Make/VectorTable.a	4247	IVALCOMMON	vindirect
00411f90	IValCommon	exact	Toolbox/WindowMgr/WindowMgr.a	4050	IValCommon	label
00411f90	IValCommon	exact	Toolbox/WindowMgr/WindowMgrPatches.a	188	IvalCommon	rombind
00411fbe	GODIFFIT	exact	Toolbox/WindowMgr/WindowMgr.a	4071	GoDiffIt	label
00411fc0	SKIP1DIFFIT	exact	Toolbox/WindowMgr/WindowMgr.a	4073	Skip1DiffIt	label
00411fc6	GoExit1	exact	Make/VectorTable.a	4248	GOEXIT1	vindirect
00411fc6	GoExit1	exact	Toolbox/WindowMgr/WindowMgr.a	4077	GoExit1	label
00411fce	InvalRect	exact	Make/VectorTable.a	2510	INVALRECT	vatrap
00411fce	InvalRect	exact	Toolbox/WindowMgr/WindowMgr.a	4090	InvalRect	proc
00411fd0	IRectCommon	exact	Make/VectorTable.a	2741	IRECTCOMMON	vindirect
00411fd0	IRectCommon	exact	Toolbox/WindowMgr/WindowMgr.a	4100	IRectCommon	label
00411fd0	IRectCommon	exact	Toolbox/WindowMgr/WindowMgrExtensions.a	420	IRectCommon	label
00411fd0	IRectCommon	exact	Toolbox/WindowMgr/WindowMgrPatches.a	1428	IRectCommon	label
00411fec	ValidRgn	exact	Make/VectorTable.a	4249	VALIDRGN	vatrap
00411fec	ValidRgn	exact	Toolbox/WindowMgr/WindowMgr.a	4125	ValidRgn	proc
00411ff0	ValidRect	exact	Make/VectorTable.a	2742	VALIDRECT	vatrap
00411ff0	ValidRect	exact	Toolbox/WindowMgr/WindowMgr.a	4140	ValidRect	proc
00411ff4	GrowWindow	exact	Libs/InterfaceSrcs/WINDOWS.a	131	growwindow	proc
00411ff4	GrowWindow	exact	Make/VectorTable.a	4250	GROWWINDOW	vatrap
00411ff4	GrowWindow	exact	Make/VectorTable.a	6045	growwindow	vnovector
00411ff4	GrowWindow	exact	Toolbox/WindowMgr/WindowMgr.a	4162	GrowWindow	proc
00412052	GDragLoop	exact	Toolbox/WindowMgr/WindowMgr.a	4232	GDragLoop	label
00412072	GDNextLoop	exact	Toolbox/WindowMgr/WindowMgr.a	4254	GDNextLoop	label
00412098	TwelveBytExit	exact	Make/VectorTable.a	4251	TWELVEBYTEXIT	vindirect
00412098	TwelveBytExit	exact	Toolbox/WindowMgr/WindowMgr.a	4281	TwelveBytExit	label
004120a0	CallGrow	exact	Make/VectorTable.a	4252	CALLGROW	vindirect
004120a0	CallGrow	exact	Toolbox/WindowMgr/WindowMgr.a	4289	CallGrow	proc
004120ae	GetPinMouse	exact	Make/VectorTable.a	4253	GETPINMOUSE	vindirect
004120ae	GetPinMouse	exact	Toolbox/WindowMgr/WindowMgr.a	4305	GetPinMouse	proc
004120e6	GWCalcSize	exact	Make/VectorTable.a	4254	GWCALCSIZE	vindirect
004120e6	GWCalcSize	exact	Toolbox/WindowMgr/WindowMgr.a	4356	GWCalcSize	proc
004120f6	FindWindow	exact	Libs/InterfaceSrcs/WINDOWS.a	96	findwindow	proc
004120f6	FindWindow	exact	Make/VectorTable.a	5774	findwindow	vnovector
004120f6	FindWindow	exact	Patches/PatchPlusROM.a	3359	FindWindow	proc
004120f6	FindWindow	exact	Patches/PatchSEROM.a	2056	FindWindow	proc
00412116	NotOnMBar	exact	Patches/PatchPlusROM.a	3382	NotOnMBar	jmp
00412116	NotOnMBar	exact	Patches/PatchSEROM.a	2079	NotOnMBar	jmp
00412116	NotOnMBar	exact	Toolbox/WindowMgr/WindowMgr.a	4410	NotOnMBar	label
0041211a	FWLoop	exact	Toolbox/WindowMgr/WindowMgr.a	4415	FWLoop	label
0041213c	NextFW	exact	Toolbox/WindowMgr/WindowMgr.a	4441	NextFW	label
00412142	FoundWindow	exact	Toolbox/WindowMgr/WindowMgr.a	4449	FoundWindow	label
00412150	GoDoneFW	exact	Toolbox/WindowMgr/WindowMgr.a	4458	GoDoneFW	label
00412152	GoChkDrag	exact	Toolbox/WindowMgr/WindowMgr.a	4465	GoChkDrag	cmp
0041215e	ItsInGrow	exact	Toolbox/WindowMgr/WindowMgr.a	4471	itsInGrow	addq
00412162	ItsInContent	exact	Toolbox/WindowMgr/WindowMgr.a	4479	ItsInContent	label
00412164	DoneFWindow	exact	Toolbox/WindowMgr/WindowMgr.a	4481	DoneFWindow	label
00412170	DoneFW1	exact	Toolbox/WindowMgr/WindowMgr.a	4490	DoneFW1	label
0041217a	DrawGrowIcon	exact	Make/VectorTable.a	4256	DRAWGROWICON	vatrap
0041217a	DrawGrowIcon	exact	Toolbox/WindowMgr/WindowMgr.a	4504	DrawGrowIcon	proc
00412198	InitMenus	exact	Make/VectorTable.a	1672	INITMENUS	vatrap
00412198	InitMenus	exact	Toolbox/MenuMgr/MenuMgr.a	437	INITMENUS	proc
004121fe	ClearMenuBar	exact	Make/VectorTable.a	1673	CLEARMENUBAR	vatrap
004121fe	ClearMenuBar	exact	Toolbox/MenuMgr/MenuMgr.a	568	CLEARMENUBAR	proc
0041220e	InsertMenu	exact	Make/VectorTable.a	1678	INSERTMENU	vatrap
0041220e	InsertMenu	exact	Toolbox/MenuMgr/MenuMgr.a	842	INSERTMENU	proc
00412284	SixBytExit	exact	Make/VectorTable.a	4185	SIXBYTEXIT	vindirect
00412284	SixBytExit	exact	Toolbox/ControlMgr/ControlMgr.a	967	SixBytExit	label
00412284	SixBytExit	exact	Toolbox/MenuMgr/MenuMgr.a	1042	SIXBYTEXIT	move.l
00412284	SixBytExit	exact	Toolbox/WindowMgr/WindowMgr.a	1134	SixBytExit	label
004122ae	DeleteMenu	exact	Make/VectorTable.a	1676	DELETEMENU	vatrap
004122ae	DeleteMenu	exact	Toolbox/MenuMgr/MenuMgr.a	681	DELETEMENU	proc
00412350	DrawMenuBar	exact	Make/VectorTable.a	1680	DRAWMENUBAR	vatrap
00412350	DrawMenuBar	exact	ProcessMgr/Data.a	84	DRAWMENUBAR	ds
00412350	DrawMenuBar	exact	Toolbox/MenuMgr/MenuMgr.a	1058	DRAWMENUBAR	proc
004123da	HiliteMenu	exact	Make/VectorTable.a	1682	HILITEMENU	vatrap
004123da	HiliteMenu	exact	Toolbox/MenuMgr/MenuMgr.a	1169	HILITEMENU	proc
00412404	EnableItem	exact	Make/VectorTable.a	1683	ENABLEITEM	vatrap
00412404	EnableItem	exact	Toolbox/MenuMgr/MenuMgr.a	1241	ENABLEITEM	proc
00412408	EnableCom	exact	Toolbox/MenuMgr/MenuMgr.a	1255	ENABLECOM	label
00412410	EnableFetch	exact	Toolbox/MenuMgr/MenuMgr.a	1265	ENABLEFETCH	proc
00412420	DisableItem	exact	Make/VectorTable.a	1684	DISABLEITEM	vatrap
00412420	DisableItem	exact	Toolbox/MenuMgr/MenuMgr.a	1273	DISABLEITEM	proc
00412426	GetMenuPtr	exact	Toolbox/MenuMgr/MenuMgr.a	1291	GETMENUPTR	proc
00412426	GetMenuPtr	exact	Toolbox/MenuMgr/MenuMgrPatchII.a	257	GetMenuPtr	rombind
00412434	GetA0List	exact	Toolbox/MenuMgr/MenuMgr.a	1304	GetA0List	label
00412440	GetA1List	exact	Toolbox/MenuMgr/MenuDispatch.a	272	GetA1List	proc
00412440	GetA1List	exact	Toolbox/MenuMgr/MenuMgr.a	1320	GetA1List	label
0041244c	ListPurged	exact	Toolbox/MenuMgr/MenuMgr.a	1327	ListPurged	label
0041246e	MenuSelect	exact	Libs/InterfaceSrcs/MENUS.a	49	menuselect	proc
0041246e	MenuSelect	exact	Make/VectorTable.a	1685	MENUSELECT	vatrap
0041246e	MenuSelect	exact	Make/VectorTable.a	5992	menuselect	vnovector
0041246e	MenuSelect	exact	ProcessMgr/Data.a	100	MENUSELECT	ds
0041246e	MenuSelect	exact	Toolbox/MenuMgr/MenuMgr.a	1378	MENUSELECT	proc
0041279e	GetMenuBar	exact	Make/VectorTable.a	1691	GETMENUBAR	vatrap
0041279e	GetMenuBar	exact	Toolbox/MenuMgr/MenuMgr.a	2883	GetMenuBar	proc
004127b2	SetMenuBar	exact	Make/VectorTable.a	1693	SETMENUBAR	vatrap
004127b2	SetMenuBar	exact	Toolbox/MenuMgr/MenuMgr.a	2967	SetMenuBar	proc
004127d8	FlashMenuBar	exact	Make/VectorTable.a	1681	FLASHMENUBAR	vatrap
004127d8	FlashMenuBar	exact	Toolbox/MenuMgr/MenuMgr.a	1101	FlashMenuBar	proc
004128c4	CheckItem	exact	Make/VectorTable.a	1697	CHECKITEM	vatrap
004128c4	CheckItem	exact	Toolbox/MenuMgr/MenuMgr.a	3077	CHECKITEM	proc
004128e4	MenuKey	exact	Make/VectorTable.a	1709	MENUKEY	vatrap
004128e4	MenuKey	exact	ProcessMgr/Data.a	99	MENUKEY	ds
004128e4	MenuKey	exact	Toolbox/MenuMgr/MenuMgr.a	3684	MENUKEY	label
00412960	GetItem	exact	Libs/InterfaceSrcs/MENUS.a	79	getitem	move.l
00412960	GetItem	exact	Make/VectorTable.a	1710	GETITEM	vatrap
00412960	GetItem	exact	Make/VectorTable.a	5994	getitem	vnovector
00412960	GetItem	exact	Toolbox/MenuMgr/MenuMgr.a	3952	GETITEM	proc
00412994	CalcMenuSize	exact	Make/VectorTable.a	1687	CALCMENUSIZE	vatrap
00412994	CalcMenuSize	exact	Toolbox/MenuMgr/MenuMgr.a	2001	CALCMENUSIZE	proc
004129ca	NewMenu	exact	Libs/InterfaceSrcs/MENUS.a	19	newmenu	proc
004129ca	NewMenu	exact	Make/VectorTable.a	1711	NEWMENU	vatrap
004129ca	NewMenu	exact	Make/VectorTable.a	5990	newmenu	vnovector
004129ca	NewMenu	exact	Toolbox/MenuMgr/MenuMgr.a	3981	NEWMENU	proc
00412a1a	AppendMenu	exact	Libs/InterfaceSrcs/MENUS.a	35	appendmenu	proc
00412a1a	AppendMenu	exact	Make/VectorTable.a	1712	APPENDMENU	vatrap
00412a1a	AppendMenu	exact	Make/VectorTable.a	5991	appendmenu	vnovector
00412a1a	AppendMenu	exact	Toolbox/MenuMgr/MenuMgr.a	4049	APPENDMENU	proc
00412a22	InsMenuItem	exact	Libs/InterfaceSrcs/MENUS.a	94	insmenuitem	move.l
00412a22	InsMenuItem	exact	Make/VectorTable.a	1713	INSMENUITEM	vatrap
00412a22	InsMenuItem	exact	Make/VectorTable.a	5995	insmenuitem	vnovector
00412a22	InsMenuItem	exact	Toolbox/MenuMgr/MenuMgr.a	4061	INSMENUITEM	label
00412a6a	MCHARTABLE	exact	Toolbox/MenuMgr/MenuMgr.a	4178	MCHARTABLE	dc.b
00412a71	STYLECHRTAB	exact	Toolbox/MenuMgr/MenuMgr.a	4192	STYLECHRTAB	dc.b
00412b7e	GetMHandle	exact	Make/VectorTable.a	1714	GETMHANDLE	vatrap
00412b7e	GetMHandle	exact	Toolbox/MenuMgr/MenuMgr.a	4368	GETMHANDLE	proc
00412b9e	DelMenuItem	exact	Make/VectorTable.a	1715	DELMENUITEM	vatrap
00412b9e	DelMenuItem	exact	Toolbox/MenuMgr/MenuMgr.a	4396	DELMENUITEM	proc
00412bd0	SetItem	exact	Libs/InterfaceSrcs/MENUS.a	63	setitem	move.l
00412bd0	SetItem	exact	Make/VectorTable.a	1716	SETITEM	vatrap
00412bd0	SetItem	exact	Make/VectorTable.a	5993	setitem	vnovector
00412bd0	SetItem	exact	Toolbox/MenuMgr/MenuMgr.a	4444	SETITEM	proc
00412c20	AddResMenu	exact	Make/VectorTable.a	1718	ADDRESMENU	vatrap
00412c20	AddResMenu	exact	ProcessMgr/Data.a	80	ADDRESMENU	ds
00412c20	AddResMenu	exact	Toolbox/MenuMgr/MenuMgr.a	4502	AddResMenu	proc
00412cfc	CountMItems	exact	Make/VectorTable.a	1719	COUNTMITEMS	vatrap
00412cfc	CountMItems	exact	Toolbox/MenuMgr/MenuMgr.a	4520	CountMItems	proc
00412d18	PlotIcon	exact	Make/VectorTable.a	1720	PLOTICON	vatrap
00412d18	PlotIcon	exact	Toolbox/MenuMgr/MenuMgr.a	4546	PlotIcon	proc
00412d54	NewControl	exact	Libs/InterfaceSrcs/CONTROLS.a	20	newcontrol	proc
00412d54	NewControl	exact	Make/VectorTable.a	727	NEWCONTROL	vatrap
00412d54	NewControl	exact	Make/VectorTable.a	5953	newcontrol	vnovector
00412d54	NewControl	exact	Toolbox/ControlMgr/ControlMgr.a	287	NewControl	label
00412e2c	CallControl	exact	Toolbox/ControlMgr/ControlMgr.a	451	CallControl	label
00412eba	KillControls	exact	Make/VectorTable.a	730	KILLCONTROLS	vatrap
00412eba	KillControls	exact	Toolbox/ControlMgr/ControlMgr.a	731	KillControls	label
00412ecc	DrawOneControl	exact	Make/VectorTable.a	731	DRAWONECONTROL	vatrap
00412ecc	DrawOneControl	exact	Toolbox/ControlMgr/ControlMgr.a	751	DrawOneControl	move.l
00412ed6	ShowControl	exact	Make/VectorTable.a	732	SHOWCONTROL	vatrap
00412ed6	ShowControl	exact	Toolbox/ControlMgr/ControlMgr.a	764	ShowControl	label
00412ef4	HideControl	exact	Make/VectorTable.a	733	HIDECONTROL	vatrap
00412ef4	HideControl	exact	Toolbox/ControlMgr/ControlMgr.a	793	HideControl	label
00412f0e	MoveControl	exact	Make/VectorTable.a	734	MOVECONTROL	vatrap
00412f0e	MoveControl	exact	Toolbox/ControlMgr/ControlMgr.a	817	MoveControl	label
00412f4c	GetCRefCon	exact	Make/VectorTable.a	735	GETCREFCON	vatrap
00412f4c	GetCRefCon	exact	Toolbox/ControlMgr/ControlMgr.a	863	GetCRefCon	label
00412f5a	SetCRefCon	exact	Make/VectorTable.a	736	SETCREFCON	vatrap
00412f5a	SetCRefCon	exact	Toolbox/ControlMgr/ControlMgr.a	876	SetCRefCon	label
00412f6a	GetCtlAction	exact	Make/VectorTable.a	737	GETCTLACTION	vatrap
00412f6a	GetCtlAction	exact	Toolbox/ControlMgr/ControlMgr.a	890	GetCtlAction	label
00412f6e	SetCtlAction	exact	Make/VectorTable.a	738	SETCTLACTION	vatrap
00412f6e	SetCtlAction	exact	Toolbox/ControlMgr/ControlMgr.a	898	SetCtlAction	label
00412f72	SizeControl	exact	Make/VectorTable.a	739	SIZECONTROL	vatrap
00412f72	SizeControl	exact	Toolbox/ControlMgr/ControlMgr.a	907	SizeControl	label
00412f9a	HiliteControl	exact	Make/VectorTable.a	740	HILITECONTROL	vatrap
00412f9a	HiliteControl	exact	Toolbox/ControlMgr/ControlMgr.a	943	HiliteControl	label
00412fc6	GetCTitle	exact	Libs/InterfaceSrcs/CONTROLS.a	63	getctitle	label
00412fc6	GetCTitle	exact	Make/VectorTable.a	741	GETCTITLE	vatrap
00412fc6	GetCTitle	exact	Make/VectorTable.a	5955	getctitle	vnovector
00412fc6	GetCTitle	exact	Toolbox/ControlMgr/ControlMgr.a	977	GetCTitle	label
00412fde	SetCTitle	exact	Libs/InterfaceSrcs/CONTROLS.a	47	setctitle	label
00412fde	SetCTitle	exact	Make/VectorTable.a	742	SETCTITLE	vatrap
00412fde	SetCTitle	exact	Make/VectorTable.a	5954	setctitle	vnovector
00412fde	SetCTitle	exact	Toolbox/ControlMgr/ControlMgr.a	1001	SetCTitle	label
00413020	GetCtlValue	exact	Make/VectorTable.a	743	GETCTLVALUE	vatrap
00413020	GetCtlValue	exact	Toolbox/ControlMgr/ControlMgr.a	1059	GetCtlValue	label
00413036	SetCtlValue	exact	Make/VectorTable.a	746	SETCTLVALUE	vatrap
00413036	SetCtlValue	exact	Toolbox/ControlMgr/ControlMgr.a	1092	SetCtlValue	label
00413080	TestControl	exact	Libs/InterfaceSrcs/CONTROLS.a	74	testcontrol	proc
00413080	TestControl	exact	Make/VectorTable.a	749	TESTCONTROL	vatrap
00413080	TestControl	exact	Make/VectorTable.a	5956	testcontrol	vnovector
00413080	TestControl	exact	Toolbox/ControlMgr/ControlMgr.a	1159	TestControl	label
004130ae	DragControl	exact	Libs/InterfaceSrcs/CONTROLS.a	112	dragcontrol	proc
004130ae	DragControl	exact	Make/VectorTable.a	750	DRAGCONTROL	vatrap
004130ae	DragControl	exact	Make/VectorTable.a	5959	dragcontrol	vnovector
004130ae	DragControl	exact	Toolbox/ControlMgr/ControlMgr.a	1199	DragControl	clr.w
004130b2	DragCon1	exact	Toolbox/ControlMgr/ControlMgr.a	1201	DragCon1	label
00413110	DoneDC1	exact	Toolbox/ControlMgr/ControlMgr.a	1277	DoneDC1	label
00413114	DCMoveIt	exact	Toolbox/ControlMgr/ControlMgr.a	1281	DCMoveIt	label
00413130	DoneDrgControl	exact	Toolbox/ControlMgr/ControlMgr.a	1303	DoneDrgControl	label
00413142	OwnerPort	exact	Toolbox/ControlMgr/ControlMgr.a	1317	OwnerPort	label
00413160	TrackControl	exact	Libs/InterfaceSrcs/CONTROLS.a	99	trackcontrol	proc
00413160	TrackControl	exact	Make/VectorTable.a	751	TRACKCONTROL	vatrap
00413160	TrackControl	exact	Make/VectorTable.a	5958	trackcontrol	vnovector
00413160	TrackControl	exact	Toolbox/ControlMgr/ControlMgr.a	1353	TrackControl	label
00413176	TrkCtlLoop	exact	Toolbox/ControlMgr/ControlMgr.a	1381	TrkCtlLoop	label
0041318e	CheckCPart	exact	Toolbox/ControlMgr/ControlMgr.a	1401	CheckCPart	label
00413194	CheckAction	exact	Toolbox/ControlMgr/ControlMgr.a	1410	CheckAction	label
004131c0	UseGAction	exact	Toolbox/ControlMgr/ControlMgr.a	1436	UseGAction	label
004131ca	TCNextMouse	exact	Toolbox/ControlMgr/ControlMgr.a	1485	TCNextMouse	label
004131de	TrackDone	exact	QuickDraw/CCrsrCore.a	321	TrackDone	label
004131de	TrackDone	exact	QuickDraw/Classic/CrsrCore.a	1069	TrackDone	label
004131de	TrackDone	exact	Toolbox/ControlMgr/ControlMgr.a	1502	TrackDone	label
004131ee	DoTheThumb	exact	Toolbox/ControlMgr/ControlMgr.a	1517	DoTheThumb	label
00413248	ReturnZero	exact	Toolbox/ControlMgr/ControlMgr.a	1568	ReturnZero	label
0041324e	UpdtControls	exact	Make/VectorTable.a	752	UPDTCONTROLS	vatrap
0041324e	UpdtControls	exact	Toolbox/ControlMgr/ControlMgr.a	1593	UpdtControls	label
0041325e	DrawControls	exact	Make/VectorTable.a	753	DRAWCONTROLS	vatrap
0041325e	DrawControls	exact	Toolbox/ControlMgr/ControlMgr.a	1606	DrawControls	label
0041326c	DCCommon	exact	Toolbox/ControlMgr/ControlMgr.a	1612	DCCommon	label
00413286	DCLoop	exact	Toolbox/ControlMgr/ControlMgr.a	1633	DCLoop	label
004132a0	DoDC	exact	Toolbox/ControlMgr/ControlMgr.a	1646	DoDC	label
004132ac	DoneDrwCtls	exact	Toolbox/ControlMgr/ControlMgr.a	1654	DoneDrwCtls	label
004132be	DeleteList	exact	Toolbox/ControlMgr/ControlMgr.a	1672	DeleteList	label
004132ce	DeleteLoop	exact	Toolbox/ControlMgr/ControlMgr.a	1683	DELETELOOP	move.l
004132d6	DeleteNext	exact	Toolbox/ControlMgr/ControlMgr.a	1687	DeleteNext	label
004132e0	DelDone	exact	Toolbox/ControlMgr/ControlMgr.a	1699	DELDONE	movem.l
004132e6	FindControl	exact	Libs/InterfaceSrcs/CONTROLS.a	86	findcontrol	proc
004132e6	FindControl	exact	Make/VectorTable.a	754	FINDCONTROL	vatrap
004132e6	FindControl	exact	Make/VectorTable.a	5957	findcontrol	vnovector
004132e6	FindControl	exact	Toolbox/ControlMgr/ControlMgr.a	1712	FindControl	label
00413354	NullStr	exact	Toolbox/ResourceMgr/ResourceMgr.a	981	NullStr	label
00413376	InitResources	exact	Make/VectorTable.a	2749	INITRESOURCES	vatrap
00413376	InitResources	exact	Toolbox/ResourceMgr/ResourceMgr.a	1050	InitResources	label
004134d4	vSuperLoad	exact	Make/VectorTable.a	2750	VSUPERLOAD	vatrap
004134d4	vSuperLoad	exact	Toolbox/ResourceMgr/ResourceMgr.a	1554	vSuperLoad	label
0041357a	OddSize	exact	Toolbox/ResourceMgr/ResourceMgr.a	1622	OddSize	label
0041358a	GetMaxLoad	exact	Toolbox/ResourceMgr/ResourceMgr.a	1654	GetMaxLoad	label
00413618	vNewMap	exact	Make/VectorTable.a	2751	VNEWMAP	vatrap
00413618	vNewMap	exact	Toolbox/ResourceMgr/ResourceMgr.a	1740	vNewMap	label
00413708	RsrcZoneInit	exact	Make/VectorTable.a	2752	RSRCZONEINIT	vatrap
00413708	RsrcZoneInit	exact	Toolbox/ResourceMgr/ResourceMgr.a	1892	RsrcZoneInit	label
004137a6	CreateResFile	exact	Libs/InterfaceSrcs/RESOURCES.a	11	createresfile	proc
004137a6	CreateResFile	exact	Make/VectorTable.a	2754	CREATERESFILE	vatrap
004137a6	CreateResFile	exact	Make/VectorTable.a	6024	createresfile	vnovector
004137a6	CreateResFile	exact	Toolbox/ResourceMgr/ResourceMgr.a	2122	CreateResFile	label
004137f0	OpenResFile	exact	Libs/InterfaceSrcs/RESOURCES.a	24	openresfile	proc
004137f0	OpenResFile	exact	Make/VectorTable.a	2756	OPENRESFILE	vatrap
004137f0	OpenResFile	exact	Make/VectorTable.a	6025	openresfile	vnovector
004137f0	OpenResFile	exact	Toolbox/ResourceMgr/OpenResFile.a	33	OpenResFile	patchproc
004137f0	OpenResFile	exact	Toolbox/ResourceMgr/ResourceMgr.a	2209	OpenResFile	label
0041381a	OpenRFPerm	exact	Libs/InterfaceSrcs/RESOURCES.a	44	openrfperm	proc
0041381a	OpenRFPerm	exact	Make/VectorTable.a	2758	OPENRFPERM	vatrap
0041381a	OpenRFPerm	exact	Make/VectorTable.a	6026	openrfperm	vnovector
0041381a	OpenRFPerm	exact	Toolbox/ResourceMgr/ResourceMgr.a	2268	OpenRFPerm	label
0041382e	UseResFile	exact	Make/VectorTable.a	2759	USERESFILE	vatrap
0041382e	UseResFile	exact	Toolbox/ResourceMgr/ResourceMgr.a	2327	UseResFile	label
00413838	GetResFileAttrs	exact	Make/VectorTable.a	2760	GETRESFILEATTRS	vatrap
00413838	GetResFileAttrs	exact	Toolbox/ResourceMgr/ResourceMgr.a	2368	GetResFileAttrs	label
00413844	SetResFileAttrs	exact	Make/VectorTable.a	2761	SETRESFILEATTRS	vatrap
00413844	SetResFileAttrs	exact	Toolbox/ResourceMgr/ResourceMgr.a	2389	SetResFileAttrs	label
00413880	ZnextRes	exact	Toolbox/ResourceMgr/ResourceMgr.a	2459	ZnextRes	label
00413910	UpdateResFIle	exact	Make/VectorTable.a	2762	UPDATERESFILE	vatrap
00413910	UpdateResFIle	exact	ProcessMgr/Data.a	127	UPDATERESFILE	ds
00413910	UpdateResFIle	exact	Toolbox/ResourceMgr/ResourceMgr.a	2540	UpdateResFile	label
004139dc	vCmpFrm	exact	Make/VectorTable.a	2763	VCMPFRM	vatrap
004139dc	vCmpFrm	exact	Toolbox/ResourceMgr/ResourceMgr.a	2710	vCmpFrm	label
00413a3c	CmpFrmMem	exact	Toolbox/ResourceMgr/ResourceMgr.a	2792	CmpFrmMem	label
00413a80	Ptr1Exit	exact	Toolbox/ResourceMgr/ResourceMgr.a	2848	Ptr1Exit	label
00413a96	RLocnNew	exact	Toolbox/ResourceMgr/ResourceMgr.a	2881	RLocnNew	label
00413ab2	WriteZero	exact	Toolbox/ResourceMgr/ResourceMgr.a	2912	WriteZero	label
00413b58	PartRead	exact	Toolbox/ResourceMgr/ResourceMgr.a	3038	PartRead	label
00413b8e	PartWrite	exact	Toolbox/ResourceMgr/ResourceMgr.a	3083	PartWrite	label
00413bd2	CloseResFile	exact	Make/VectorTable.a	2764	CLOSERESFILE	vatrap
00413bd2	CloseResFile	exact	Patches/PatchPlusROM.a	3723	CloseResFile	proc
00413bd2	CloseResFile	exact	Toolbox/ResourceMgr/ResourceMgr.a	3135	CloseResFile	label
00413c76	Count1Resources	exact	Make/VectorTable.a	2765	COUNT1RESOURCES	vatrap
00413c76	Count1Resources	exact	Toolbox/ResourceMgr/ResourceMgr.a	3245	Count1Resources	label
00413c76	CountResources	exact	Make/VectorTable.a	2766	COUNTRESOURCES	vatrap
00413c76	CountResources	exact	Toolbox/ResourceMgr/ResourceMgr.a	3247	CountResources	label
00413c7a	CountResources	exact	Make/VectorTable.a	2766	COUNTRESOURCES	vatrap
00413c7a	CountResources	exact	Toolbox/ResourceMgr/ResourceMgr.a	3247	CountResources	label
00413ca0	GetIndResource	exact	Make/VectorTable.a	2768	GETINDRESOURCE	vatrap
00413ca0	GetIndResource	exact	Toolbox/ResourceMgr/ResourceMgr.a	3282	GetIndResource	label
00413ca4	GetIndResource	exact	Make/VectorTable.a	2768	GETINDRESOURCE	vatrap
00413ca4	GetIndResource	exact	Toolbox/ResourceMgr/ResourceMgr.a	3282	GetIndResource	label
00413d3c	Count1Types	exact	Make/VectorTable.a	2769	COUNT1TYPES	vatrap
00413d3c	Count1Types	exact	Toolbox/ResourceMgr/ResourceMgr.a	3369	Count1Types	label
00413d3c	CountTypes	exact	Make/VectorTable.a	2770	COUNTTYPES	vatrap
00413d3c	CountTypes	exact	Toolbox/ResourceMgr/ResourceMgr.a	3371	CountTypes	label
00413d40	CountTypes	exact	Make/VectorTable.a	2770	COUNTTYPES	vatrap
00413d40	CountTypes	exact	Toolbox/ResourceMgr/ResourceMgr.a	3371	CountTypes	label
00413d50	CountITypes	exact	Toolbox/ResourceMgr/ResourceMgr.a	3391	CountITypes	label
00413d86	GetIndType	exact	Make/VectorTable.a	2772	GETINDTYPE	vatrap
00413d86	GetIndType	exact	Toolbox/ResourceMgr/ResourceMgr.a	3435	GetIndType	label
00413d8a	GetIndType	exact	Make/VectorTable.a	2772	GETINDTYPE	vatrap
00413d8a	GetIndType	exact	Toolbox/ResourceMgr/ResourceMgr.a	3435	GetIndType	label
00413dac	Unique1ID	exact	Make/VectorTable.a	2773	UNIQUE1ID	vatrap
00413dac	Unique1ID	exact	Toolbox/ResourceMgr/ResourceMgr.a	3466	Unique1ID	label
00413dac	UniqueID	exact	Make/VectorTable.a	2774	UNIQUEID	vatrap
00413dac	UniqueID	exact	Toolbox/ResourceMgr/ResourceMgr.a	3468	UniqueID	label
00413db0	UniqueID	exact	Make/VectorTable.a	2774	UNIQUEID	vatrap
00413db0	UniqueID	exact	Toolbox/ResourceMgr/ResourceMgr.a	3468	UniqueID	label
00413dea	Get1Resource	exact	Make/VectorTable.a	2775	GET1RESOURCE	vatrap
00413dea	Get1Resource	exact	Toolbox/ResourceMgr/ResourceMgr.a	3514	Get1Resource	label
00413dea	GetResource	exact	Make/VectorTable.a	2776	GETRESOURCE	vatrap
00413dea	GetResource	exact	ProcessMgr/Data.a	91	GETRESOURCE	ds
00413dea	GetResource	exact	Toolbox/ResourceMgr/ResourceMgr.a	3523	GetResource	label
00413dea	GetResource	exact	Toolbox/ResourceMgr/ResourceMgr.a	3587	GetResource	label
00413dee	GetResource	exact	Make/VectorTable.a	2776	GETRESOURCE	vatrap
00413dee	GetResource	exact	ProcessMgr/Data.a	91	GETRESOURCE	ds
00413dee	GetResource	exact	Toolbox/ResourceMgr/ResourceMgr.a	3523	GetResource	label
00413dee	GetResource	exact	Toolbox/ResourceMgr/ResourceMgr.a	3587	GetResource	label
00413e2e	GetNamedResource	exact	Libs/InterfaceSrcs/RESOURCES.a	62	getnamedresource	proc
00413e2e	GetNamedResource	exact	Make/VectorTable.a	2778	GETNAMEDRESOURCE	vatrap
00413e2e	GetNamedResource	exact	Make/VectorTable.a	6027	getnamedresource	vnovector
00413e2e	GetNamedResource	exact	ProcessMgr/Data.a	88	GETNAMEDRESOURCE	ds
00413e2e	GetNamedResource	exact	Toolbox/ResourceMgr/ResourceMgr.a	3635	GetNamedResource	label
00413e32	GetNamedResource	exact	Libs/InterfaceSrcs/RESOURCES.a	62	getnamedresource	proc
00413e32	GetNamedResource	exact	Make/VectorTable.a	2778	GETNAMEDRESOURCE	vatrap
00413e32	GetNamedResource	exact	Make/VectorTable.a	6027	getnamedresource	vnovector
00413e32	GetNamedResource	exact	ProcessMgr/Data.a	88	GETNAMEDRESOURCE	ds
00413e32	GetNamedResource	exact	Toolbox/ResourceMgr/ResourceMgr.a	3635	GetNamedResource	label
00413e88	GetTopMap	exact	Toolbox/ResourceMgr/ResourceMgr.a	3696	GetTopMap	label
00413e9c	GetCurMap	exact	Toolbox/ResourceMgr/ResourceMgr.a	3729	GetCurMap	label
00413eca	NextMap	exact	Toolbox/ResourceMgr/ResourceMgr.a	3769	NextMap	label
00413f10	IDScan	exact	Toolbox/ResourceMgr/ResourceMgr.a	3915	IDScan	label
00413f1e	TypeScan	exact	Toolbox/ResourceMgr/ResourceMgr.a	3943	TypeScan	label
00413f30	SkipToEntry	exact	Toolbox/ResourceMgr/ResourceMgr.a	3973	SkipToEntry	label
00413f46	Found	exact	OS/HFS/Extensions/DTDBMgr.a	1371	Found	label
00413f46	Found	exact	QuickDraw/Classic/Stretch.m.a	825	FOUND	rts
00413f46	Found	exact	QuickDraw/Patches/QDciPatchROM.a	8538	Found	label
00413f46	Found	exact	QuickDraw/Stretch.a	6261	FOUND	addq
00413f46	Found	exact	Toolbox/Munger/Munger.a	583	found	label
00413f46	Found	exact	Toolbox/ResourceMgr/ResourceMgr.a	4001	Found	label
00413f4a	NotFound	exact	Toolbox/Munger/Munger.a	257	notFound	label
00413f4a	NotFound	exact	Toolbox/ResourceMgr/ResourceMgr.a	4005	NotFound	label
00413f4a	NotFound	exact	Toolbox/ScrapMgr/ScrapMgr.a	501	notFound	label
00413f4a	NotFound	exact	Toolbox/ScriptMgr/ScriptMgrUtilDate.a	1880	NotFound	label
00413f56	StdEntry	exact	Toolbox/DialogMgr/DialogMgr.a	1295	StdEntry	label
00413f56	StdEntry	exact	Toolbox/ListMgr/ListMgrPACK.a	209	StdEntry	label
00413f56	StdEntry	exact	Toolbox/Munger/Munger.a	870	StdEntry	label
00413f56	StdEntry	exact	Toolbox/ResourceMgr/ResourceMgr.a	4030	StdEntry	label
00413f56	StdEntry	exact	Toolbox/ScrapMgr/ScrapMgr.a	223	StdEntry	label
00413f56	StdEntry	exact	Toolbox/TextEdit/StyledTextEdit.a	3357	StdEntry	label
00413f56	StdEntry	exact	Toolbox/TextEdit/TextEdit.a	7892	StdEntry	label
00413ffe	StdSixExit	exact	Toolbox/ResourceMgr/ResourceMgr.a	4261	StdSixExit	label
004140ae	SaveIndCache	exact	Toolbox/ResourceMgr/ResourceMgr.a	4394	SaveIndCache	label
004140c6	NameResource	exact	Toolbox/ResourceMgr/ResourceMgr.a	4417	NameResource	label
004140e0	NextEntry	exact	OS/DeviceMgr.a	968	NextEntry	subq
004140e0	NextEntry	exact	QuickDraw/PaletteMgr.a	1107	NextEntry	clr
004140e0	NextEntry	exact	QuickDraw/PaletteMgr.a	2948	NextEntry	adda.l
004140e0	NextEntry	exact	QuickDraw/PaletteMgr.a	4100	nextEntry	adda
004140e0	NextEntry	exact	QuickDraw/Patches/PaletteMgrPatch.a	683	NextEntry	clr
004140e0	NextEntry	exact	QuickDraw/Patches/PaletteMgrPatch.a	2828	NextEntry	adda.l
004140e0	NextEntry	exact	Toolbox/AliasMgr/FolderMgr.a	1501	NextEntry	label
004140e0	NextEntry	exact	Toolbox/ResourceMgr/ResourceMgr.a	4449	NextEntry	label
00414130	CheckLoad	exact	ProcessMgr/Data.a	81	CHECKLOAD	ds
00414130	CheckLoad	exact	Toolbox/ResourceMgr/ResourceMgr.a	4562	CheckLoad	label
00414136	vCheckLoad	exact	Make/VectorTable.a	2782	VCHECKLOAD	vatrap
00414136	vCheckLoad	exact	Toolbox/ResourceMgr/ResourceMgr.a	4565	vCheckLoad	label
004141b8	SetPL	exact	Toolbox/ResourceMgr/ResourceMgr.a	5079	SetPL	label
004143cc	LoadResource	exact	Make/VectorTable.a	2789	LOADRESOURCE	vatrap
004143cc	LoadResource	exact	Toolbox/ResourceMgr/ResourceMgr.a	5795	LoadResource	label
0041440a	ReleaseResource	exact	Make/VectorTable.a	2790	RELEASERESOURCE	vatrap
0041440a	ReleaseResource	exact	ProcessMgr/Data.a	115	RELEASERESOURCE	ds
0041440a	ReleaseResource	exact	Toolbox/ResourceMgr/ResourceMgr.a	5858	ReleaseResource	label
00414434	DetachResource	exact	Make/VectorTable.a	2791	DETACHRESOURCE	vatrap
00414434	DetachResource	exact	Toolbox/ResourceMgr/ResourceMgr.a	5894	DetachResource	label
0041444c	ChangedResource	exact	Make/VectorTable.a	2792	CHANGEDRESOURCE	vatrap
0041444c	ChangedResource	exact	Toolbox/ResourceMgr/ResourceMgr.a	5925	ChangedResource	label
00414482	WriteResource	exact	Make/VectorTable.a	2793	WRITERESOURCE	vatrap
00414482	WriteResource	exact	Toolbox/ResourceMgr/ResourceMgr.a	5965	WriteResource	label
004144bc	HomeResFile	exact	Make/VectorTable.a	2794	HOMERESFILE	vatrap
004144bc	HomeResFile	exact	Toolbox/ResourceMgr/ResourceMgr.a	6023	HomeResFile	label
004144e4	SetResPurge	exact	Make/VectorTable.a	2795	SETRESPURGE	vatrap
004144e4	SetResPurge	exact	Toolbox/ResourceMgr/ResourceMgr.a	6071	SetResPurge	label
00414504	SetResLoad	exact	Make/VectorTable.a	2796	SETRESLOAD	vatrap
00414504	SetResLoad	exact	Toolbox/ResourceMgr/ResourceMgr.a	6106	SetResLoad	label
0041450e	CurResFile	exact	Make/VectorTable.a	2797	CURRESFILE	vatrap
0041450e	CurResFile	exact	Toolbox/ResourceMgr/ResourceMgr.a	6124	CurResFile	label
00414516	ResError	exact	Make/VectorTable.a	2798	RESERROR	vatrap
00414516	ResError	exact	Toolbox/ResourceMgr/ResourceMgr.a	6143	ResError	label
00414538	GetResAttrs	exact	Make/VectorTable.a	2801	GETRESATTRS	vatrap
00414538	GetResAttrs	exact	ProcessMgr/Data.a	90	GETRESATTRS	ds
00414538	GetResAttrs	exact	Toolbox/ResourceMgr/ResourceMgr.a	6199	GetResAttrs	label
0041454c	SetResAttrs	exact	Make/VectorTable.a	2802	SETRESATTRS	vatrap
0041454c	SetResAttrs	exact	Toolbox/ResourceMgr/ResourceMgr.a	6227	SetResAttrs	label
0041457e	GetResInfo	exact	Libs/InterfaceSrcs/RESOURCES.a	94	getresinfo	proc
0041457e	GetResInfo	exact	Make/VectorTable.a	2804	GETRESINFO	vatrap
0041457e	GetResInfo	exact	Make/VectorTable.a	6029	getresinfo	vnovector
0041457e	GetResInfo	exact	Toolbox/ResourceMgr/ResourceMgr.a	6280	GetResInfo	label
004145c4	SetResInfo	exact	Libs/InterfaceSrcs/RESOURCES.a	109	setresinfo	proc
004145c4	SetResInfo	exact	Make/VectorTable.a	2805	SETRESINFO	vatrap
004145c4	SetResInfo	exact	Make/VectorTable.a	6030	setresinfo	vnovector
004145c4	SetResInfo	exact	Toolbox/ResourceMgr/ResourceMgr.a	6349	SetResInfo	label
0041460e	AddResource	exact	Libs/InterfaceSrcs/RESOURCES.a	124	addresource	proc
0041460e	AddResource	exact	Make/VectorTable.a	2806	ADDRESOURCE	vatrap
0041460e	AddResource	exact	Make/VectorTable.a	6031	addresource	vnovector
0041460e	AddResource	exact	Toolbox/ResourceMgr/ResourceMgr.a	6396	AddResource	label
004146e8	RmveResource	exact	Make/VectorTable.a	2809	RMVERESOURCE	vatrap
004146e8	RmveResource	exact	Toolbox/ResourceMgr/ResourceMgr.a	6566	RmveResource	label
0041477a	AddName	exact	Make/VectorTable.a	2810	ADDNAME	vindirect
0041477a	AddName	exact	Toolbox/ResourceMgr/ResourceMgr.a	6698	AddName	label
0041477a	AddName	exact	Toolbox/ResourceMgr/ResourceMgrExtensions.a	322	AddName	rombind
00414864	SizeRsrc	exact	ProcessMgr/Data.a	118	SIZERSRC	ds
00414864	SizeRsrc	exact	Toolbox/ResourceMgr/ResourceMgr.a	5166	SizeRsrc	label
00414886	MaxSizeRsrc	exact	Make/VectorTable.a	2812	MAXSIZERSRC	vatrap
00414886	MaxSizeRsrc	exact	Toolbox/ResourceMgr/ResourceMgr.a	6969	MaxSizeRsrc	label
0041489a	RsrcMapEntry	exact	Make/VectorTable.a	2813	RSRCMAPENTRY	vatrap
0041489a	RsrcMapEntry	exact	Toolbox/ResourceMgr/ResourceMgr.a	6993	RsrcMapEntry	label
004148b2	InitDialogs	exact	Make/VectorTable.a	779	INITDIALOGS	vatrap
004148b2	InitDialogs	exact	Toolbox/DialogMgr/DialogMgr.a	417	InitDialogs	label
00414968	StopAlert	exact	Make/VectorTable.a	780	STOPALERT	vatrap
00414968	StopAlert	exact	Toolbox/DialogMgr/DialogMgr.a	473	StopAlert	label
0041496c	NoteAlert	exact	Make/VectorTable.a	781	NOTEALERT	vatrap
0041496c	NoteAlert	exact	Toolbox/DialogMgr/DialogMgr.a	486	NoteAlert	label
00414970	CautionAlert	exact	Make/VectorTable.a	782	CAUTIONALERT	vatrap
00414970	CautionAlert	exact	Toolbox/DialogMgr/DialogMgr.a	499	CautionAlert	label
00414974	Alert	exact	Make/VectorTable.a	783	ALERT	vatrap
00414974	Alert	exact	Toolbox/DialogMgr/DialogMgr.a	525	Alert	label
00414a60	SetIt	exact	QuickDraw/Classic/Patterns.m.a	1035	SetIt	move
00414a60	SetIt	exact	QuickDraw/GDevice.a	1453	SetIt	bset
00414a60	SetIt	exact	Toolbox/DialogMgr/DialogMgr.a	674	SetIt	label
00414a60	SetIt	exact	Toolbox/InSANE/FPBD.a	447	SetIt	label
00414a60	SetIt	exact	Toolbox/InSANE/FPHWB2DC.a	685	SetIt	move.w
00414a60	SetIt	exact	Toolbox/SANE/FP020BD.a	466	SetIt	label
00414a60	SetIt	exact	Toolbox/StandardFile/StandardFilePACK.a	4716	SetIt	move.l
00414a68	GetILCopy	exact	Toolbox/DialogMgr/DialogMgr.a	692	GetILCopy	label
00414a7a	CallSound	exact	Toolbox/DialogMgr/DialogMgr.a	723	CallSound	label
00414a8a	noBeeper	exact	Toolbox/DialogMgr/DialogMgr.a	730	noBeeper	label
00414a90	GetNewDialog	exact	Make/VectorTable.a	784	GETNEWDIALOG	vatrap
00414a90	GetNewDialog	exact	Toolbox/DialogMgr/DialogMgr.a	746	GetNewDialog	label
00414ac8	NewDialog	exact	Libs/InterfaceSrcs/DIALOGS.a	68	newdialog	proc
00414ac8	NewDialog	exact	Make/VectorTable.a	786	NEWDIALOG	vatrap
00414ac8	NewDialog	exact	Make/VectorTable.a	5962	newdialog	vnovector
00414ac8	NewDialog	exact	Toolbox/DialogMgr/DialogMgr.a	841	NewDialog	label
00414ade	GotStorage	exact	Toolbox/DialogMgr/DialogMgr.a	851	GotStorage	label
00414b48	ClaimEvent	exact	Make/VectorTable.a	787	CLAIMEVENT	vindirect
00414b48	ClaimEvent	exact	Toolbox/DialogMgr/DialogDispatch.a	369	ClaimEvent	rombind
00414b48	ClaimEvent	exact	Toolbox/DialogMgr/DialogMgr.a	931	ClaimEvent	label
00414b5a	CheckMsg	exact	Toolbox/DialogMgr/DialogMgr.a	945	CheckMsg	label
00414b60	IsDialogEvent	exact	Make/VectorTable.a	788	ISDIALOGEVENT	vatrap
00414b60	IsDialogEvent	exact	Toolbox/DialogMgr/DialogMgr.a	963	IsDialogEvent	label
00414b92	OKDlg	exact	Toolbox/DialogMgr/DialogMgr.a	1044	OKDlg	label
00414b96	NotDlg	exact	Toolbox/DialogMgr/DialogMgr.a	1051	NotDlg	label
00414b9a	DialogSelect	exact	Make/VectorTable.a	789	DIALOGSELECT	vatrap
00414b9a	DialogSelect	exact	Toolbox/DialogMgr/DialogMgr.a	1074	DialogSelect	label
00414bcc	NotDS	exact	Toolbox/DialogMgr/DialogMgr.a	1140	NotDS	label
00414bda	ModalDialog	exact	Make/VectorTable.a	790	MODALDIALOG	vatrap
00414bda	ModalDialog	exact	Toolbox/DialogMgr/DialogMgr.a	1178	ModalDialog	label
00414bde	ELoop	exact	Toolbox/DialogMgr/DialogMgr.a	1220	ELoop	label
00414c3c	MDExit	exact	Toolbox/DialogMgr/DialogMgr.a	1276	MDExit	label
00414c40	NotDialogs	exact	Toolbox/DialogMgr/DialogMgr.a	1281	NotDialogs	label
00414c50	StdEntry	exact	Toolbox/DialogMgr/DialogMgr.a	1295	StdEntry	label
00414c50	StdEntry	exact	Toolbox/ListMgr/ListMgrPACK.a	209	StdEntry	label
00414c50	StdEntry	exact	Toolbox/Munger/Munger.a	870	StdEntry	label
00414c50	StdEntry	exact	Toolbox/ResourceMgr/ResourceMgr.a	4030	StdEntry	label
00414c50	StdEntry	exact	Toolbox/ScrapMgr/ScrapMgr.a	223	StdEntry	label
00414c50	StdEntry	exact	Toolbox/TextEdit/StyledTextEdit.a	3357	StdEntry	label
00414c50	StdEntry	exact	Toolbox/TextEdit/TextEdit.a	7892	StdEntry	label
00414c5c	StdExit	exact	Make/VectorTable.a	3411	STDEXIT	vindirect
00414c5c	StdExit	exact	OS/CrsrDev.a	158	stdExit	movem.l
00414c5c	StdExit	exact	OS/Gestalt/GestaltExtensions.a	406	stdExit	move.l
00414c5c	StdExit	exact	OS/Gestalt/GestaltFunction.a	1461	stdExit	move.l
00414c5c	StdExit	exact	OS/SCSIMgr/SCSIMgr96.a	154	StdExit	label
00414c5c	StdExit	exact	OS/SCSIMgr/SCSIMgr96BIOS.a	100	StdExit	label
00414c5c	StdExit	exact	OS/SCSIMgr/SCSIMgrPSC.a	154	StdExit	label
00414c5c	StdExit	exact	OS/SCSIMgr4pt3/XPTSCSIXlate.a	73	StdExit	label
00414c5c	StdExit	exact	Toolbox/CommToolbox/CommToolboxStartup/CommToolboxPatches.a	298	stdExit	label
00414c5c	StdExit	exact	Toolbox/DialogMgr/DialogMgr.a	1305	StdExit	label
00414c5c	StdExit	exact	Toolbox/InSANE/FPHWNonArith.a	1694	STDEXIT	lea
00414c5c	StdExit	exact	Toolbox/ListMgr/ListMgrPACK.a	237	StdExit	label
00414c5c	StdExit	exact	Toolbox/ResourceMgr/ResourceMgr.a	4273	StdExit	label
00414c5c	StdExit	exact	Toolbox/ScrapMgr/ScrapMgr.a	308	StdExit	label
00414c5c	StdExit	exact	Toolbox/ScriptMgr/ScriptMgrExtensions.a	1547	StdExit	label
00414c5c	StdExit	exact	Toolbox/ScriptMgr/ScriptMgrUtil.a	170	StdExit	label
00414c5c	StdExit	exact	Toolbox/TextEdit/StyledTextEdit.a	1061	StdExit	label
00414c5c	StdExit	exact	Toolbox/TextEdit/TextEdit.a	2107	StdExit	label
00414c68	DrawDialog	exact	Make/VectorTable.a	791	DRAWDIALOG	vatrap
00414c68	DrawDialog	exact	Toolbox/DialogMgr/DialogMgr.a	1319	DrawDialog	label
00414c80	UpdtDialog	exact	Make/VectorTable.a	792	UPDTDIALOG	vatrap
00414c80	UpdtDialog	exact	Toolbox/DialogMgr/DialogMgr.a	1338	UpdtDialog	label
00414c9e	CloseDialog	exact	Make/VectorTable.a	793	CLOSEDIALOG	vatrap
00414c9e	CloseDialog	exact	Toolbox/DialogMgr/DialogMgr.a	1373	CloseDialog	label
00414cc4	DCExit	exact	OS/HFS/CMSVCS.a	410	DCExit	label
00414cc4	DCExit	exact	OS/HFS/Extensions/CMSvcsExtras.a	165	DCExit	label
00414cc4	DCExit	exact	Toolbox/DialogMgr/DialogMgr.a	1400	DCExit	label
00414cc8	Begin2InWind	exact	Toolbox/DialogMgr/DialogMgr.a	1410	Begin2InWind	label
00414cda	BeginInWind	exact	Toolbox/DialogMgr/DialogMgr.a	1428	BeginInWind	label
00414cda	BeginInWind	exact	Toolbox/DialogMgr/DialogMgrPatches.a	592	BeginInWind	rombind
00414cf2	GetEditField	exact	Toolbox/DialogMgr/DialogMgr.a	1445	GetEditField	label
00414cfe	FindOne	exact	QuickDraw/PaletteMgr.a	773	FindOne	move
00414cfe	FindOne	exact	QuickDraw/Patches/PaletteMgrPatch.a	409	FindOne	move
00414cfe	FindOne	exact	Toolbox/DialogMgr/DialogMgr.a	1452	FindOne	label
00414d00	FFLoop	exact	Toolbox/DialogMgr/DialogMgr.a	1454	FFLoop	label
00414d14	GotField	exact	Toolbox/DialogMgr/DialogMgr.a	1461	GotField	label
00414d16	NoEdF	exact	Toolbox/DialogMgr/DialogMgr.a	1463	NoEdF	label
00414d18	EndInWind	exact	Toolbox/DialogMgr/DialogMgr.a	1357	EndInWind	label
00414d18	EndInWind	exact	Toolbox/DialogMgr/DialogMgrPatches.a	611	EndInWind	rombind
00414d24	DisposDialog	exact	Make/VectorTable.a	794	DISPOSDIALOG	vatrap
00414d24	DisposDialog	exact	Toolbox/DialogMgr/DialogMgr.a	1473	DisposDialog	label
00414d3c	GetLstD2	exact	Toolbox/DialogMgr/DialogMgr.a	1502	GetLstD2	label
00414d44	GetLstA2	exact	Toolbox/DialogMgr/DialogMgr.a	1510	GetLstA2	label
00414d4a	GetLstCmn	exact	Toolbox/DialogMgr/DialogMgr.a	1513	GetLstCmn	label
00414d54	GetCmn	exact	Toolbox/DialogMgr/DialogMgr.a	1518	GetCmn	label
00414d5a	CouldDialog	exact	Make/VectorTable.a	795	COULDDIALOG	vatrap
00414d5a	CouldDialog	exact	Toolbox/DialogMgr/DialogMgr.a	1546	CouldDialog	label
00414d68	CouldAlert	exact	Make/VectorTable.a	796	COULDALERT	vatrap
00414d68	CouldAlert	exact	Toolbox/DialogMgr/DialogMgr.a	1559	CouldAlert	label
00414d92	GetAHndl	exact	Toolbox/DialogMgr/DialogMgr.a	1591	GetAHndl	label
00414d9a	GetDHndl	exact	Toolbox/DialogMgr/DialogMgr.a	1597	GetDHndl	label
00414da0	GetADHndl	exact	Toolbox/DialogMgr/DialogMgr.a	1601	GetADHndl	label
00414db4	FreeDialog	exact	Make/VectorTable.a	797	FREEDIALOG	vatrap
00414db4	FreeDialog	exact	Toolbox/DialogMgr/DialogMgr.a	1703	FreeDialog	label
00414dc2	FreeAlert	exact	Make/VectorTable.a	798	FREEALERT	vatrap
00414dc2	FreeAlert	exact	Toolbox/DialogMgr/DialogMgr.a	1715	FreeAlert	label
00414e0e	ParamText	exact	Libs/InterfaceSrcs/DIALOGS.a	115	paramtext	proc
00414e0e	ParamText	exact	Make/VectorTable.a	799	PARAMTEXT	vatrap
00414e0e	ParamText	exact	Make/VectorTable.a	5964	paramtext	vnovector
00414e0e	ParamText	exact	Toolbox/DialogMgr/DialogMgr.a	1729	ParamText	label
00414e32	ErrorSound	exact	Make/VectorTable.a	800	ERRORSOUND	vatrap
00414e32	ErrorSound	exact	Toolbox/DialogMgr/DialogMgr.a	1759	ErrorSound	label
00414e3a	GetDItem	exact	Make/VectorTable.a	801	GETDITEM	vatrap
00414e3a	GetDItem	exact	Toolbox/DialogMgr/DialogMgr.a	1777	GetDItem	label
00414e80	SetDItem	exact	Make/VectorTable.a	802	SETDITEM	vatrap
00414e80	SetDItem	exact	Toolbox/DialogMgr/DialogMgr.a	1823	SetDItem	label
00414eb6	GetIText	exact	Libs/InterfaceSrcs/DIALOGS.a	144	getitext	move.l
00414eb6	GetIText	exact	Make/VectorTable.a	803	GETITEXT	vatrap
00414eb6	GetIText	exact	Make/VectorTable.a	5965	getitext	vnovector
00414eb6	GetIText	exact	Toolbox/DialogMgr/DialogMgr.a	1851	GetIText	label
00414ed6	SetIText	exact	Libs/InterfaceSrcs/DIALOGS.a	158	setitext	move.l
00414ed6	SetIText	exact	Make/VectorTable.a	804	SETITEXT	vatrap
00414ed6	SetIText	exact	Make/VectorTable.a	5966	setitext	vnovector
00414ed6	SetIText	exact	Toolbox/DialogMgr/DialogMgr.a	1878	SetIText	label
00414f32	TwoLongExit	exact	Toolbox/DialogMgr/DialogMgr.a	1925	TwoLongExit	label
00414f38	SelIText	exact	Make/VectorTable.a	805	SELITEXT	vatrap
00414f38	SelIText	exact	Toolbox/DialogMgr/DialogMgr.a	1942	SelIText	label
00414f60	GetRect	exact	QuickDraw/Arcs.a	92	GetRect	move.l
00414f60	GetRect	exact	QuickDraw/Classic/Pictures.m.a	1879	GETRECT	tst.b
00414f60	GetRect	exact	QuickDraw/Lines.a	134	GetRect	move.l
00414f60	GetRect	exact	QuickDraw/Ovals.a	82	GetRect	move.l
00414f60	GetRect	exact	QuickDraw/Patches/DrawPicturePatch.a	1430	GETRECT	label
00414f60	GetRect	exact	QuickDraw/Patches/DrawPicturePlusSE.a	1783	GETRECT	label
00414f60	GetRect	exact	QuickDraw/Patches/DrawPicturePortable.a	1753	GETRECT	label
00414f60	GetRect	exact	QuickDraw/Pictures.a	2897	GETRECT	label
00414f60	GetRect	exact	QuickDraw/Polygons.a	88	GetRect	move.l
00414f60	GetRect	exact	QuickDraw/RRects.a	97	GetRect	move.l
00414f60	GetRect	exact	QuickDraw/Rects.a	102	GetRect	move.l
00414f60	GetRect	exact	QuickDraw/Regions.a	105	GetRect	move.l
00414f60	GetRect	exact	QuickDraw/Text.a	864	GetRect	move.l
00414f60	GetRect	exact	Toolbox/DialogMgr/DialogMgr.a	1964	GetRect	label
00414f60	GetRect	exact	Toolbox/WindowMgr/StandardWDEF.a	2077	GetRect	label
00414f92	HideDItem	exact	Make/VectorTable.a	806	HIDEDITEM	vatrap
00414f92	HideDItem	exact	Toolbox/DialogMgr/DialogMgr.a	1995	HideDItem	label
00414fb4	HIExit	exact	Toolbox/DialogMgr/DialogMgr.a	2008	HIExit	label
00414fbe	HideIt	exact	Toolbox/DialogMgr/DialogMgr.a	2014	HideIt	label
00414fcc	NotEText	exact	Toolbox/DialogMgr/DialogMgr.a	2023	NotEText	label
00414ff0	ShowDItem	exact	Make/VectorTable.a	807	SHOWDITEM	vatrap
00414ff0	ShowDItem	exact	Toolbox/DialogMgr/DialogMgr.a	2055	ShowDItem	label
00415064	FindDItem	exact	Libs/InterfaceSrcs/DIALOGS.a	171	findditem	move.l
00415064	FindDItem	exact	Make/VectorTable.a	808	FINDDITEM	vatrap
00415064	FindDItem	exact	Make/VectorTable.a	5967	findditem	vnovector
00415064	FindDItem	exact	Toolbox/DialogMgr/DialogMgr.a	2129	FindDItem	label
00415098	ScanAD	exact	Toolbox/DialogMgr/DialogMgr.a	2187	ScanAD	label
0041509e	ItemLoop	exact	Toolbox/DialogMgr/DialogMgr.a	2194	ItemLoop	label
004150aa	GetHT	exact	Toolbox/DialogMgr/DialogMgr.a	2205	GetHT	label
004150b2	GotItem	exact	Toolbox/DialogMgr/DialogMgr.a	2210	GotItem	label
004150b2	GotItem	exact	Toolbox/MenuMgr/MenuMgr.a	3263	GOTITEM	tst.b
004150b2	GotItem	exact	Toolbox/MenuMgr/StandardMBDF.a	2398	GotItem	label
004150b2	GotItem	exact	Toolbox/MenuMgr/StandardMDEF.a	2456	GOTITEM	tst.b
004150fe	GetIcon	exact	Make/VectorTable.a	504	GETICON	vatrap
004150fe	GetIcon	exact	Toolbox/GetMgr/GetMgr.a	153	GetIcon	label
00415106	GetPicture	exact	Make/VectorTable.a	505	GETPICTURE	vatrap
00415106	GetPicture	exact	Toolbox/GetMgr/GetMgr.a	163	GetPicture	label
0041510c	GetCommon	exact	Toolbox/GetMgr/GetMgr.a	114	GetCommon	label
0041513a	InitItem	exact	Toolbox/DialogMgr/DialogMgr.a	2228	InitItem	label
0041513a	InitItem	exact	Toolbox/MenuMgr/MenuMgr.a	4136	INITITEM	proc
00415140	OKInit	exact	Toolbox/DialogMgr/DialogMgr.a	2232	OKInit	label
00415154	ITextItem	exact	Toolbox/DialogMgr/DialogMgr.a	2245	ITextItem	label
00415162	IIconItem	exact	Toolbox/DialogMgr/DialogMgr.a	2254	IIconItem	label
0041516a	IPicItem	exact	Toolbox/DialogMgr/DialogMgr.a	2263	IPicItem	label
0041517c	ICtrlItem	exact	Toolbox/DialogMgr/DialogMgr.a	2270	ICtrlItem	label
0041519a	DefCtrl	exact	Toolbox/DialogMgr/DialogMgr.a	2284	DefCtrl	label
004151b4	ValidCtrl	exact	Toolbox/DialogMgr/DialogMgr.a	2296	ValidCtrl	label
004151ba	SaveItmHndl	exact	Toolbox/DialogMgr/DialogMgr.a	2325	SaveItmHndl	label
004151be	UpdateItem	exact	Toolbox/DialogMgr/DialogMgr.a	2334	UpdateItem	label
004151e4	DrawItem	exact	Toolbox/DialogMgr/DialogMgr.a	2356	DrawItem	label
004151f4	DItem	exact	Toolbox/DialogMgr/DialogMgr.a	2363	DItem	label
0041520a	DUserField	exact	Toolbox/DialogMgr/DialogMgr.a	2375	DUserField	label
00415218	NoUFDraw	exact	Toolbox/DialogMgr/DialogMgr.a	2406	NoUFDraw	label
0041521a	DIconItem	exact	Toolbox/DialogMgr/DialogMgr.a	2410	DIconItem	label
00415228	DPicItem	exact	Toolbox/DialogMgr/DialogMgr.a	2432	DPicItem	label
00415234	DCtrlItem	exact	Toolbox/DialogMgr/DialogMgr.a	2441	DCtrlItem	label
00415236	DTextItem	exact	Toolbox/DialogMgr/DialogMgr.a	2447	DTextItem	label
0041524c	tryFrame	exact	Toolbox/DialogMgr/DialogMgr.a	2466	tryFrame	label
0041525e	DTextAdios	exact	Toolbox/DialogMgr/DialogMgr.a	2476	DTextAdios	label
00415260	DoStatic	exact	Toolbox/DialogMgr/DialogMgr.a	2481	DoStatic	label
004152ea	DispItem	exact	Toolbox/DialogMgr/DialogMgr.a	2536	DispItem	label
004152f6	ClrItmHndl	exact	Toolbox/DialogMgr/DialogMgr.a	2557	ClrItmHndl	label
004152fa	RTextItem	exact	Toolbox/DialogMgr/DialogMgr.a	2563	RTextItem	label
00415304	DBActivate	exact	Toolbox/DialogMgr/DialogMgr.a	2581	DBActivate	label
00415322	deAct	exact	Toolbox/DialogMgr/DialogMgr.a	2599	deAct	label
00415324	portIt	exact	Toolbox/DialogMgr/DialogMgr.a	2602	portIt	label
0041532a	EventAD	exact	Toolbox/DialogMgr/DialogMgr.a	2627	EventAD	label
00415448	ChangeField	exact	Toolbox/DialogMgr/DialogMgr.a	2818	ChangeField	label
0041546c	noneOpen	exact	Toolbox/DialogMgr/DialogMgr.a	2836	noneOpen	label
0041547a	stillNone	exact	Toolbox/DialogMgr/DialogMgr.a	2847	stillNone	label
0041547c	SetNewEdit	exact	Toolbox/DialogMgr/DialogMgr.a	2861	SetNewEdit	label
00415482	SetItNew	exact	Toolbox/DialogMgr/DialogMgr.a	2866	SetItNew	label
004154d8	noneThere	exact	Toolbox/DialogMgr/DialogMgr.a	2848	noneThere	label
004154da	IsVisItem	exact	Toolbox/DialogMgr/DialogMgr.a	3105	IsVisItem	label
004154de	IsVisThing	exact	Toolbox/DialogMgr/DialogMgr.a	3112	IsVisThing	label
004154e4	IsVis	exact	Toolbox/DialogMgr/DialogMgr.a	3114	IsVis	label
00415508	FrameOut	exact	Make/VectorTable.a	809	FRAMEOUT	vindirect
00415508	FrameOut	exact	Toolbox/DialogMgr/DialogDispatch.a	370	FrameOut	rombind
00415508	FrameOut	exact	Toolbox/DialogMgr/DialogMgr.a	3136	FrameOut	label
0041552a	StrToHandle	exact	Toolbox/DialogMgr/DialogMgr.a	3166	StrToHandle	label
0041553a	NxtItem	exact	Toolbox/DialogMgr/DialogMgr.a	3201	NxtItem	label
00415544	GetDLItem	exact	Toolbox/DialogMgr/DialogMgr.a	3209	GetDLItem	label
0041554c	DLCommon	exact	Toolbox/DialogMgr/DialogMgr.a	3214	DLCommon	label
0041555a	GDLError	exact	Toolbox/DialogMgr/DialogMgr.a	3223	GDLError	label
0041555e	GDLLoop	exact	Toolbox/DialogMgr/DialogMgr.a	3226	GDLLoop	label
0041556c	ChkLoop	exact	Toolbox/DialogMgr/DialogMgr.a	3232	ChkLoop	label
00415574	XDLE	exact	Toolbox/DialogMgr/DialogMgr.a	3237	XDLE	label
0041557a	GetCurRect	exact	Toolbox/DialogMgr/DialogMgr.a	3242	GetCurRect	label
00415588	Munger	exact	Make/VectorTable.a	1750	MUNGER	vatrap
00415588	Munger	exact	Toolbox/Munger/Munger.a	129	Munger	label
004155aa	mungeBye	exact	Toolbox/Munger/Munger.a	145	mungeBye	label
004155b6	XMunger	exact	Make/VectorTable.a	1751	XMUNGER	vatrap
004155b6	XMunger	exact	Toolbox/Munger/Munger.a	161	XMunger	label
004155de	MungeGuts	exact	Toolbox/Munger/Munger.a	191	MungeGuts	label
004156ec	HandToHand	exact	Libs/InterfaceSrcs/ToolTraps.a	44	HandToHand	proc
004156ec	HandToHand	exact	Make/VectorTable.a	5050	HANDTOHAND	vnovector
004156ec	HandToHand	exact	ProcessMgr/Data.a	75	HANDTOHAND	ds
004156ec	HandToHand	trap_suffix	Make/VectorTable.a	1752	HANDTOHANDTRAP	vatrap
004156ec	HandToHand	trap_suffix	Toolbox/Munger/Munger.a	438	HandToHandTrap	label
004156ec	HandToHandTrap	exact	Make/VectorTable.a	1752	HANDTOHANDTRAP	vatrap
004156ec	HandToHandTrap	exact	Toolbox/Munger/Munger.a	438	HandToHandTrap	label
0041570a	PtrToXHand	exact	Libs/InterfaceSrcs/ToolTraps.a	57	PtrToXHand	proc
0041570a	PtrToXHand	trap_suffix	Make/VectorTable.a	1753	PTRTOXHANDTRAP	vatrap
0041570a	PtrToXHand	trap_suffix	Toolbox/Munger/Munger.a	464	PtrToXHandTrap	label
0041570a	PtrToXHandTrap	exact	Make/VectorTable.a	1753	PTRTOXHANDTRAP	vatrap
0041570a	PtrToXHandTrap	exact	Toolbox/Munger/Munger.a	464	PtrToXHandTrap	label
00415712	PtrToHand	exact	Libs/InterfaceSrcs/ToolTraps.a	70	PtrToHand	proc
00415712	PtrToHand	exact	Make/VectorTable.a	5412	PTRTOHAND	vnovector
00415712	PtrToHand	trap_suffix	Make/VectorTable.a	1754	PTRTOHANDTRAP	vatrap
00415712	PtrToHand	trap_suffix	Toolbox/Munger/Munger.a	469	PtrToHandTrap	label
00415712	PtrToHandTrap	exact	Make/VectorTable.a	1754	PTRTOHANDTRAP	vatrap
00415712	PtrToHandTrap	exact	Toolbox/Munger/Munger.a	469	PtrToHandTrap	label
0041572c	HandAndHand	exact	Libs/InterfaceSrcs/ToolTraps.a	84	HandAndHand	proc
0041572c	HandAndHand	trap_suffix	Make/VectorTable.a	1755	HANDANDHANDTRAP	vatrap
0041572c	HandAndHand	trap_suffix	Toolbox/Munger/Munger.a	494	HandAndHandTrap	label
0041572c	HandAndHandTrap	exact	Make/VectorTable.a	1755	HANDANDHANDTRAP	vatrap
0041572c	HandAndHandTrap	exact	Toolbox/Munger/Munger.a	494	HandAndHandTrap	label
00415750	PtrAndHand	exact	Libs/InterfaceSrcs/ToolTraps.a	96	PtrAndHand	proc
00415750	PtrAndHand	trap_suffix	Make/VectorTable.a	1756	PTRANDHANDTRAP	vatrap
00415750	PtrAndHand	trap_suffix	Toolbox/Munger/Munger.a	520	PtrAndHandTrap	label
00415750	PtrAndHandTrap	exact	Make/VectorTable.a	1756	PTRANDHANDTRAP	vatrap
00415750	PtrAndHandTrap	exact	Toolbox/Munger/Munger.a	520	PtrAndHandTrap	label
00415760	MethodDispatch	exact	Make/VectorTable.a	1757	METHODDISPATCH	vatrap
00415760	MethodDispatch	exact	Toolbox/Munger/Munger.a	542	MethodDispatch	label
004157b2	LongMul	exact	Make/VectorTable.a	1758	LONGMUL	vatrap
004157b2	LongMul	exact	Toolbox/Munger/Munger.a	716	LongMul	label
004157de	FracMul	exact	Libs/InterfaceSrcs/FixMathAsm.a	70	FracMul	label
004157de	FracMul	exact	Make/VectorTable.a	1759	FRACMUL	vatrap
004157de	FracMul	exact	Toolbox/Munger/Munger.a	740	FracMul	label
004157e6	FixMul	exact	Make/VectorTable.a	1760	FIXMUL	vatrap
004157e6	FixMul	exact	Toolbox/Munger/Munger.a	747	FixMul	label
00415854	ReSign	exact	Toolbox/Munger/Munger.a	835	reSign	label
00415880	StdEntry	exact	Toolbox/DialogMgr/DialogMgr.a	1295	StdEntry	label
00415880	StdEntry	exact	Toolbox/ListMgr/ListMgrPACK.a	209	StdEntry	label
00415880	StdEntry	exact	Toolbox/Munger/Munger.a	870	StdEntry	label
00415880	StdEntry	exact	Toolbox/ResourceMgr/ResourceMgr.a	4030	StdEntry	label
00415880	StdEntry	exact	Toolbox/ScrapMgr/ScrapMgr.a	223	StdEntry	label
00415880	StdEntry	exact	Toolbox/TextEdit/StyledTextEdit.a	3357	StdEntry	label
00415880	StdEntry	exact	Toolbox/TextEdit/TextEdit.a	7892	StdEntry	label
0041588c	FixArgs	exact	Toolbox/Munger/Munger.a	882	fixArgs	label
004158a4	FixOver	exact	Toolbox/Munger/Munger.a	902	fixOver	label
004158b0	FracDiv	exact	Libs/InterfaceSrcs/FixMathAsm.a	73	FracDiv	label
004158b0	FracDiv	exact	Make/VectorTable.a	1761	FRACDIV	vatrap
004158b0	FracDiv	exact	Toolbox/Munger/Munger.a	927	FracDiv	label
004158b6	FixDiv	exact	Libs/InterfaceSrcs/FixMathAsm.a	76	FixDiv	label
004158b6	FixDiv	exact	Make/VectorTable.a	1762	FIXDIV	vatrap
004158b6	FixDiv	exact	Toolbox/Munger/Munger.a	931	FixDiv	label
00415900	FracSqrt	exact	Libs/InterfaceSrcs/FixMathAsm.a	79	FracSqrt	label
00415900	FracSqrt	exact	Make/VectorTable.a	1763	FRACSQRT	vatrap
00415900	FracSqrt	exact	Toolbox/Munger/Munger.a	1032	FracSqrt	label
0041593a	FixRatio	exact	Make/VectorTable.a	1764	FIXRATIO	vatrap
0041593a	FixRatio	exact	Toolbox/Munger/Munger.a	1087	FixRatio	label
00415974	LoWord	exact	Make/VectorTable.a	1765	LOWORD	vatrap
00415974	LoWord	exact	Toolbox/Munger/Munger.a	1136	LOWORD	label
0041597c	HiWord	exact	Make/VectorTable.a	1766	HIWORD	vatrap
0041597c	HiWord	exact	Toolbox/Munger/Munger.a	1152	HIWORD	label
00415986	FixRound	exact	Make/VectorTable.a	1767	FIXROUND	vatrap
00415986	FixRound	exact	Toolbox/Munger/Munger.a	1175	FIXROUND	label
004159a6	FracCos	exact	Libs/InterfaceSrcs/FixMathAsm.a	82	FracCos	label
004159a6	FracCos	exact	Make/VectorTable.a	1768	FRACCOS	vatrap
004159a6	FracCos	exact	Toolbox/Munger/Munger.a	1234	FracCos	label
004159ae	FracSin	exact	Libs/InterfaceSrcs/FixMathAsm.a	85	FracSin	label
004159ae	FracSin	exact	Make/VectorTable.a	1769	FRACSIN	vatrap
004159ae	FracSin	exact	Toolbox/Munger/Munger.a	1239	FracSin	label
00415a3a	sn0	exact	Toolbox/Munger/Munger.a	1315	sn0	dc.l
00415a3e	sn1	exact	Toolbox/Munger/Munger.a	1316	sn1	dc.l
00415a42	sn2	exact	Toolbox/Munger/Munger.a	1317	sn2	dc.l
00415a46	cs0	exact	Toolbox/Munger/Munger.a	1319	cs0	dc.l
00415a4a	cs1	exact	Toolbox/Munger/Munger.a	1320	cs1	dc.l
00415a4e	cs2	exact	Toolbox/Munger/Munger.a	1321	cs2	dc.l
00415a52	cs3	exact	Toolbox/Munger/Munger.a	1322	cs3	dc.l
00415a56	FixATan2	exact	Make/VectorTable.a	1770	FIXATAN2	vatrap
00415a56	FixATan2	exact	Toolbox/Munger/Munger.a	1339	FixATan2	label
00415b18	Fix2X	exact	Make/VectorTable.a	1771	FIX2X	vatrap
00415b18	Fix2X	exact	Toolbox/Munger/Munger.a	1446	Fix2X	label
00415b1e	Frac2X	exact	Make/VectorTable.a	1772	FRAC2X	vatrap
00415b1e	Frac2X	exact	Toolbox/Munger/Munger.a	1449	Frac2X	label
00415b4a	X2Fix	exact	Make/VectorTable.a	1773	X2FIX	vatrap
00415b4a	X2Fix	exact	Toolbox/Munger/Munger.a	1482	X2Fix	label
00415b50	X2Frac	exact	Make/VectorTable.a	1774	X2FRAC	vatrap
00415b50	X2Frac	exact	Toolbox/Munger/Munger.a	1485	X2Frac	label
00415b92	FinX2F	exact	Toolbox/Munger/Munger.a	1516	FinX2F	move.l
00415b9e	MaxE2	exact	Toolbox/Munger/Munger.a	1524	MaxE2	bpl.s
00415bac	Fix2Long	exact	Make/VectorTable.a	1775	FIX2LONG	vatrap
00415bac	Fix2Long	exact	Toolbox/Munger/Munger.a	1543	Fix2Long	label
00415bb0	Frac2Fix	exact	Make/VectorTable.a	1776	FRAC2FIX	vatrap
00415bb0	Frac2Fix	exact	Toolbox/Munger/Munger.a	1547	Frac2Fix	label
00415bcc	Long2Fix	exact	Make/VectorTable.a	1777	LONG2FIX	vatrap
00415bcc	Long2Fix	exact	Toolbox/Munger/Munger.a	1564	Long2Fix	label
00415bd0	Fix2Frac	exact	Make/VectorTable.a	1778	FIX2FRAC	vatrap
00415bd0	Fix2Frac	exact	Toolbox/Munger/Munger.a	1568	Fix2Frac	label
00415be0	SystemEvent	exact	Make/VectorTable.a	493	SYSTEMEVENT	vatrap
00415be0	SystemEvent	exact	ProcessMgr/Data.a	123	SYSTEMEVENT	ds
00415be0	SystemEvent	exact	Toolbox/DeskMgr/DeskMgr.a	148	SystemEvent	label
00415c04	EvtDTable	exact	Toolbox/DeskMgr/DeskMgr.a	174	EvtDTable	label
00415c1c	DoneSysEvt	exact	Toolbox/DeskMgr/DeskMgr.a	194	DoneSysEvt	label
00415c20	DoneSEvt	exact	Toolbox/DeskMgr/DeskMgr.a	196	DoneSEvt	label
00415c28	IfTopWants	exact	Toolbox/DeskMgr/DeskMgr.a	207	IfTopWants	label
00415c40	SearchWindow	exact	Toolbox/DeskMgr/DeskMgr.a	236	SearchWindow	label
00415c40	SearchWindow	exact	Toolbox/DeskMgr/DeskMgrPatches.a	27	SearchWindow	rombind
00415c58	noGoodSearch	exact	Toolbox/DeskMgr/DeskMgr.a	246	noGoodSearch	label
00415c5c	SendDrvrMsg	exact	Toolbox/DeskMgr/DeskMgr.a	254	SendDrvrMsg	label
00415c5e	SendDCommon	exact	Toolbox/DeskMgr/DeskMgr.a	257	SendDCommon	label
00415c78	SendRunMsg	exact	Toolbox/DeskMgr/DeskMgr.a	272	SendRunMsg	label
00415c7c	SysUpdate	exact	Toolbox/DeskMgr/DeskMgr.a	280	SysUpdate	label
00415c88	DiskHandler	exact	Toolbox/DeskMgr/DeskMgr.a	295	DiskHandler	tst.w
00415ca0	SystemClick	exact	Make/VectorTable.a	494	SYSTEMCLICK	vatrap
00415ca0	SystemClick	exact	ProcessMgr/Data.a	122	SYSTEMCLICK	ds
00415ca0	SystemClick	exact	Toolbox/DeskMgr/DeskMgr.a	473	SystemClick	label
00415d06	DoneSClick	exact	Toolbox/DeskMgr/DeskMgr.a	549	DoneSClick	label
00415d06	DoneSClick	exact	Toolbox/DeskMgr/DeskMgrPatches.a	28	DoneSClick	rombind
00415d12	CheckDeskHook	exact	Toolbox/DeskMgr/DeskMgr.a	560	CheckDeskHook	label
00415d12	CheckDeskHook	exact	Toolbox/DeskMgr/DeskMgrPatches.a	26	CheckDeskHook	rombind
00415d34	NotFrontMost	exact	Toolbox/DeskMgr/DeskMgr.a	582	NotFrontMost	label
00415d3a	DragClick	exact	Toolbox/DeskMgr/DeskMgr.a	592	DragClick	label
00415d4c	GoAwayClick	exact	Toolbox/DeskMgr/DeskMgr.a	606	GoAwayClick	label
00415d6c	DoCloseHook	exact	ProcessMgr/DAHandler.a	55	DoCloseHook	label
00415d6c	DoCloseHook	exact	Toolbox/DeskMgr/DeskMgr.a	634	DoCloseHook	label
00415d72	SystemTask	exact	Make/VectorTable.a	495	SYSTEMTASK	vatrap
00415d72	SystemTask	exact	ProcessMgr/Data.a	125	SYSTEMTASK	ds
00415d72	SystemTask	exact	Toolbox/DeskMgr/DeskMgr.a	651	SystemTask	label
00415da4	NotSWindow	exact	Toolbox/DeskMgr/DeskMgr.a	702	NotSWindow	label
00415dac	SysTLoop	exact	Toolbox/DeskMgr/DeskMgr.a	709	SysTLoop	label
00415dda	DoItNow	exact	Toolbox/DeskMgr/DeskMgr.a	739	DoItNow	label
00415dde	NextTSys	exact	Toolbox/DeskMgr/DeskMgr.a	744	NextTSys	label
00415de8	TaskDone	exact	Toolbox/DeskMgr/DeskMgr.a	749	TaskDone	movem.l
00415dee	SystemMenu	exact	Make/VectorTable.a	496	SYSTEMMENU	vatrap
00415dee	SystemMenu	exact	ProcessMgr/Data.a	124	SYSTEMMENU	ds
00415dee	SystemMenu	exact	Toolbox/DeskMgr/DeskMgr.a	757	SystemMenu	label
00415e08	SMLoop	exact	Toolbox/DeskMgr/DeskMgr.a	823	SMLoop	label
00415e2a	NextSM	exact	Toolbox/DeskMgr/DeskMgr.a	845	NextSM	label
00415e2e	DoneSM	exact	Toolbox/DeskMgr/DeskMgr.a	848	DoneSM	label
00415e36	SysEdit	exact	ProcessMgr/Data.a	120	SYSEDIT	ds
00415e36	SystemEdit	exact	Make/VectorTable.a	497	SYSTEMEDIT	vatrap
00415e36	SystemEdit	exact	Toolbox/DeskMgr/DeskMgr.a	861	SystemEdit	label
00415e60	DoneSEdit	exact	Toolbox/DeskMgr/DeskMgr.a	884	DoneSEdit	label
00415e64	OpenDeskAcc	exact	Libs/InterfaceSrcs/DESK.a	14	opendeskacc	proc
00415e64	OpenDeskAcc	exact	Make/VectorTable.a	498	OPENDESKACC	vatrap
00415e64	OpenDeskAcc	exact	Make/VectorTable.a	5960	opendeskacc	vnovector
00415e64	OpenDeskAcc	exact	ProcessMgr/Data.a	105	OPENDESKACC	ds
00415e64	OpenDeskAcc	exact	Toolbox/DeskMgr/DeskMgr.a	893	OpenDeskAcc	label
00415eaa	DoneOpenDAcc	exact	Toolbox/DeskMgr/DeskMgr.a	928	DoneOpenDAcc	label
00415eb2	CloseDeskAcc	exact	Make/VectorTable.a	499	CLOSEDESKACC	vatrap
00415eb2	CloseDeskAcc	exact	Toolbox/DeskMgr/DeskMgr.a	936	CloseDeskAcc	label
00415ec6	TwoByteExit	exact	Toolbox/DeskMgr/DeskMgr.a	943	TwoByteExit	label
00415ecc	GetPattern	exact	Make/VectorTable.a	501	GETPATTERN	vatrap
00415ecc	GetPattern	exact	Toolbox/GetMgr/GetMgr.a	111	GetPattern	label
00415ed2	GetCommon	exact	Toolbox/GetMgr/GetMgr.a	114	GetCommon	label
00415ee6	GetCursor	exact	Make/VectorTable.a	502	GETCURSOR	vatrap
00415ee6	GetCursor	exact	Toolbox/GetMgr/GetMgr.a	132	GetCursor	label
00415eee	GetString	exact	Make/VectorTable.a	503	GETSTRING	vatrap
00415eee	GetString	exact	Toolbox/GetMgr/GetMgr.a	143	GetString	label
00415ef6	GetIcon	exact	Make/VectorTable.a	504	GETICON	vatrap
00415ef6	GetIcon	exact	Toolbox/GetMgr/GetMgr.a	153	GetIcon	label
00415efe	GetPicture	exact	Make/VectorTable.a	505	GETPICTURE	vatrap
00415efe	GetPicture	exact	Toolbox/GetMgr/GetMgr.a	163	GetPicture	label
00415f06	GetNewWindow	exact	Make/VectorTable.a	507	GETNEWWINDOW	vatrap
00415f06	GetNewWindow	exact	Toolbox/GetMgr/GetMgr.a	188	GetNewWindow	link
00415f50	NoGetNew1	exact	Toolbox/GetMgr/GetMgr.a	345	NoGetNew1	label
00415f5c	GetNewControl	exact	Make/VectorTable.a	508	GETNEWCONTROL	vatrap
00415f5c	GetNewControl	exact	Toolbox/GetMgr/GetMgr.a	359	GetNewControl	label
00415fa2	NoNew2	exact	Toolbox/GetMgr/GetMgr.a	426	NoNew2	label
00415fac	GetMenu	exact	Make/VectorTable.a	509	GETMENU	vatrap
00415fac	GetMenu	exact	Toolbox/GetMgr/GetMgr.a	454	GetMenu	label
00415fde	LoadMenu	exact	Toolbox/GetMgr/GetMgr.a	484	LoadMenu	label
00415fe4	LoadMDEF	exact	Toolbox/GetMgr/GetMgr.a	491	LoadMDEF	label
00416004	GetMDone	exact	Toolbox/GetMgr/GetMgr.a	534	GetMDone	label
00416010	DoTheGet	exact	Toolbox/GetMgr/GetMgr.a	548	DoTheGet	label
0041602a	GetNewMBar	exact	Make/VectorTable.a	510	GETNEWMBAR	vatrap
0041602a	GetNewMBar	exact	Toolbox/GetMgr/GetMgr.a	565	GetNewMBar	label
00416052	GetMBLoop	exact	Toolbox/GetMgr/GetMgr.a	587	GetMBLoop	label
0041607a	DoneGetMBar	exact	Toolbox/GetMgr/GetMgr.a	614	DoneGetMBar	label
0041608e	TEGetText	exact	Make/VectorTable.a	4006	TEGETTEXT	vatrap
0041608e	TEGetText	exact	Toolbox/TextEdit/StyledTextEdit.a	569	TEGetText	label
0041608e	TEGetText	exact	Toolbox/TextEdit/TextEdit.a	1487	TEGetText	label
0041609a	TEInit	exact	Make/VectorTable.a	4005	TEINIT	vatrap
0041609a	TEInit	exact	Toolbox/TextEdit/StyledTextEdit.a	581	TEInit	label
0041609a	TEInit	exact	Toolbox/TextEdit/TextEdit.a	1381	TEInit	label
004160c0	TEDispose	exact	Make/VectorTable.a	4007	TEDISPOSE	vatrap
004160c0	TEDispose	exact	Toolbox/TextEdit/StyledTextEdit.a	619	TEDispose	label
004160c0	TEDispose	exact	Toolbox/TextEdit/TextEdit.a	1501	TEDispose	label
004160de	TextBox	exact	Make/VectorTable.a	4008	TEXTBOX	vatrap
004160de	TextBox	exact	Toolbox/TextEdit/StyledTextEdit.a	692	TextBox	label
004160de	TextBox	exact	Toolbox/TextEdit/TextEdit.a	1584	TextBox	label
00416112	NoZeroScan	exact	Toolbox/TextEdit/StyledTextEdit.a	722	NoZeroScan	subq
00416112	NoZeroScan	exact	Toolbox/TextEdit/TextEdit.a	1616	NoZeroScan	label
00416180	tbExit	exact	OS/HFS/Cache.a	960	tbExit	label
00416180	tbExit	exact	OS/HFS/Cache/DiskCache.a	1144	tbExit	label
00416180	tbExit	exact	Toolbox/TextEdit/StyledTextEdit.a	774	tbExit	label
00416180	tbExit	exact	Toolbox/TextEdit/TextEdit.a	1744	tbExit	label
00416182	useRealOne	exact	Toolbox/TextEdit/StyledTextEdit.a	779	UseRealOne	label
00416182	useRealOne	exact	Toolbox/TextEdit/TextEdit.a	1749	UseRealOne	label
004161b2	noTextBox	exact	Toolbox/TextEdit/StyledTextEdit.a	805	noTextBox	label
004161b2	noTextBox	exact	Toolbox/TextEdit/TextEdit.a	1775	noTextBox	label
004161b8	Std2Exit	exact	Toolbox/TextEdit/StyledTextEdit.a	1114	Std2Exit	label
004161b8	Std2Exit	exact	Toolbox/TextEdit/TextEdit.a	2158	Std2Exit	label
004161bc	TESetText	exact	Make/VectorTable.a	4009	TESETTEXT	vatrap
004161bc	TESetText	exact	Toolbox/TextEdit/StyledTextEdit.a	822	TESetText	label
004161bc	TESetText	exact	Toolbox/TextEdit/TextEdit.a	1792	TESetText	label
004161e2	go12	exact	Toolbox/TextEdit/StyledTextEdit.a	846	go12	label
004161e2	go12	exact	Toolbox/TextEdit/TextEdit.a	1816	go12	label
004161e6	CalText	exact	Toolbox/TextEdit/StyledTextEdit.a	1032	CalText	label
004161e6	CalText	exact	Toolbox/TextEdit/TextEdit.a	2075	CalText	label
00416200	TECalText	exact	Make/VectorTable.a	4010	TECALTEXT	vatrap
00416200	TECalText	exact	Toolbox/TextEdit/StyledTextEdit.a	1049	TECalText	label
00416200	TECalText	exact	Toolbox/TextEdit/TextEdit.a	2092	TECalText	label
00416206	epilog4	exact	Toolbox/TextEdit/StyledTextEdit.a	1053	epilog4	label
00416206	epilog4	exact	Toolbox/TextEdit/TextEdit.a	2096	epilog4	label
00416208	StdExit	exact	Make/VectorTable.a	3411	STDEXIT	vindirect
00416208	StdExit	exact	OS/CrsrDev.a	158	stdExit	movem.l
00416208	StdExit	exact	OS/Gestalt/GestaltExtensions.a	406	stdExit	move.l
00416208	StdExit	exact	OS/Gestalt/GestaltFunction.a	1461	stdExit	move.l
00416208	StdExit	exact	OS/SCSIMgr/SCSIMgr96.a	154	StdExit	label
00416208	StdExit	exact	OS/SCSIMgr/SCSIMgr96BIOS.a	100	StdExit	label
00416208	StdExit	exact	OS/SCSIMgr/SCSIMgrPSC.a	154	StdExit	label
00416208	StdExit	exact	OS/SCSIMgr4pt3/XPTSCSIXlate.a	73	StdExit	label
00416208	StdExit	exact	Toolbox/CommToolbox/CommToolboxStartup/CommToolboxPatches.a	298	stdExit	label
00416208	StdExit	exact	Toolbox/DialogMgr/DialogMgr.a	1305	StdExit	label
00416208	StdExit	exact	Toolbox/InSANE/FPHWNonArith.a	1694	STDEXIT	lea
00416208	StdExit	exact	Toolbox/ListMgr/ListMgrPACK.a	237	StdExit	label
00416208	StdExit	exact	Toolbox/ResourceMgr/ResourceMgr.a	4273	StdExit	label
00416208	StdExit	exact	Toolbox/ScrapMgr/ScrapMgr.a	308	StdExit	label
00416208	StdExit	exact	Toolbox/ScriptMgr/ScriptMgrExtensions.a	1547	StdExit	label
00416208	StdExit	exact	Toolbox/ScriptMgr/ScriptMgrUtil.a	170	StdExit	label
00416208	StdExit	exact	Toolbox/TextEdit/StyledTextEdit.a	1061	StdExit	label
00416208	StdExit	exact	Toolbox/TextEdit/TextEdit.a	2107	StdExit	label
0041622e	Std2Exit	exact	Toolbox/TextEdit/StyledTextEdit.a	1114	Std2Exit	label
0041622e	Std2Exit	exact	Toolbox/TextEdit/TextEdit.a	2158	Std2Exit	label
0041623a	TESetSelect	exact	Make/VectorTable.a	4011	TESETSELECT	vatrap
0041623a	TESetSelect	exact	Toolbox/TextEdit/StyledTextEdit.a	1130	TESetSelect	label
0041623a	TESetSelect	exact	Toolbox/TextEdit/TextEdit.a	2174	TESetSelect	label
00416266	TENew	exact	Make/VectorTable.a	4012	TENEW	vatrap
00416266	TENew	exact	Toolbox/TextEdit/StyledTextEdit.a	1154	TENew	label
00416266	TENew	exact	Toolbox/TextEdit/TextEdit.a	2223	TENew	label
004162e0	TEUpdate	exact	Make/VectorTable.a	4014	TEUPDATE	vatrap
004162e0	TEUpdate	exact	Toolbox/TextEdit/StyledTextEdit.a	1466	TEUpdate	label
004162e0	TEUpdate	exact	Toolbox/TextEdit/TextEdit.a	2561	TEUpdate	label
004162ee	ClickExpand	exact	Toolbox/TextEdit/StyledTextEdit.a	1487	ClickExpand	label
004162ee	ClickExpand	exact	Toolbox/TextEdit/TextEdit.a	2623	ClickExpand	label
004162fa	byebye	exact	Toolbox/TextEdit/StyledTextEdit.a	1493	byebye	label
004162fa	byebye	exact	Toolbox/TextEdit/TextEdit.a	2629	byebye	label
004162fc	HiLite	exact	Toolbox/StandardFile/StandardFileLDEF.a	159	Hilite	label
004162fc	HiLite	exact	Toolbox/TextEdit/StyledTextEdit.a	1505	HiLite	label
004162fc	HiLite	exact	Toolbox/TextEdit/TextEdit.a	2642	HiLite	label
0041630e	TEClick	exact	Libs/InterfaceSrcs/TEXTEDIT.a	21	teclick	proc
0041630e	TEClick	exact	Make/VectorTable.a	4015	TECLICK	vatrap
0041630e	TEClick	exact	Make/VectorTable.a	6033	teclick	vnovector
0041630e	TEClick	exact	Toolbox/TextEdit/StyledTextEdit.a	1531	TEClick	label
0041630e	TEClick	exact	Toolbox/TextEdit/TextEdit.a	2669	TEClick	label
00416380	waitLoop	exact	OS/HFS/Extensions/BTreeMgr/BTreeQueue.a	104	WaitLoop	move.w
00416380	waitLoop	exact	Toolbox/TextEdit/StyledTextEdit.a	1595	waitLoop	label
00416380	waitLoop	exact	Toolbox/TextEdit/TextEdit.a	2881	waitLoop	label
00416380	waitLoop	exact	Toolbox/TextEdit/TextEditPatchIIciROM.a	5860	waitLoop	label
004163a4	goSelect	exact	Toolbox/TextEdit/StyledTextEdit.a	1622	goSelect	label
004163a4	goSelect	exact	Toolbox/TextEdit/TextEdit.a	2914	goSelect	label
004163a4	goSelect	exact	Toolbox/TextEdit/TextEditPatchIIciROM.a	5902	goSelect	label
004163c4	notToLeft	exact	Toolbox/TextEdit/StyledTextEdit.a	1641	notToLeft	label
004163c4	notToLeft	exact	Toolbox/TextEdit/TextEdit.a	2933	notToLeft	label
004163c4	notToLeft	exact	Toolbox/TextEdit/TextEditPatchIIciROM.a	5921	notToLeft	label
004163d8	hiliteIt	exact	Toolbox/TextEdit/StyledTextEdit.a	1654	hiliteIt	label
004163d8	hiliteIt	exact	Toolbox/TextEdit/TextEdit.a	2946	hiliteIt	label
004163d8	hiliteIt	exact	Toolbox/TextEdit/TextEditPatchIIciROM.a	5934	hiliteIt	label
004163e6	keepWaiting	exact	Toolbox/TextEdit/StyledTextEdit.a	1662	keepWaiting	label
004163e6	keepWaiting	exact	Toolbox/TextEdit/TextEdit.a	2957	keepWaiting	label
004163e6	keepWaiting	exact	Toolbox/TextEdit/TextEditPatchIIciROM.a	5951	keepWaiting	label
004163ea	done1	exact	QuickDraw/Classic/SeekRgn.m.a	195	DONE1	move.l
004163ea	done1	exact	QuickDraw/Patches/QDciPatchROM.a	17407	DONE1	move.l
004163ea	done1	exact	QuickDraw/Pictures.a	1285	DONE1	move.l
004163ea	done1	exact	QuickDraw/Regions.a	1397	DONE1	movem.l
004163ea	done1	exact	QuickDraw/SeekRgn.a	175	DONE1	cmp
004163ea	done1	exact	Toolbox/TextEdit/StyledTextEdit.a	1666	done1	label
004163ea	done1	exact	Toolbox/TextEdit/TextEdit.a	2961	done1	label
004163ea	done1	exact	Toolbox/TextEdit/TextEditPatchIIciROM.a	5955	done1	label
004163f4	DoFind	exact	Make/VectorTable.a	4016	DOFIND	vindirect
004163f4	DoFind	exact	Toolbox/TextEdit/StyledTextEdit.a	1693	DoFind	label
004163f4	DoFind	exact	Toolbox/TextEdit/TextEdit.a	2990	DoFind	label
00416406	southPole	exact	Toolbox/TextEdit/StyledTextEdit.a	1706	southPole	label
00416406	southPole	exact	Toolbox/TextEdit/TextEdit.a	3003	southPole	label
0041640c	noPole	exact	Toolbox/TextEdit/StyledTextEdit.a	1709	noPole	label
0041640c	noPole	exact	Toolbox/TextEdit/TextEdit.a	3006	noPole	label
0041641c	DoSearch	exact	Make/VectorTable.a	4018	DOSEARCH	vindirect
0041641c	DoSearch	exact	Toolbox/TextEdit/StyledTextEdit.a	1849	DoSearch	label
0041641c	DoSearch	exact	Toolbox/TextEdit/TextEdit.a	3111	DoSearch	label
0041645a	hitIt	exact	Toolbox/TextEdit/StyledTextEdit.a	1947	hitIt	label
0041648e	DoDraw	exact	Make/VectorTable.a	4019	DODRAW	vindirect
0041648e	DoDraw	exact	Toolbox/ListMgr/ListMgrPACK.a	1281	DoDraw	label
0041648e	DoDraw	exact	Toolbox/TextEdit/StyledTextEdit.a	2098	DoDraw	label
0041648e	DoDraw	exact	Toolbox/TextEdit/TextEdit.a	3601	DoDraw	label
004164c2	doBye	exact	Toolbox/TextEdit/StyledTextEdit.a	2226	doBye	label
004164c2	doBye	exact	Toolbox/TextEdit/TextEdit.a	3792	doBye	label
004164c2	doBye	exact	Toolbox/TextEdit/TextEditPatchIIciROM.a	2644	doBye	label
004164c2	doBye	exact	Toolbox/TextEdit/TextEditPatchIIciROM.a	2803	doBye	label
004164ce	PrepLine	exact	Make/VectorTable.a	4021	PREPLINE	vindirect
004164ce	PrepLine	exact	Toolbox/TextEdit/StyledTextEdit.a	2380	PrepLine	label
004164ce	PrepLine	exact	Toolbox/TextEdit/TextEdit.a	3911	PrepLine	label
004164e6	Preamble	exact	Toolbox/TextEdit/StyledTextEdit.a	2405	Preamble	label
004164e6	Preamble	exact	Toolbox/TextEdit/TextEdit.a	3937	Preamble	label
0041650e	GetLine	exact	Toolbox/TextEdit/StyledTextEdit.a	2446	GetLine	label
0041650e	GetLine	exact	Toolbox/TextEdit/TextEdit.a	3978	GetLine	label
0041651e	DoText	exact	Make/VectorTable.a	4022	DOTEXT	vindirect
0041651e	DoText	exact	Toolbox/TextEdit/StyledTextEdit.a	2463	DoText	label
0041651e	DoText	exact	Toolbox/TextEdit/TextEdit.a	4001	DoText	label
00416524	XDoText	exact	Toolbox/TextEdit/StyledTextEdit.a	2466	XDoText	label
00416524	XDoText	exact	Toolbox/TextEdit/TextEdit.a	4004	XDoText	label
0041657a	DoHilite	exact	Make/VectorTable.a	4033	DOHILITE	vindirect
0041657a	DoHilite	exact	Toolbox/ListMgr/ListMgrPACK.a	1255	DoHilite	label
0041657a	DoHilite	exact	Toolbox/TextEdit/StyledTextEdit.a	2534	DoHilite	label
0041657a	DoHilite	exact	Toolbox/TextEdit/TextEdit.a	5577	DoHilite	label
0041657a	DoHilite	exact	Toolbox/WindowMgr/RoundedWDEF.a	478	DoHilite	label
0041657a	DoHilite	exact	Toolbox/WindowMgr/StandardWDEF.a	1039	DoHilite	label
004165ee	LineWidth	exact	Toolbox/TextEdit/StyledTextEdit.a	2880	LineWidth	label
004165ee	LineWidth	exact	Toolbox/TextEdit/TextEdit.a	6949	LineWidth	label
004165f4	MeasD6D7	exact	Toolbox/TextEdit/StyledTextEdit.a	2884	MeasD6D7	label
004165f4	MeasD6D7	exact	Toolbox/TextEdit/TextEdit.a	6955	MeasD6D7	label
004165fa	XTrimMeasure	exact	Make/VectorTable.a	4042	XTRIMMEASURE	vatrap
004165fa	XTrimMeasure	exact	Toolbox/TextEdit/StyledTextEdit.a	2888	XTrimMeasure	label
004165fa	XTrimMeasure	exact	Toolbox/TextEdit/TextEdit.a	6959	XTrimMeasure	label
0041661e	MeasureIt	exact	Make/VectorTable.a	4043	MEASUREIT	vindirect
0041661e	MeasureIt	exact	Toolbox/TextEdit/StyledTextEdit.a	2923	MeasureIt	label
0041661e	MeasureIt	exact	Toolbox/TextEdit/TextEdit.a	7126	MeasureIt	label
0041663e	zeroExit	exact	OS/SCSIMgr/SCSIBoot.a	315	ZeroExit	label
0041663e	zeroExit	exact	Toolbox/TextEdit/StyledTextEdit.a	2972	zeroExit	label
0041663e	zeroExit	exact	Toolbox/TextEdit/TextEdit.a	7181	zeroExit	label
0041663e	zeroExit	exact	Toolbox/TextEdit/TextEditPatchIIciROM.a	7246	zeroExit	label
0041668e	PinDisplay	exact	Toolbox/TextEdit/StyledTextEdit.a	3183	PinDisplay	label
0041668e	PinDisplay	exact	Toolbox/TextEdit/TextEdit.a	7705	PinDisplay	label
00416692	PinA0Rect	exact	Toolbox/TextEdit/StyledTextEdit.a	3185	PinA0Rect	label
00416692	PinA0Rect	exact	Toolbox/TextEdit/TextEdit.a	7707	PinA0Rect	label
004166da	PtToLine	exact	Toolbox/TextEdit/StyledTextEdit.a	3237	PtToLine	label
004166da	PtToLine	exact	Toolbox/TextEdit/TextEdit.a	7759	PtToLine	label
004166e8	InvertHook	exact	Toolbox/TextEdit/StyledTextEdit.a	3298	InvertHook	label
004166e8	InvertHook	exact	Toolbox/TextEdit/TextEdit.a	7824	InvertHook	label
004166f2	defHilite	exact	Toolbox/TextEdit/StyledTextEdit.a	3333	defHilite	label
004166f2	defHilite	exact	Toolbox/TextEdit/TextEdit.a	7857	defHilite	label
00416706	StdEntry	exact	Toolbox/DialogMgr/DialogMgr.a	1295	StdEntry	label
00416706	StdEntry	exact	Toolbox/ListMgr/ListMgrPACK.a	209	StdEntry	label
00416706	StdEntry	exact	Toolbox/Munger/Munger.a	870	StdEntry	label
00416706	StdEntry	exact	Toolbox/ResourceMgr/ResourceMgr.a	4030	StdEntry	label
00416706	StdEntry	exact	Toolbox/ScrapMgr/ScrapMgr.a	223	StdEntry	label
00416706	StdEntry	exact	Toolbox/TextEdit/StyledTextEdit.a	3357	StdEntry	label
00416706	StdEntry	exact	Toolbox/TextEdit/TextEdit.a	7892	StdEntry	label
00416778	CleanUpSel	exact	Toolbox/TextEdit/StyledTextEdit.a	3456	CleanUpSel	label
00416778	CleanUpSel	exact	Toolbox/TextEdit/TextEdit.a	7980	CleanUpSel	label
00416778	CleanUpSel	exact	Toolbox/TextEdit/TextEditPatchIIciROM.a	6095	CleanUpSel	label
004167ae	TECopy	exact	Make/VectorTable.a	4049	TECOPY	vatrap
004167ae	TECopy	exact	Toolbox/TextEdit/StyledTextEdit.a	3573	TECopy	label
004167ae	TECopy	exact	Toolbox/TextEdit/TextEdit.a	8114	TECopy	label
004167d4	TECut	exact	Make/VectorTable.a	4050	TECUT	vatrap
004167d4	TECut	exact	Toolbox/TextEdit/StyledTextEdit.a	3735	TECut	label
004167d4	TECut	exact	Toolbox/TextEdit/TextEdit.a	8280	TECut	label
004167e2	TEDelete	exact	Make/VectorTable.a	4051	TEDELETE	vatrap
004167e2	TEDelete	exact	Toolbox/TextEdit/StyledTextEdit.a	3750	TEDelete	label
004167e2	TEDelete	exact	Toolbox/TextEdit/TextEdit.a	8296	TEDelete	label
0041684e	FindWord	exact	Make/VectorTable.a	3383	FINDWORD	vindirect
0041684e	FindWord	exact	Toolbox/ScriptMgr/RomanUtil.a	559	FindWord	label
0041684e	FindWord	exact	Toolbox/TextEdit/StyledTextEdit.a	4030	FindWord	label
0041684e	FindWord	exact	Toolbox/TextEdit/TextEdit.a	8755	FindWord	label
00416854	xFindWord	exact	Make/VectorTable.a	4053	XFINDWORD	vatrap
00416854	xFindWord	exact	Toolbox/TextEdit/StyledTextEdit.a	4034	XFindWord	label
00416854	xFindWord	exact	Toolbox/TextEdit/TextEdit.a	8761	XFindWord	label
004168a2	DefWordBrk	exact	Toolbox/TextEdit/StyledTextEdit.a	4086	DefWordBrk	label
004168a2	DefWordBrk	exact	Toolbox/TextEdit/TextEdit.a	8998	DefWordBrk	label
004168c8	xFindLine	exact	Make/VectorTable.a	4054	XFINDLINE	vatrap
004168c8	xFindLine	exact	Toolbox/TextEdit/StyledTextEdit.a	4223	XFindLine	label
004168c8	xFindLine	exact	Toolbox/TextEdit/TextEdit.a	9047	XFindLine	label
0041692a	ReCalLines	exact	Toolbox/TextEdit/StyledTextEdit.a	4352	ReCalLines	label
0041692a	ReCalLines	exact	Toolbox/TextEdit/TextEdit.a	9620	ReCalLines	label
00416930	XReCalLines	exact	Make/VectorTable.a	4055	XRECALLINES	vindirect
00416930	XReCalLines	exact	Toolbox/TextEdit/StyledTextEdit.a	4355	XReCalLines	label
00416930	XReCalLines	exact	Toolbox/TextEdit/TextEdit.a	9623	XReCalLines	label
00416a10	ShowCaret	exact	Toolbox/TextEdit/StyledTextEdit.a	4874	ShowCaret	label
00416a10	ShowCaret	exact	Toolbox/TextEdit/TextEdit.a	10218	ShowCaret	label
00416a2e	ForceCaret	exact	Toolbox/TextEdit/StyledTextEdit.a	4887	ForceCaret	label
00416a2e	ForceCaret	exact	Toolbox/TextEdit/TextEdit.a	10231	ForceCaret	label
00416a30	HideCaret	exact	Make/VectorTable.a	4056	HIDECARET	vindirect
00416a30	HideCaret	exact	Toolbox/TextEdit/StyledTextEdit.a	4890	HideCaret	label
00416a30	HideCaret	exact	Toolbox/TextEdit/TextEdit.a	10234	HideCaret	label
00416a62	TEActivate	exact	Make/VectorTable.a	4057	TEACTIVATE	vatrap
00416a62	TEActivate	exact	Toolbox/TextEdit/StyledTextEdit.a	4940	TEActivate	label
00416a62	TEActivate	exact	Toolbox/TextEdit/TextEdit.a	10309	TEActivate	label
00416a84	TEDeactivate	exact	Make/VectorTable.a	4058	TEDEACTIVATE	vatrap
00416a84	TEDeactivate	exact	Toolbox/TextEdit/StyledTextEdit.a	4958	TEDeactivate	label
00416a84	TEDeactivate	exact	Toolbox/TextEdit/TextEdit.a	10338	TEDeactivate	label
00416a9a	TEIdle	exact	Make/VectorTable.a	4059	TEIDLE	vatrap
00416a9a	TEIdle	exact	Toolbox/TextEdit/StyledTextEdit.a	4975	TEIdle	label
00416a9a	TEIdle	exact	Toolbox/TextEdit/TextEdit.a	10497	TEIdle	label
00416ac2	TEPaste	exact	Make/VectorTable.a	4060	TEPASTE	vatrap
00416ac2	TEPaste	exact	Toolbox/TextEdit/StyledTextEdit.a	5006	TEPaste	label
00416ac2	TEPaste	exact	Toolbox/TextEdit/TextEdit.a	10530	TEPaste	label
00416b80	TEInsert	exact	Make/VectorTable.a	4061	TEINSERT	vatrap
00416b80	TEInsert	exact	Toolbox/TextEdit/StyledTextEdit.a	5727	TEInsert	label
00416b80	TEInsert	exact	Toolbox/TextEdit/TextEdit.a	11279	TEInsert	label
00416ba8	epilog12	exact	Toolbox/TextEdit/StyledTextEdit.a	5745	epilog12	moveq
00416ba8	epilog12	exact	Toolbox/TextEdit/TextEdit.a	11297	epilog12	moveq
00416bae	TEKey	exact	Make/VectorTable.a	4062	TEKEY	vatrap
00416bae	TEKey	exact	Toolbox/TextEdit/StyledTextEdit.a	5755	TEKey	label
00416bae	TEKey	exact	Toolbox/TextEdit/TextEdit.a	11308	TEKey	label
00416bcc	backSpace	exact	Toolbox/TextEdit/StyledTextEdit.a	5842	backSpace	label
00416bcc	backSpace	exact	Toolbox/TextEdit/TextEdit.a	11557	backSpace	label
00416bcc	backSpace	exact	Toolbox/TextEdit/TextEditPatchIIciROM.a	4561	backSpace	label
00416be2	cutit	exact	Toolbox/TextEdit/StyledTextEdit.a	5855	cutit	label
00416be2	cutit	exact	Toolbox/TextEdit/TextEdit.a	11606	cutit	label
00416be2	cutit	exact	Toolbox/TextEdit/TextEditPatchIIciROM.a	4612	cutit	label
00416be6	epilog6	exact	Toolbox/TextEdit/StyledTextEdit.a	5859	epilog6	moveq
00416be6	epilog6	exact	Toolbox/TextEdit/TextEdit.a	11735	epilog6	moveq
00416be6	epilog6	exact	Toolbox/TextEdit/TextEditPatchIIciROM.a	4745	epilog6	moveq
00416bec	TESetJust	exact	Make/VectorTable.a	4070	TESETJUST	vatrap
00416bec	TESetJust	exact	Toolbox/TextEdit/StyledTextEdit.a	5947	TESetJust	label
00416bec	TESetJust	exact	Toolbox/TextEdit/TextEdit.a	13022	TESetJust	label
00416bf6	Refresh	exact	Toolbox/TextEdit/StyledTextEdit.a	5963	Refresh	label
00416bf6	Refresh	exact	Toolbox/TextEdit/TextEdit.a	13036	Refresh	label
00416c12	TEScroll	exact	Make/VectorTable.a	4071	TESCROLL	vatrap
00416c12	TEScroll	exact	Toolbox/TextEdit/StyledTextEdit.a	5988	TEScroll	label
00416c12	TEScroll	exact	Toolbox/TextEdit/TextEdit.a	13061	TEScroll	label
00416c1e	epilog8	exact	Toolbox/TextEdit/StyledTextEdit.a	5995	epilog8	label
00416c1e	epilog8	exact	Toolbox/TextEdit/TextEdit.a	13068	epilog8	label
00416c1e	epilog8	exact	Toolbox/TextEdit/TextEditPatchIIciROM.a	5328	epilog8	label
00416c24	Scroll	exact	Toolbox/TextEdit/StyledTextEdit.a	6001	Scroll	label
00416c24	Scroll	exact	Toolbox/TextEdit/TextEdit.a	13074	Scroll	label
00416c52	handyReturn	exact	Toolbox/TextEdit/StyledTextEdit.a	6030	handyReturn	label
00416c52	handyReturn	exact	Toolbox/TextEdit/TextEdit.a	13103	handyReturn	label
00416c52	handyReturn	exact	Toolbox/TextEdit/TextEditPatchIIciROM.a	5368	handyReturn	label
00416c54	TEPinScroll	exact	Make/VectorTable.a	4072	TEPINSCROLL	vatrap
00416c54	TEPinScroll	exact	Toolbox/TextEdit/StyledTextEdit.a	6059	TEPinScroll	label
00416c54	TEPinScroll	exact	Toolbox/TextEdit/TextEdit.a	13132	TEPinScroll	label
00416c86	pinH	exact	Toolbox/TextEdit/StyledTextEdit.a	6102	pinH	label
00416c86	pinH	exact	Toolbox/TextEdit/TextEdit.a	13176	pinH	label
00416c86	pinH	exact	Toolbox/TextEdit/TextEditPatchIIciROM.a	5434	pinH	label
00416cb2	pinDone	exact	Toolbox/TextEdit/StyledTextEdit.a	6120	pinDone	label
00416cb2	pinDone	exact	Toolbox/TextEdit/TextEdit.a	13195	pinDone	label
00416cb2	pinDone	exact	Toolbox/TextEdit/TextEditPatchIIciROM.a	5452	pinDone	label
00416cc0	TESelView	exact	Make/VectorTable.a	4073	TESELVIEW	vatrap
00416cc0	TESelView	exact	Toolbox/TextEdit/StyledTextEdit.a	6141	TESelView	label
00416cc0	TESelView	exact	Toolbox/TextEdit/TextEdit.a	13214	TESelView	label
00416cca	SelView	exact	Toolbox/TextEdit/StyledTextEdit.a	6149	SelView	label
00416cca	SelView	exact	Toolbox/TextEdit/TextEdit.a	13222	SelView	label
00416d2c	TEAutoView	exact	Make/VectorTable.a	4074	TEAUTOVIEW	vatrap
00416d2c	TEAutoView	exact	Toolbox/TextEdit/StyledTextEdit.a	6213	TEAutoView	label
00416d2c	TEAutoView	exact	Toolbox/TextEdit/TextEdit.a	13295	TEAutoView	label
00416d46	DefClikProc	exact	Toolbox/TextEdit/StyledTextEdit.a	6250	DefClikProc	label
00416d46	DefClikProc	exact	Toolbox/TextEdit/TextEdit.a	13381	DefClikProc	label
00416d8e	doneAuto	exact	Toolbox/TextEdit/StyledTextEdit.a	6298	doneAuto	label
00416d8e	doneAuto	exact	Toolbox/TextEdit/TextEdit.a	13431	doneAuto	label
00416d8e	doneAuto	exact	Toolbox/TextEdit/TextEditPatchIIciROM.a	7868	doneAuto	label
00416d96	scrollDown	exact	Toolbox/TextEdit/StyledTextEdit.a	6303	scrollDown	label
00416d96	scrollDown	exact	Toolbox/TextEdit/TextEdit.a	13436	scrollDown	label
00416d96	scrollDown	exact	Toolbox/TextEdit/TextEditPatchIIciROM.a	7873	scrollDown	label
00416d98	scrollUp	exact	Toolbox/TextEdit/StyledTextEdit.a	6305	scrollUp	label
00416d98	scrollUp	exact	Toolbox/TextEdit/TextEdit.a	13438	scrollUp	label
00416d98	scrollUp	exact	Toolbox/TextEdit/TextEditPatchIIciROM.a	7875	scrollUp	label
00416d9a	scrollRight	exact	Toolbox/TextEdit/StyledTextEdit.a	6308	scrollRight	label
00416d9a	scrollRight	exact	Toolbox/TextEdit/TextEdit.a	13441	scrollRight	label
00416d9a	scrollRight	exact	Toolbox/TextEdit/TextEditPatchIIciROM.a	7878	scrollRight	label
00416d9c	scrollLeft	exact	Toolbox/TextEdit/StyledTextEdit.a	6310	scrollLeft	label
00416d9c	scrollLeft	exact	Toolbox/TextEdit/TextEdit.a	13443	scrollLeft	label
00416d9c	scrollLeft	exact	Toolbox/TextEdit/TextEditPatchIIciROM.a	7880	scrollLeft	label
00416d9e	scrollEm	exact	Toolbox/TextEdit/StyledTextEdit.a	6312	scrollEm	label
00416d9e	scrollEm	exact	Toolbox/TextEdit/TextEdit.a	13445	scrollEm	label
00416d9e	scrollEm	exact	Toolbox/TextEdit/TextEditPatchIIciROM.a	7882	scrollEm	label
00416dac	InfoScrap	exact	Make/VectorTable.a	530	INFOSCRAP	vatrap
00416dac	InfoScrap	exact	Toolbox/ScrapMgr/ScrapMgr.a	188	InfoScrap	label
00416dc2	StdEntry	exact	Toolbox/DialogMgr/DialogMgr.a	1295	StdEntry	label
00416dc2	StdEntry	exact	Toolbox/ListMgr/ListMgrPACK.a	209	StdEntry	label
00416dc2	StdEntry	exact	Toolbox/Munger/Munger.a	870	StdEntry	label
00416dc2	StdEntry	exact	Toolbox/ResourceMgr/ResourceMgr.a	4030	StdEntry	label
00416dc2	StdEntry	exact	Toolbox/ScrapMgr/ScrapMgr.a	223	StdEntry	label
00416dc2	StdEntry	exact	Toolbox/TextEdit/StyledTextEdit.a	3357	StdEntry	label
00416dc2	StdEntry	exact	Toolbox/TextEdit/TextEdit.a	7892	StdEntry	label
00416dce	StdSetup	exact	Toolbox/ScrapMgr/ScrapMgr.a	228	StdSetup	label
00416df4	StdOpen	exact	Toolbox/ScrapMgr/ScrapMgr.a	245	StdOpen	label
00416e26	UnloadScrap	exact	Make/VectorTable.a	531	UNLOADSCRAP	vatrap
00416e26	UnloadScrap	exact	Toolbox/ScrapMgr/ScrapMgr.a	279	UnloadScrap	label
00416e40	ok0Exit	exact	Toolbox/ScrapMgr/ScrapMgr.a	301	ok0Exit	label
00416e42	err0Exit	exact	Toolbox/ScrapMgr/ScrapMgr.a	303	err0Exit	label
00416e4a	StdExit	exact	Make/VectorTable.a	3411	STDEXIT	vindirect
00416e4a	StdExit	exact	OS/CrsrDev.a	158	stdExit	movem.l
00416e4a	StdExit	exact	OS/Gestalt/GestaltExtensions.a	406	stdExit	move.l
00416e4a	StdExit	exact	OS/Gestalt/GestaltFunction.a	1461	stdExit	move.l
00416e4a	StdExit	exact	OS/SCSIMgr/SCSIMgr96.a	154	StdExit	label
00416e4a	StdExit	exact	OS/SCSIMgr/SCSIMgr96BIOS.a	100	StdExit	label
00416e4a	StdExit	exact	OS/SCSIMgr/SCSIMgrPSC.a	154	StdExit	label
00416e4a	StdExit	exact	OS/SCSIMgr4pt3/XPTSCSIXlate.a	73	StdExit	label
00416e4a	StdExit	exact	Toolbox/CommToolbox/CommToolboxStartup/CommToolboxPatches.a	298	stdExit	label
00416e4a	StdExit	exact	Toolbox/DialogMgr/DialogMgr.a	1305	StdExit	label
00416e4a	StdExit	exact	Toolbox/InSANE/FPHWNonArith.a	1694	STDEXIT	lea
00416e4a	StdExit	exact	Toolbox/ListMgr/ListMgrPACK.a	237	StdExit	label
00416e4a	StdExit	exact	Toolbox/ResourceMgr/ResourceMgr.a	4273	StdExit	label
00416e4a	StdExit	exact	Toolbox/ScrapMgr/ScrapMgr.a	308	StdExit	label
00416e4a	StdExit	exact	Toolbox/ScriptMgr/ScriptMgrExtensions.a	1547	StdExit	label
00416e4a	StdExit	exact	Toolbox/ScriptMgr/ScriptMgrUtil.a	170	StdExit	label
00416e4a	StdExit	exact	Toolbox/TextEdit/StyledTextEdit.a	1061	StdExit	label
00416e4a	StdExit	exact	Toolbox/TextEdit/TextEdit.a	2107	StdExit	label
00416e56	goHome0	exact	Toolbox/ScrapMgr/ScrapMgr.a	318	goHome0	label
00416e58	goHome	exact	Libs/InterfaceSrcs/OSTraps.a	2362	goHome	rts
00416e58	goHome	exact	OS/NetBoot/NetBoot.a	235	GoHome	move.w
00416e58	goHome	exact	Patches/PatchIIROM.a	2356	goHome	jmprom
00416e58	goHome	exact	Patches/PatchIIciROM.a	949	GoHome	clr.l
00416e58	goHome	exact	Patches/PatchIIciROM.a	3006	GOHOME	label
00416e58	goHome	exact	QuickDraw/BitBlt.a	804	GOHOME	rts
00416e58	goHome	exact	QuickDraw/BitMaps.a	704	GOHOME	movem.l
00416e58	goHome	exact	QuickDraw/BitMaps.a	2050	GOHOME	move.l
00416e58	goHome	exact	QuickDraw/CheckDevicesINIT.a	972	GoHome	label
00416e58	goHome	exact	QuickDraw/Classic/BitBlt.m.a	363	GOHOME	movem.l
00416e58	goHome	exact	QuickDraw/Classic/Bitmaps.m.a	202	GOHOME	movem.l
00416e58	goHome	exact	QuickDraw/Classic/Bitmaps.m.a	555	GOHOME	move.l
00416e58	goHome	exact	QuickDraw/Classic/Bitmaps.m.a	767	GOHOME	move.l
00416e58	goHome	exact	QuickDraw/Classic/ClassicGWorld.a	381	goHome	label
00416e58	goHome	exact	QuickDraw/Classic/ClassicGWorld.a	2142	goHome	label
00416e58	goHome	exact	QuickDraw/Classic/DrawArc.m.a	875	GOHOME	move.l
00416e58	goHome	exact	QuickDraw/Classic/DrawArc.m.a	1145	GOHOME	rts
00416e58	goHome	exact	QuickDraw/Classic/DrawLine.m.a	558	GOHOME	move.l
00416e58	goHome	exact	QuickDraw/Classic/DrawText.m.a	977	GOHOME	label
00416e58	goHome	exact	QuickDraw/Classic/Pictures.m.a	314	GOHOME	movem.l
00416e58	goHome	exact	QuickDraw/Classic/Pictures.m.a	465	GOHOME	movem.l
00416e58	goHome	exact	QuickDraw/Classic/Pictures.m.a	757	GOHOME	movem.l
00416e58	goHome	exact	QuickDraw/Classic/Polygons.m.a	135	GOHOME	movem.l
00416e58	goHome	exact	QuickDraw/Classic/Polygons.m.a	544	GoHome	movem.l
00416e58	goHome	exact	QuickDraw/Classic/Polygons.m.a	1137	GoHome	move.l
00416e58	goHome	exact	QuickDraw/Classic/Polygons.m.a	1350	GoHome	movem.l
00416e58	goHome	exact	QuickDraw/Classic/PutLine.m.a	233	GOHOME	movem.l
00416e58	goHome	exact	QuickDraw/Classic/PutRgn.m.a	98	GOHOME	movem.l
00416e58	goHome	exact	QuickDraw/Classic/Rects.m.a	77	GOHOME	movem.l
00416e58	goHome	exact	QuickDraw/Classic/Rects.m.a	229	GOHOME	unlink
00416e58	goHome	exact	QuickDraw/Classic/Rects.m.a	335	GOHOME	unlink
00416e58	goHome	exact	QuickDraw/Classic/Regions.m.a	78	GOHOME	movem.l
00416e58	goHome	exact	QuickDraw/Classic/Regions.m.a	608	GOHOME	movem.l
00416e58	goHome	exact	QuickDraw/Classic/Regions.m.a	1015	GOHOME	move.l
00416e58	goHome	exact	QuickDraw/Classic/RgnBlt.m.a	542	GOHOME	move.l
00416e58	goHome	exact	QuickDraw/Classic/SortPoints.m.a	135	GOHOME	movem.l
00416e58	goHome	exact	QuickDraw/Classic/SortPoints.m.a	186	GOHOME	movem.l
00416e58	goHome	exact	QuickDraw/Classic/Stretch.m.a	522	GOHOME	move.l
00416e58	goHome	exact	QuickDraw/Classic/Text.m.a	744	GOHOME	movem.l
00416e58	goHome	exact	QuickDraw/ColorMgr.a	2638	GoHome	move.l
00416e58	goHome	exact	QuickDraw/DrawArc.a	958	GOHOME	bset
00416e58	goHome	exact	QuickDraw/DrawArc.a	1149	GOHOME	rts
00416e58	goHome	exact	QuickDraw/DrawLine.a	716	GOHOME	bset
00416e58	goHome	exact	QuickDraw/DrawText.a	5590	GOHOME	label
00416e58	goHome	exact	QuickDraw/GDevice.a	823	GOHOME	movem.l
00416e58	goHome	exact	QuickDraw/GDevice.a	1333	GoHome	movem.l
00416e58	goHome	exact	QuickDraw/GWorld.a	1352	goHome	move
00416e58	goHome	exact	QuickDraw/GWorld.a	4287	goHome	move
00416e58	goHome	exact	QuickDraw/PaletteMgr.a	461	GoHome	move.l
00416e58	goHome	exact	QuickDraw/PaletteMgr.a	536	GoHome	movem.l
00416e58	goHome	exact	QuickDraw/PaletteMgr.a	806	GoHome	tst.l
00416e58	goHome	exact	QuickDraw/PaletteMgr.a	899	GoHome	movem.l
00416e58	goHome	exact	QuickDraw/PaletteMgr.a	959	GoHome	move.l
00416e58	goHome	exact	QuickDraw/PaletteMgr.a	1111	GoHome	moveq
00416e58	goHome	exact	QuickDraw/PaletteMgr.a	1152	GoHome	rts
00416e58	goHome	exact	QuickDraw/PaletteMgr.a	1214	GoHome	movem.l
00416e58	goHome	exact	QuickDraw/PaletteMgr.a	1356	GoHome	move.l
00416e58	goHome	exact	QuickDraw/PaletteMgr.a	1402	GoHome	clr.l
00416e58	goHome	exact	QuickDraw/PaletteMgr.a	1460	GoHome	move.l
00416e58	goHome	exact	QuickDraw/PaletteMgr.a	1775	GoHome	movem.l
00416e58	goHome	exact	QuickDraw/PaletteMgr.a	1837	GoHome	move
00416e58	goHome	exact	QuickDraw/PaletteMgr.a	1894	GoHome	move.l
00416e58	goHome	exact	QuickDraw/PaletteMgr.a	2063	GoHome	movem.l
00416e58	goHome	exact	QuickDraw/PaletteMgr.a	2197	GoHome	unlk
00416e58	goHome	exact	QuickDraw/PaletteMgr.a	2292	GoHome	move.l
00416e58	goHome	exact	QuickDraw/PaletteMgr.a	2353	GoHome	unlk
00416e58	goHome	exact	QuickDraw/PaletteMgr.a	2419	GoHome	movem.l
00416e58	goHome	exact	QuickDraw/PaletteMgr.a	2535	GoHome	movem.l
00416e58	goHome	exact	QuickDraw/PaletteMgr.a	2669	GoHome	unlk
00416e58	goHome	exact	QuickDraw/PaletteMgr.a	2810	GoHome	moveq
00416e58	goHome	exact	QuickDraw/PaletteMgr.a	2973	GoHome	moveq
00416e58	goHome	exact	QuickDraw/PaletteMgr.a	3009	GoHome	moveq
00416e58	goHome	exact	QuickDraw/PaletteMgr.a	3109	GoHome	movem.l
00416e58	goHome	exact	QuickDraw/PaletteMgr.a	3248	GoHome	moveq
00416e58	goHome	exact	QuickDraw/PaletteMgr.a	3292	GoHome	moveq
00416e58	goHome	exact	QuickDraw/PaletteMgr.a	3329	GoHome	moveq
00416e58	goHome	exact	QuickDraw/PaletteMgr.a	3399	GoHome	moveq
00416e58	goHome	exact	QuickDraw/PaletteMgr.a	3473	GoHome	moveq
00416e58	goHome	exact	QuickDraw/PaletteMgr.a	3538	GoHome	moveq
00416e58	goHome	exact	QuickDraw/PaletteMgr.a	3702	GoHome	moveq
00416e58	goHome	exact	QuickDraw/PaletteMgr.a	3847	GoHome	moveq
00416e58	goHome	exact	QuickDraw/PaletteMgr.a	3878	GoHome	movem.l
00416e58	goHome	exact	QuickDraw/PaletteMgr.a	4052	GoHome	movem.l
00416e58	goHome	exact	QuickDraw/PaletteMgr.a	4265	GoHome	movem.l
00416e58	goHome	exact	QuickDraw/PaletteMgr.a	4472	goHome	rtd
00416e58	goHome	exact	QuickDraw/PaletteMgr.a	5311	GoHome	rtd
00416e58	goHome	exact	QuickDraw/PaletteMgr.a	5509	GoHome	move.l
00416e58	goHome	exact	QuickDraw/Patches/AllB&WQDPatch.a	2029	GoHome	jmprom
00416e58	goHome	exact	QuickDraw/Patches/AllB&WQDPatch.a	2240	GoHome	label
00416e58	goHome	exact	QuickDraw/Patches/DrawPicturePatch.a	322	GOHOME	movem.l
00416e58	goHome	exact	QuickDraw/Patches/DrawPicturePatch.a	331	GOHOME	jmp
00416e58	goHome	exact	QuickDraw/Patches/DrawPicturePlusSE.a	437	GOHOME	movem.l
00416e58	goHome	exact	QuickDraw/Patches/DrawPicturePortable.a	420	GOHOME	movem.l
00416e58	goHome	exact	QuickDraw/Patches/PaletteMgrPatch.a	314	GoHome	movem.l
00416e58	goHome	exact	QuickDraw/Patches/PaletteMgrPatch.a	442	GoHome	tst.l
00416e58	goHome	exact	QuickDraw/Patches/PaletteMgrPatch.a	532	GoHome	movem.l
00416e58	goHome	exact	QuickDraw/Patches/PaletteMgrPatch.a	592	GoHome	move.l
00416e58	goHome	exact	QuickDraw/Patches/PaletteMgrPatch.a	687	GoHome	moveq
00416e58	goHome	exact	QuickDraw/Patches/PaletteMgrPatch.a	751	GoHome	movem.l
00416e58	goHome	exact	QuickDraw/Patches/PaletteMgrPatch.a	780	GoHome	move.l
00416e58	goHome	exact	QuickDraw/Patches/PaletteMgrPatch.a	845	GoHome	move.l
00416e58	goHome	exact	QuickDraw/Patches/PaletteMgrPatch.a	922	GoHome	movem.l
00416e58	goHome	exact	QuickDraw/Patches/PaletteMgrPatch.a	1074	GoHome	movem.l
00416e58	goHome	exact	QuickDraw/Patches/PaletteMgrPatch.a	1184	GoHome	unlk
00416e58	goHome	exact	QuickDraw/Patches/PaletteMgrPatch.a	1233	GoHome	movem.l
00416e58	goHome	exact	QuickDraw/Patches/PaletteMgrPatch.a	1874	GoHome	moveq
00416e58	goHome	exact	QuickDraw/Patches/PaletteMgrPatch.a	1962	GoHome	move.l
00416e58	goHome	exact	QuickDraw/Patches/PaletteMgrPatch.a	2193	GoHome	move.l
00416e58	goHome	exact	QuickDraw/Patches/PaletteMgrPatch.a	2224	GoHome	unlk
00416e58	goHome	exact	QuickDraw/Patches/PaletteMgrPatch.a	2310	GoHome	unlk
00416e58	goHome	exact	QuickDraw/Patches/PaletteMgrPatch.a	2370	GoHome	unlk
00416e58	goHome	exact	QuickDraw/Patches/PaletteMgrPatch.a	2436	GoHome	movem.l
00416e58	goHome	exact	QuickDraw/Patches/PaletteMgrPatch.a	2551	GoHome	moveq
00416e58	goHome	exact	QuickDraw/Patches/PaletteMgrPatch.a	2690	GoHome	moveq
00416e58	goHome	exact	QuickDraw/Patches/PaletteMgrPatch.a	2853	GoHome	moveq
00416e58	goHome	exact	QuickDraw/Patches/PaletteMgrPatch.a	2889	GoHome	moveq
00416e58	goHome	exact	QuickDraw/Patches/PaletteMgrPatch.a	2926	GoHome	moveq
00416e58	goHome	exact	QuickDraw/Patches/PaletteMgrPatch.a	2963	GoHome	moveq
00416e58	goHome	exact	QuickDraw/Patches/PaletteMgrPatch.a	3000	GoHome	moveq
00416e58	goHome	exact	QuickDraw/Patches/PaletteMgrPatch.a	3068	GoHome	moveq
00416e58	goHome	exact	QuickDraw/Patches/PaletteMgrPatch.a	3133	GoHome	moveq
00416e58	goHome	exact	QuickDraw/Patches/PaletteMgrPatch.a	3297	GoHome	moveq
00416e58	goHome	exact	QuickDraw/Patches/PaletteMgrPatch.a	3400	GoHome	rtd
00416e58	goHome	exact	QuickDraw/Patches/PaletteMgrPatch.a	3716	GoHome	clr.l
00416e58	goHome	exact	QuickDraw/Patches/QDciPatchROM.a	618	GoHome	label
00416e58	goHome	exact	QuickDraw/Patches/QDciPatchROM.a	1236	GOHOME	rts
00416e58	goHome	exact	QuickDraw/Patches/QDciPatchROM.a	4832	GOHOME	movem.l
00416e58	goHome	exact	QuickDraw/Patches/QDciPatchROM.a	5513	GOHOME	movem.l
00416e58	goHome	exact	QuickDraw/Patches/QDciPatchROM.a	11584	GOHOME	bset
00416e58	goHome	exact	QuickDraw/Patches/QDciPatchROM.a	17450	GOHOME	movem.l
00416e58	goHome	exact	QuickDraw/Patches/QDciPatchROM.a	18553	GOHOME	jmprom
00416e58	goHome	exact	QuickDraw/Patches/QDciPatchROM.a	19050	GOHOME	jmprom
00416e58	goHome	exact	QuickDraw/Patches/QuickDrawPatches.a	670	GoHome	label
00416e58	goHome	exact	QuickDraw/Patches/QuickDrawPatches.a	849	GOHOME	jmprom
00416e58	goHome	exact	QuickDraw/Patches/QuickDrawPatches.a	2075	GOHOME	rts
00416e58	goHome	exact	QuickDraw/Patches/QuickPolysClassicPatch.a	233	GoHome	movem.l
00416e58	goHome	exact	QuickDraw/Patches/QuickPolysClassicPatch.a	826	GoHome	move.l
00416e58	goHome	exact	QuickDraw/Patches/QuickPolysClassicPatch.a	988	GoHome	movem.l
00416e58	goHome	exact	QuickDraw/Patches/QuickPolysClassicPatch.a	1047	GOHOME	movem.l
00416e58	goHome	exact	QuickDraw/Patches/QuickPolysMacIIPatch.a	188	GoHome	movem.l
00416e58	goHome	exact	QuickDraw/Patches/QuickPolysMacIIPatch.a	1013	GoHome	bset
00416e58	goHome	exact	QuickDraw/Patches/QuickPolysMacIIPatch.a	1178	GoHome	movem.l
00416e58	goHome	exact	QuickDraw/Patches/QuickPolysMacIIPatch.a	1229	GOHOME	movem.l
00416e58	goHome	exact	QuickDraw/Pictures.a	326	GOHOME	movem.l
00416e58	goHome	exact	QuickDraw/Pictures.a	848	GOHOME	movem.l
00416e58	goHome	exact	QuickDraw/Pictures.a	1329	GOHOME	movem.l
00416e58	goHome	exact	QuickDraw/Polygons.a	78	GOHOME	movem.l
00416e58	goHome	exact	QuickDraw/PutLine.a	251	GOHOME	movem.l
00416e58	goHome	exact	QuickDraw/PutRgn.a	107	GOHOME	movem.l
00416e58	goHome	exact	QuickDraw/QuickPolys.a	177	GoHome	movem.l
00416e58	goHome	exact	QuickDraw/QuickPolys.a	896	GoHome	bset
00416e58	goHome	exact	QuickDraw/QuickPolys.a	1073	GoHome	movem.l
00416e58	goHome	exact	QuickDraw/QuickPolys.a	1127	GOHOME	movem.l
00416e58	goHome	exact	QuickDraw/Rects.a	92	GOHOME	movem.l
00416e58	goHome	exact	QuickDraw/Rects.a	366	GOHOME	bset
00416e58	goHome	exact	QuickDraw/Rects.a	557	GOHOME	unlink
00416e58	goHome	exact	QuickDraw/Rects.a	673	GOHOME	unlink
00416e58	goHome	exact	QuickDraw/Rects.a	1028	GOHOME	unlink
00416e58	goHome	exact	QuickDraw/Regions.a	95	GOHOME	movem.l
00416e58	goHome	exact	QuickDraw/Regions.a	696	GOHOME	movem.l
00416e58	goHome	exact	QuickDraw/Regions.a	1101	GOHOME	move.l
00416e58	goHome	exact	QuickDraw/SortPoints.a	135	GOHOME	movem.l
00416e58	goHome	exact	QuickDraw/SortPoints.a	186	GOHOME	movem.l
00416e58	goHome	exact	QuickDraw/Stretch.a	3224	GOHOME	bset
00416e58	goHome	exact	QuickDraw/Text.a	853	GOHOME	bset
00416e58	goHome	exact	QuickDraw/Text.a	1132	GOHOME	unlink
00416e58	goHome	exact	Toolbox/Munger/Munger.a	368	goHome	label
00416e58	goHome	exact	Toolbox/ScrapMgr/ScrapMgr.a	320	goHome	label
00416e58	goHome	exact	Toolbox/TextEdit/StyledTextEdit.a	4998	goHome	label
00416e58	goHome	exact	Toolbox/TextEdit/TextEdit.a	10521	goHome	label
00416e58	goHome	exact	Toolbox/TextEdit/TextEditPatchIIciROM.a	5237	goHome	label
00416e5a	LoadScrap	exact	Make/VectorTable.a	532	LOADSCRAP	vatrap
00416e5a	LoadScrap	exact	Toolbox/ScrapMgr/ScrapMgr.a	323	LoadScrap	label
00416e76	SetupRW	exact	Toolbox/ScrapMgr/ScrapMgr.a	359	SetupRW	label
00416e78	SetupRW2	exact	Toolbox/ScrapMgr/ScrapMgr.a	361	SetupRW2	label
00416e8e	ZeroScrap	exact	Make/VectorTable.a	533	ZEROSCRAP	vatrap
00416e8e	ZeroScrap	exact	ProcessMgr/Data.a	131	ZEROSCRAP	ds
00416e8e	ZeroScrap	exact	Toolbox/ScrapMgr/ScrapMgr.a	382	ZeroScrap	label
00416eac	zeroMem	exact	Toolbox/ScrapMgr/ScrapMgr.a	400	zeroMem	label
00416eb0	zsExit	exact	Toolbox/ScrapMgr/ScrapMgr.a	403	zsExit	label
00416eb6	zeroDisk	exact	Toolbox/ScrapMgr/ScrapMgr.a	408	zeroDisk	label
00416ebe	DoGet	exact	Toolbox/ScrapMgr/ScrapMgr.a	436	DoGet	label
00416ecc	getDisk	exact	Toolbox/ScrapMgr/ScrapMgr.a	448	getDisk	label
00416eda	GetScrap	exact	Make/VectorTable.a	534	GETSCRAP	vatrap
00416eda	GetScrap	exact	ProcessMgr/Data.a	92	GETSCRAP	ds
00416eda	GetScrap	exact	Toolbox/ScrapMgr/ScrapMgr.a	457	GetScrap	label
00416ee8	readNext	exact	Toolbox/ScrapMgr/ScrapMgr.a	476	readNext	label
00416f08	notFound	exact	Toolbox/Munger/Munger.a	257	notFound	label
00416f08	notFound	exact	Toolbox/ResourceMgr/ResourceMgr.a	4005	NotFound	label
00416f08	notFound	exact	Toolbox/ScrapMgr/ScrapMgr.a	501	notFound	label
00416f08	notFound	exact	Toolbox/ScriptMgr/ScriptMgrUtilDate.a	1880	NotFound	label
00416f0c	foundIt	exact	Libs/InterfaceSrcs/piDDP.a	913	FoundIt	move.l
00416f0c	foundIt	exact	QuickDraw/ColorMgr.a	1176	FoundIt	move.l
00416f0c	foundIt	exact	QuickDraw/PaletteMgr.a	789	FoundIt	subq
00416f0c	foundIt	exact	QuickDraw/PaletteMgr.a	1892	FoundIt	and
00416f0c	foundIt	exact	QuickDraw/Patches/PaletteMgrPatch.a	425	FoundIt	subq
00416f0c	foundIt	exact	QuickDraw/Patches/PaletteMgrPatch.a	843	FoundIt	and
00416f0c	foundIt	exact	QuickDraw/Patches/PaletteMgrPatch.a	1489	FoundIt	move
00416f0c	foundIt	exact	Toolbox/ControlMgr/ButtonCDEF.a	313	FoundIt	label
00416f0c	foundIt	exact	Toolbox/ScrapMgr/ScrapMgr.a	509	foundIt	label
00416f0c	foundIt	exact	Toolbox/WindowMgr/RoundedWDEF.a	340	FoundIt	label
00416f0c	foundIt	exact	Toolbox/WindowMgr/WindowMgr.a	602	FoundIt	label
00416f2c	err12Exit	exact	Toolbox/ScrapMgr/ScrapMgr.a	529	err12Exit	label
00416f2e	err12LExit	exact	Toolbox/ScrapMgr/ScrapMgr.a	531	err12LExit	label
00416f32	go12Exit	exact	Toolbox/ScrapMgr/ScrapMgr.a	533	go12Exit	label
00416f38	FailSafe	exact	Toolbox/ScrapMgr/ScrapMgr.a	543	FailSafe	label
00416f4a	PutScrap	exact	Make/VectorTable.a	535	PUTSCRAP	vatrap
00416f4a	PutScrap	exact	ProcessMgr/Data.a	111	PUTSCRAP	ds
00416f4a	PutScrap	exact	Toolbox/ScrapMgr/ScrapMgr.a	576	PutScrap	label
00416f72	DoPut	exact	Toolbox/ScrapMgr/ScrapMgr.a	603	DoPut	label
00416f82	putDisk	exact	Toolbox/ScrapMgr/ScrapMgr.a	628	putDisk	label
00416f90	InitPack	exact	Make/VectorTable.a	516	INITPACK	vatrap
00416f90	InitPack	exact	Toolbox/PackageMgr.a	138	InitPack	label
00416fb2	InitAllPacks	exact	Make/VectorTable.a	517	INITALLPACKS	vatrap
00416fb2	InitAllPacks	exact	Toolbox/PackageMgr.a	163	InitAllPacks	label
00416fd2	FPException	exact	Toolbox/PackageMgr.a	183	FPException	label
00416fd6	GetPHand	exact	Toolbox/PackageMgr.a	194	GetPHand	label
00416fea	PackCom	exact	Toolbox/PackageMgr.a	211	PackCom	label
00417014	GoToPack	exact	Toolbox/PackageMgr.a	232	GoToPack	label
00417020	NoPack	exact	QuickDraw/BitMaps.a	556	NoPack	tst.b
00417020	NoPack	exact	QuickDraw/Classic/Bitmaps.m.a	128	NOPACK	jsr
00417020	NoPack	exact	QuickDraw/Classic/Pictures.m.a	2324	NOPACK	mulu
00417020	NoPack	exact	QuickDraw/Patches/AllB&WQDPatch.a	1326	NOPACK	label
00417020	NoPack	exact	QuickDraw/Patches/DrawPicture32Patch.a	732	NOPACK	mulu
00417020	NoPack	exact	QuickDraw/Patches/DrawPicturePatch.a	1947	NOPACK	mulu
00417020	NoPack	exact	QuickDraw/Patches/QDciPatchROM.a	4688	NoPack	tst.b
00417020	NoPack	exact	QuickDraw/getPMData.a	300	NOPACK	mulu
00417020	NoPack	exact	QuickDraw/getPMData.a	418	NOPACK	mulu
00417020	NoPack	exact	Toolbox/PackageMgr.a	242	NoPack	label
00417032	Pack0	exact	Make/VectorTable.a	518	PACK0	vatrap
00417032	Pack0	exact	Toolbox/PackageMgr.a	255	Pack0	bsr.s
00417034	Pack1	exact	Make/VectorTable.a	519	PACK1	vatrap
00417034	Pack1	exact	Toolbox/PackageMgr.a	256	Pack1	bsr.s
00417036	Pack2	exact	Make/VectorTable.a	520	PACK2	vatrap
00417036	Pack2	exact	Toolbox/PackageMgr.a	257	Pack2	bsr.s
00417038	Pack3	exact	Make/VectorTable.a	521	PACK3	vatrap
00417038	Pack3	exact	ProcessMgr/Data.a	109	PACK3	ds
00417038	Pack3	exact	Toolbox/PackageMgr.a	258	Pack3	bsr.s
0041703e	Pack6	exact	Make/VectorTable.a	522	PACK6	vatrap
0041703e	Pack6	exact	Toolbox/PackageMgr.a	261	Pack6	bsr.s
00417040	Pack7	exact	Make/VectorTable.a	523	PACK7	vatrap
00417040	Pack7	exact	Toolbox/PackageMgr.a	262	Pack7	bsr.s
00417042	Pack8	exact	Make/VectorTable.a	488	PACK8	vatrap
00417042	Pack8	exact	Toolbox/AppleEventMgr/AEPackEntry.a	28	Pack8	proc
00417044	Pack9	exact	Make/VectorTable.a	1853	PACK9	vatrap
00417044	Pack9	exact	OS/PPC/PPCBrowserPackEntry.a	28	Pack9	proc
00417046	Pack10	exact	Make/VectorTable.a	524	PACK10	vatrap
00417046	Pack10	exact	Toolbox/PackageMgr.a	265	Pack10	bsr.s
00417048	Pack11	exact	Make/VectorTable.a	491	PACK11	vatrap
00417048	Pack11	exact	Toolbox/DataPubsMgr/dpPackEntry.a	28	Pack11	proc
0041704a	Pack12	exact	Make/VectorTable.a	525	PACK12	vatrap
0041704a	Pack12	exact	Toolbox/PackageMgr.a	267	Pack12	bsr.s
0041704c	Pack13	exact	Make/VectorTable.a	490	PACK13	vatrap
0041704c	Pack13	exact	Toolbox/DataAccessMgr/DataAccessPackEntry.a	29	Pack13	proc
0041704e	Pack14	exact	Make/VectorTable.a	526	PACK14	vatrap
0041704e	Pack14	exact	Toolbox/PackageMgr.a	269	Pack14	bsr.s
00417050	Pack15	exact	Make/VectorTable.a	2443	PACK15	vatrap
00417050	Pack15	exact	QuickDraw/PictUtilities/puPackEntry.a	29	Pack15	proc
00417052	Secs2Date	exact	Libs/InterfaceSrcs/OSTraps.a	990	Secs2Date	label
00417052	Secs2Date	exact	Make/VectorTable.a	537	SECS2DATE	vatrap
00417052	Secs2Date	exact	Toolbox/SexyDate.a	31	SECS2DATE	label
00417082	SDNOTLEAP	exact	Toolbox/SexyDate.a	69	SDNOTLEAP	label
00417092	SDJANORFEB	exact	Toolbox/SexyDate.a	102	SDJANORFEB	label
004170ca	Date2Secs	exact	Libs/InterfaceSrcs/OSTraps.a	977	Date2Secs	label
004170ca	Date2Secs	exact	Make/VectorTable.a	538	DATE2SECS	vatrap
004170ca	Date2Secs	exact	Toolbox/SexyDate.a	153	DATE2SECS	label
00417110	DSNOTLEAP	exact	Toolbox/SexyDate.a	205	DSNOTLEAP	label
00417112	DSJANORFEB	exact	Toolbox/SexyDate.a	207	DSJANORFEB	label
0041712c	SCSIMgr	exact	Make/VectorTable.a	2965	SCSIMGR	vatrap
0041712c	SCSIMgr	exact	OS/SCSIMgr/SCSIMgrOld.a	205	SCSIMgr	label
00417132	SCSI	trap_suffix	Make/VectorTable.a	3188	SCSITrap	vnovector
0041717c	DoSCSIReset	exact	Make/VectorTable.a	2968	DOSCSIRESET	vindirect
0041717c	DoSCSIReset	exact	OS/SCSIMgr/SCSIMgrOld.a	283	DoSCSIReset	label
0041717c	DoSCSIReset	exact	Patches/PatchPlusROM.a	4099	DoSCSIReset	label
00417184	NoByteExit	exact	OS/SCSIMgr/SCSIMgr96.a	310	NoByteExit	label
00417184	NoByteExit	exact	OS/SCSIMgr/SCSIMgr96BIOS.a	256	NoByteExit	label
00417184	NoByteExit	exact	OS/SCSIMgr/SCSIMgrOld.a	289	NoByteExit	label
00417184	NoByteExit	exact	OS/SCSIMgr/SCSIMgrPSC.a	316	NoByteExit	label
00417184	NoByteExit	exact	OS/SCSIMgr4pt3/XPTSCSIXlate.a	158	NoByteExit	label
004171da	exec	exact	Patches/PatchPlusROM.a	4335	exec	label
004171da	exec	exact	Patches/PatchSEROM.a	1380	exec	label
00417258	SCSIComplete	exact	Libs/InterfaceSrcs/SCSITraps.a	58	SCSIComplete	func
004172b0	SCSIStdExit	exact	OS/SCSIMgr/SCSIMgrOld.a	696	SCSIStdExit	label
0041734c	SendCMD	exact	OS/IoPrimitives/PowerMgrPrimitives.a	5136	SendCmd	label
0041734c	SendCMD	exact	OS/SCSIMgr/SCSIMgrOld.a	800	SendCMD	label
00417464	GetStat	exact	OS/SCSIMgr/SCSIMgrOld.a	854	GetStat	label
0041749a	GetMsg	exact	OS/SCSIMgr/SCSIMgrOld.a	876	GetMsg	label
0041749a	GetMsg	exact	Patches/PatchPlusROM.a	4598	GetMsg	label
004174de	BusDelay	exact	OS/SCSIMgr/SCSIMgrOld.a	931	busdelay	label
004174de	BusDelay	exact	Patches/PatchPlusROM.a	4315	BusDelay	label
00417510	wfbsy	exact	OS/SCSIMgr/SCSIMgrOld.a	943	wfbsy	label
0041753a	wfnREQ	exact	OS/SCSIMgr/SCSIMgrOld.a	964	wfnREQ	label
00417550	wfREQ	exact	OS/SCSIMgr/SCSIMgrOld.a	987	wfREQ	label
00417566	CyclePhase	exact	Make/VectorTable.a	3293	CyclePhase	vnovector
00417566	CyclePhase	exact	OS/SCSIMgr/SCSIMgrOld.a	1010	CyclePhase	label
00417566	CyclePhase	exact	OS/SCSIMgr4pt3/HALc96.a	1203	CyclePhase	label
00417596	WriteFiller	exact	OS/SCSIMgr/SCSIMgrOld.a	1032	WriteFiller	label
004175a6	CycleHndshk	exact	OS/SCSIMgr/SCSIMgrOld.a	1037	CycleHndshk	label
004175c0	CycleRts	exact	OS/SCSIMgr/SCSIMgrOld.a	1048	CycleRts	label
004175c2	CheckPhase	exact	OS/SCSIMgr/SCSIMgrOld.a	1058	CheckPhase	label
004175d2	InsTime	exact	Libs/InterfaceSrcs/OSTraps.a	3660	InsTime	proc
004175e0	RmvTime	exact	Libs/InterfaceSrcs/OSTraps.a	3675	RmvTime	proc
004175fa	PrimeTime	exact	Libs/InterfaceSrcs/OSTraps.a	3690	PrimeTime	proc
00417870	PrintOpen	exact	Libs/InterfaceSrcs/PrGlue.a	411	PrintOpen	label
00417870	PrintOpen	exact	Toolbox/Printing/PrintGlue.a	454	PrintOpen	label
00417880	PrintClose	exact	Libs/InterfaceSrcs/PrGlue.a	417	PrintClose	label
00417880	PrintClose	exact	Toolbox/Printing/PrintGlue.a	460	PrintClose	label
00417d4c	InitDskTbl	exact	Drivers/Sony/Sony.a	197	InitDskTbl	label
00417d70	InitParams	exact	Drivers/Sony/Sony.a	224	InitParams	label
00417d90	DispSetUp	exact	Drivers/Sony/Sony.a	243	DispSetUp	moveq
00417d9e	DiskOpen	exact	Drivers/Sony/Sony.a	253	DiskOpen	move.l
00417ebe	TCdispose	exact	Drivers/Sony/Sony.a	607	TCdispose	clr.l
00417ee0	DiskDone	exact	Drivers/Sony/Sony.a	446	DiskDone	tst.w
00417f18	Control	exact	DeclData/DeclNet/Mace/MaceEnet.a	878	Control	label
00417f18	Control	exact	DeclData/DeclNet/Mace/PDMMaceEnet/PDMMaceEnet.a	743	Control	label
00417f18	Control	exact	DeclData/DeclNet/Sonic/SonicEnet.a	806	Control	label
00417f18	Control	exact	DeclData/DeclVideo/ATI/ATIDrvr.a	446	Control	proc
00417f18	Control	exact	Drivers/NewAge/NewAgeDrvr.a	1398	Control	label
00417f18	Control	exact	Libs/InterfaceSrcs/OSTraps.a	1414	Control	func
00417f18	Control	exact	Patches/PatchIIciROM.a	4886	Control	label
00417f18	Control	exact	Patches/PatchPlusROM.a	5773	Control	move.w
00417f18	Control	trap_suffix	Make/VectorTable.a	306	CONTROLTRAP	vatrap
00417f18	Control	trap_suffix	OS/DeviceMgr.a	1390	ControlTrap	movem.l
00417f52	ctlTCInst	exact	Drivers/Sony/Sony.a	588	ctlTCInst	tst.l
00417f72	ctlTCEnb	exact	Drivers/Sony/Sony.a	598	ctlTCEnb	tst.l
00417ff0	CtlEjtOK	exact	Drivers/Sony/Sony.a	717	CtlEjtOK	move.b
00418040	CkDrvNum	exact	Drivers/Sony/Sony.a	895	CkDrvNum	label
00418040	CkDrvNum	exact	Drivers/Sony/SonyPatches.a	82	CkDrvNum	rombind
00418070	DiskPrime	exact	Drivers/Sony/SonyRWT.a	153	DiskPrime	move.l
004182dc	ReSeek	exact	Drivers/Sony/SonyPatches.a	205	reSeek	label
004182dc	ReSeek	exact	Drivers/Sony/SonyRWT.a	578	ReSeek	move.l
004182e2	jtReSeek	exact	Drivers/Sony/SonyRWT.a	581	jtReSeek	move.b
0041834e	toDoRecal	exact	Drivers/Sony/SonyRWT.a	593	toDoRecal	bra
00418352	OnTrack	exact	Drivers/Sony/SonyRWT.a	622	OnTrack	move.b
00418358	OnTrack1	exact	Drivers/Sony/SonyRWT.a	627	OnTrack1	move.w
0041840a	OTSetUp	exact	Drivers/Sony/SonyRWT.a	722	OTSetUp	cmp.b
0041843a	OTWrite	exact	Drivers/Sony/SonyRWT.a	744	OTWrite	move.l
00418462	OTRead	exact	Drivers/Sony/SonyRWT.a	763	OTRead	bsr
00418484	GotSect	exact	Drivers/Sony/SonyRWT.a	779	GotSect	bsr
00418500	ToDskRWOff	exact	Drivers/Sony/SonyRWT.a	848	ToDskRWOff	bra
00418504	CheckRead	exact	Drivers/Sony/SonyRWT.a	850	CheckRead	cmp.b
0041850c	EmptyPD	exact	Drivers/Sony/SonyPatches.a	87	EmptyPD	rombind
0041850c	EmptyPD	exact	Drivers/Sony/SonyRWT.a	859	EmptyPD	move.l
0041853a	AdrDtaErr	exact	Drivers/Sony/SonyRWT.a	881	AdrDtaErr	bsr.s
0041855c	WrgSectAdr	exact	Drivers/Sony/SonyRWT.a	902	WrgSectAdr	move.l
0041857e	WrgSideTrk	exact	Drivers/Sony/SonyRWT.a	920	WrgSideTrk	bsr.s
00418582	DoRecal	exact	Drivers/Sony/SonyRWT.a	929	DoRecal	andi
00418582	DoRecal	exact	Toolbox/TextEdit/TextEdit.a	9714	DoRecal	label
004185a8	DrvVarOS	exact	Drivers/Sony/SonyUtil.a	194	DrvVarOS	dc.w
004185ac	GetDrive	exact	Drivers/Sony/SonyPatches.a	98	GetDrive	rombind
004185ac	GetDrive	exact	Drivers/Sony/SonyUtil.a	208	GetDrive	move.l
004185b4	GetDrv1	exact	Drivers/Sony/SonyUtil.a	211	GetDrv1	label
004185c4	AdrDisk	exact	Drivers/Sony/SonyUtil.a	244	AdrDisk	bsr.s
004185fe	AdrAndSense	exact	Drivers/Sony/SonyPatches.a	102	AdrAndSense	rombind
004185fe	AdrAndSense	exact	Drivers/Sony/SonyUtil.a	281	AdrAndSense	bsr.s
00418600	Sense	exact	Drivers/Sony/SonyUtil.a	282	Sense	label
00418600	Sense	exact	OS/SCSIMgr4pt3/HALc96PSC.a	118	SENSE	ds.b
00418618	AdrAndStrb	exact	Drivers/Sony/SonyPatches.a	101	AdrAndStrb	rombind
00418618	AdrAndStrb	exact	Drivers/Sony/SonyUtil.a	295	AdrAndStrb	bsr.s
0041861a	Pulse	exact	Drivers/Sony/SonyPatches.a	103	Pulse	rombind
0041861a	Pulse	exact	Drivers/Sony/SonyUtil.a	296	Pulse	label
00418726	Seek	exact	Drivers/Sony/SonyPatches.a	84	Seek	rombind
00418726	Seek	exact	Drivers/Sony/SonyUtil.a	328	Seek	bclr
00418726	Seek	exact	OS/HFS/TFSRFN1.a	151	Seek	label
004187d4	WakeUp	exact	Drivers/Sony/SonyUtil.a	453	WakeUp	label
004187d4	WakeUp	exact	Make/VectorTable.a	424	WAKEUP	vnovector
004187d4	WakeUp	exact	OS/PowerMgr/PowerMgr.a	3711	WakeUp	label
004187d4	WakeUp	exact	ProcessMgr/Data.a	130	WAKEUP	ds
004187dc	WakeGo	exact	Drivers/Sony/SonyUtil.a	462	WakeGo	movem.l
004187ee	WakeSetUp	exact	Drivers/Sony/SonyUtil.a	468	WakeSetUp	label
00418828	GoWakeIt	exact	Drivers/Sony/SonyUtil.a	490	GoWakeIt	movem.l
00418842	InvalTrkCache	exact	Drivers/Sony/SonyPatches.a	99	InvalTrkCache	rombind
00418842	InvalTrkCache	exact	Drivers/Sony/SonyUtil.a	649	InvalTrkCache	label
00418858	Recal	exact	Drivers/Sony/SonyUtil.a	512	Recal	move.l
0041890a	RWPowerUp	exact	Drivers/Sony/SonyPatches.a	83	RWPowerUp	rombind
0041890a	RWPowerUp	exact	Drivers/Sony/SonyUtil.a	672	RWPowerUp	move.w
00418934	DiskSelect	exact	Drivers/Sony/SonyUtil.a	730	DiskSelect	bsr
004189e4	MakeSpdTbl	exact	Drivers/Sony/SonyUtil.a	808	MakeSpdTbl	move.l
004189ea	jtMakeSpdTbl	exact	Drivers/Sony/SonyUtil.a	811	jtMakeSpdTbl	label
00418b40	SonyVBL	exact	Patches/PatchPlusROM.a	2692	SonyVBL	proc
00418bea	SetUpPoll	exact	Drivers/Sony/SonyRead.a	139	SetUpPoll	move.l
00418c04	RdAddrSetup	exact	Drivers/Sony/SonyRead.a	160	RdAddrSetup	moveq
00418c22	RdAddr	exact	Drivers/Sony/SonyRead.a	169	RdAddr	label
00418cde	RdData	exact	Drivers/Sony/SonyRead.a	331	RdData	label
00418cde	RdData	exact	Make/VectorTable.a	2784	RDDATA	vindirect
00418cde	RdData	exact	Toolbox/ResourceMgr/ResourceMgr.a	5388	RdData	label
00418cde	RdData	exact	Toolbox/ResourceMgr/ResourceMgrExtensions.a	312	RdData	rombind
00418ce8	RdData	exact	Drivers/Sony/SonyRead.a	331	RdData	label
00418ce8	RdData	exact	Make/VectorTable.a	2784	RDDATA	vindirect
00418ce8	RdData	exact	Toolbox/ResourceMgr/ResourceMgr.a	5388	RdData	label
00418ce8	RdData	exact	Toolbox/ResourceMgr/ResourceMgrExtensions.a	312	RdData	rombind
00418f2e	MarkTbl	exact	Drivers/Sony/SonyWrite.a	119	MarkTbl	dc.b
00418f36	WrData	exact	Drivers/Sony/SonyWrite.a	122	WrData	label
00418f36	WrData	exact	Make/VectorTable.a	2785	WRDATA	vindirect
00418f36	WrData	exact	Toolbox/ResourceMgr/ResourceMgr.a	5424	WrData	label
00418f36	WrData	exact	Toolbox/ResourceMgr/ResourceMgrExtensions.a	313	WrData	rombind
00418f40	jtWrData	exact	Drivers/Sony/SonyWrite.a	131	jtWrData	move.l
00419062	WrSlip	exact	Drivers/Sony/SonyWrite.a	389	WrSlip	move.b
00419086	TrailMks	exact	Drivers/Sony/SonyWrite.a	407	TrailMks	dc.b
0041908a	Nibl	exact	Drivers/Sony/SonyWrite.a	411	Nibl	label
004194ae	EmptyPD	exact	Drivers/Sony/SonyPatches.a	87	EmptyPD	rombind
004194ae	EmptyPD	exact	Drivers/Sony/SonyRWT.a	859	EmptyPD	move.l
004196b2	SendCmd	exact	OS/IoPrimitives/PowerMgrPrimitives.a	5136	SendCmd	label
004196b2	SendCmd	exact	OS/SCSIMgr/SCSIMgrOld.a	800	SendCMD	label
0041aef6	MPPOpen	exact	Libs/InterfaceSrcs/piMAIN.a	775	MPPOpen	proc
0041aef6	MPPOpen	exact	Make/VectorTable.a	5176	MPPOPEN	vnovector
0041aef6	MPPOpen	exact	OS/PowerMgr/PowerMgr.a	3990	MPPOpen	movem.l
0041b78e	ChkConfig	exact	Libs/InterfaceSrcs/OSTraps.a	3466	ChkConfig	moveq
0041b7c6	AOutOpen	exact	Patches/PatchIIROM.a	4706	AOutOpen	jmprom
0041b7c6	AOutOpen	exact	Patches/PatchIIciROM.a	5725	AOutOpen	jmprom
0041b7c6	AOutOpen	exact	Patches/PatchPlusROM.a	5315	AOutOpen	label
0041b7c6	AOutOpen	exact	Patches/PatchPortableROM.a	2822	AOutOpen	jmprom
0041b7c6	AOutOpen	exact	Patches/PatchSEROM.a	3997	AOutOpen	jmp
0041b7f4	BOutOpen	exact	Patches/PatchIIROM.a	4715	BOutOpen	jmprom
0041b7f4	BOutOpen	exact	Patches/PatchIIciROM.a	5736	BOutOpen	jmprom
0041b7f4	BOutOpen	exact	Patches/PatchPlusROM.a	5336	BOutOpen	label
0041b7f4	BOutOpen	exact	Patches/PatchPortableROM.a	2831	BOutOpen	jmprom
0041b7f4	BOutOpen	exact	Patches/PatchSEROM.a	4007	BOutOpen	move.l
0041b920	InitSCC	exact	Make/VectorTable.a	3770	INITSCC	vnovector
0041b920	InitSCC	exact	OS/StartMgr/StartInit.a	4121	InitSCC	label
0041b920	InitSCC	exact	OS/StartMgr/USTTestMgr.a	2172	InitSCC	label
0041b920	InitSCC	exact	Patches/PatchPlusROM.a	5605	InitSCC	label
0041b920	InitSCC	exact	Toolbox/ShutDownMgr/ShutDownMgr.a	1545	InitSCC	label
0041b926	InitSCC1	exact	Patches/PatchPlusROM.a	5632	InitSCC1	jmp
0041b970	AOutClose	exact	Patches/PatchIIROM.a	4707	AOutClose	jmprom
0041b970	AOutClose	exact	Patches/PatchIIciROM.a	5726	AOutClose	jmprom
0041b970	AOutClose	exact	Patches/PatchPlusROM.a	5644	AOutClose	clr.l
0041b970	AOutClose	exact	Patches/PatchPortableROM.a	2823	AOutClose	jmprom
0041b970	AOutClose	exact	Patches/PatchSEROM.a	3998	AOutClose	jmp
0041b984	BOutClose	exact	Patches/PatchIIROM.a	4719	BOutClose	label
0041b984	BOutClose	exact	Patches/PatchIIciROM.a	5737	BOutClose	jmprom
0041b984	BOutClose	exact	Patches/PatchPlusROM.a	5651	BOutClose	lea
0041b984	BOutClose	exact	Patches/PatchPortableROM.a	2835	BOutClose	label
0041b984	BOutClose	exact	Patches/PatchSEROM.a	4011	BOutClose	move.l
0041ba06	AStatus	exact	Patches/PatchIIROM.a	4711	AStatus	jmprom
0041ba06	AStatus	exact	Patches/PatchIIciROM.a	5730	AStatus	jmprom
0041ba06	AStatus	exact	Patches/PatchPlusROM.a	5725	AStatus	move.l
0041ba06	AStatus	exact	Patches/PatchPortableROM.a	2827	AStatus	jmprom
0041ba06	AStatus	exact	Patches/PatchSEROM.a	4002	AStatus	jmp
0041ba0c	BStatus	exact	Patches/PatchIIROM.a	4737	BStatus	label
0041ba0c	BStatus	exact	Patches/PatchIIciROM.a	5741	BStatus	jmprom
0041ba0c	BStatus	exact	Patches/PatchPlusROM.a	5728	BStatus	label
0041ba0c	BStatus	exact	Patches/PatchPortableROM.a	2853	BStatus	label
0041ba0c	BStatus	exact	Patches/PatchSEROM.a	4031	BStatus	label
0041ba9e	CtlGood	exact	DeclData/DeclVideo/RBV/RBVDriver.a	365	CtlGood	moveq
0041ba9e	CtlGood	exact	Drivers/Video/JMFBDriver.a	1380	CtlGood	moveq
0041ba9e	CtlGood	exact	Drivers/Video/TFBDriver.a	398	CtlGood	moveq
0041ba9e	CtlGood	exact	Patches/PatchPlusROM.a	5881	CtlGood	moveq
0041baa0	CtlExit	exact	Patches/PatchPlusROM.a	5883	CtlExit	jmp
0041baf6	InstllLBuf	exact	Patches/PatchIIROM.a	4179	InstllLBuf	lea
0041baf6	InstllLBuf	exact	Patches/PatchIIciROM.a	5307	InstllLBuf	lea
0041bc02	AOutPrime	exact	Patches/PatchIIROM.a	4708	AOutPrime	jmprom
0041bc02	AOutPrime	exact	Patches/PatchIIciROM.a	5727	AOutPrime	jmprom
0041bc02	AOutPrime	exact	Patches/PatchPlusROM.a	5243	AOutPrime	jmp
0041bc02	AOutPrime	exact	Patches/PatchPortableROM.a	2824	AOutPrime	jmprom
0041bc02	AOutPrime	exact	Patches/PatchSEROM.a	3999	AOutPrime	jmp
0041bc08	BOutPrime	exact	Patches/PatchIIROM.a	4727	BOutPrime	label
0041bc08	BOutPrime	exact	Patches/PatchIIciROM.a	5738	BOutPrime	jmprom
0041bc08	BOutPrime	exact	Patches/PatchPlusROM.a	5244	BOutPrime	move.l
0041bc08	BOutPrime	exact	Patches/PatchPortableROM.a	2843	BOutPrime	label
0041bc08	BOutPrime	exact	Patches/PatchSEROM.a	4019	BOutPrime	label
0041dfa0	FPBEGIN	exact	Toolbox/SANE/FP881Ctrl.a	88	FPbegin	label
0041dfa0	FPBEGIN	exact	Toolbox/SANE/FPCtrl.a	83	FPBEGIN	label
0041dfae	OPMASKS	exact	Toolbox/SANE/FP020CTRL.a	85	OPMASKS	label
0041dfae	OPMASKS	exact	Toolbox/SANE/FPCtrl.a	130	OPMASKS	label
0041dfcc	REFP68K	exact	Toolbox/SANE/FPCtrl.a	154	REFP68K	label
0041dfd4	FPCOM	exact	Toolbox/SANE/FP020CTRL.a	109	FPCOM	label
0041dfd4	FPCOM	exact	Toolbox/SANE/FPCtrl.a	158	FPCOM	label
0041e06c	ARITHOP	exact	Toolbox/SANE/FP020CTRL.a	270	ARITHOP	label
0041e06c	ARITHOP	exact	Toolbox/SANE/FP881Ctrl.a	165	ArithOp	label
0041e06c	ARITHOP	exact	Toolbox/SANE/FPCtrl.a	325	ARITHOP	label
0041e074	ARITHTAB	exact	Toolbox/SANE/FP020CTRL.a	277	ARITHTAB	label
0041e074	ARITHTAB	exact	Toolbox/SANE/FP881Ctrl.a	168	ArithTab	label
0041e074	ARITHTAB	exact	Toolbox/SANE/FPCtrl.a	337	ARITHTAB	label
0041e092	PREPACK	exact	Toolbox/SANE/FP020CTRL.a	301	PREPACK	label
0041e092	PREPACK	exact	Toolbox/SANE/FPCtrl.a	362	PREPACK	label
0041e0a2	CHKERR	exact	ProcessMgr/Error.a	100	chkerr	bsr.s
0041e0a2	CHKERR	exact	Toolbox/SANE/FP020CTRL.a	315	CHKERR	label
0041e0a2	CHKERR	exact	Toolbox/SANE/FPCtrl.a	376	CHKERR	label
0041e0ca	PASTHALT	exact	Toolbox/SANE/FP020CTRL.a	365	PASTHALT	label
0041e0ca	PASTHALT	exact	Toolbox/SANE/FPCtrl.a	439	PASTHALT	label
0041e0f6	UNPACK	exact	OS/FPUEmulation/GetOp.a	432	unpack	label
0041e0f6	UNPACK	exact	QuickDraw/getPMData.a	368	UNPACK	label
0041e0f6	UNPACK	exact	Toolbox/SANE/FP020CTRL.a	450	UNPACK	label
0041e0f6	UNPACK	exact	Toolbox/SANE/FPCtrl.a	522	UNPACK	label
0041e106	UNPCASE	exact	Toolbox/InSANE/FPCTRL.a	454	UNPCASE	label
0041e106	UNPCASE	exact	Toolbox/SANE/FP020CTRL.a	456	UNPCASE	label
0041e106	UNPCASE	exact	Toolbox/SANE/FPCtrl.a	540	UNPCASE	label
0041e114	UNPI16	exact	Toolbox/InSANE/FPCTRL.a	467	UNPI16	label
0041e114	UNPI16	exact	Toolbox/SANE/FP020CTRL.a	468	UNPI16	label
0041e114	UNPI16	exact	Toolbox/SANE/FPCtrl.a	553	UNPI16	label
0041e11c	UNPI32	exact	Toolbox/InSANE/FPCTRL.a	479	UNPI32	label
0041e11c	UNPI32	exact	Toolbox/SANE/FP020CTRL.a	479	UNPI32	label
0041e11c	UNPI32	exact	Toolbox/SANE/FPCtrl.a	562	UNPI32	label
0041e122	UNPC64	exact	Toolbox/InSANE/FPCTRL.a	505	UNPC64	label
0041e122	UNPC64	exact	Toolbox/SANE/FP020CTRL.a	503	UNPC64	label
0041e122	UNPC64	exact	Toolbox/SANE/FPCtrl.a	570	UNPC64	label
0041e146	UNPIGEN	exact	Toolbox/InSANE/FPCTRL.a	484	UNPIGEN	label
0041e146	UNPIGEN	exact	Toolbox/SANE/FP020CTRL.a	483	UNPIGEN	label
0041e146	UNPIGEN	exact	Toolbox/SANE/FPCtrl.a	588	UNPIGEN	label
0041e14a	UNPCGEN	exact	Toolbox/SANE/FPCtrl.a	591	UNPCGEN	label
0041e232	INVALIDOP	exact	Toolbox/InSANE/FPCTRL.a	271	INVALIDOP	label
0041e232	INVALIDOP	exact	Toolbox/SANE/FP020CTRL.a	719	INVALIDOP	label
0041e232	INVALIDOP	exact	Toolbox/SANE/FPCtrl.a	780	INVALIDOP	label
0041e246	NANS	exact	Toolbox/SANE/FP020CTRL.a	729	NANS	label
0041e246	NANS	exact	Toolbox/SANE/FPCtrl.a	790	NANS	label
0041e31a	COERCE	exact	Toolbox/InSANE/FPCTRL.a	718	COERCE	label
0041e31a	COERCE	exact	Toolbox/SANE/FP020CTRL.a	989	COERCE	label
0041e31a	COERCE	exact	Toolbox/SANE/FPCtrl.a	1022	COERCE	label
0041e460	PACK	exact	QuickDraw/BitMaps.a	555	PACK	add
0041e460	PACK	exact	QuickDraw/Patches/QDciPatchROM.a	4687	PACK	add
0041e460	PACK	exact	Toolbox/SANE/FP020CTRL.a	1236	PACK	label
0041e460	PACK	exact	Toolbox/SANE/FPCtrl.a	1307	PACK	label
0041e594	ZEROSUM	exact	Toolbox/InSANE/FPOPS.a	432	ZEROSUM	label
0041e594	ZEROSUM	exact	Toolbox/SANE/FP020OPS.a	400	ZEROSUM	label
0041e594	ZEROSUM	exact	Toolbox/SANE/FPOps.a	155	ZEROSUM	label
0041e5a6	ADDQ00	exact	Toolbox/InSANE/FPOPS.a	441	ADDQ00	label
0041e5a6	ADDQ00	exact	Toolbox/SANE/FP020OPS.a	408	ADDQ00	label
0041e5a6	ADDQ00	exact	Toolbox/SANE/FPOps.a	163	ADDQ00	label
0041e5a8	ADDS0	exact	Toolbox/InSANE/FPOPS.a	449	ADDS0	label
0041e5a8	ADDS0	exact	Toolbox/SANE/FP020OPS.a	416	ADDS0	label
0041e5a8	ADDS0	exact	Toolbox/SANE/FPOps.a	171	ADDS0	label
0041e5b4	ADDINF	exact	Toolbox/InSANE/FPOPS.a	461	ADDINF	label
0041e5b4	ADDINF	exact	Toolbox/SANE/FP020OPS.a	429	ADDINF	label
0041e5b4	ADDINF	exact	Toolbox/SANE/FPOps.a	184	ADDINF	label
0041e9cc	ODDBALL	exact	Toolbox/SANE/FP020OPS.a	1749	ODDBALL	label
0041e9cc	ODDBALL	exact	Toolbox/SANE/FPOps.a	1413	ODDBALL	label
